payment_id,user_id,payment_date,amount
1,10,2024-07-12,12.0
2,10,2024-08-11,12.0
3,10,2024-09-10,12.0
4,10,2024-10-10,12.0
5,10,2024-11-09,12.0
6,10,2024-12-09,12.0
7,19,2024-11-19,12.0
8,19,2024-12-19,12.0
9,24,2024-12-13,24.0
10,25,2024-11-05,12.0
11,25,2024-12-05,12.0
12,28,2024-02-02,12.0
13,32,2025-01-03,12.0
14,38,2024-07-23,12.0
15,38,2024-08-22,12.0
16,38,2024-09-21,12.0
17,38,2024-10-21,12.0
18,38,2024-11-20,12.0
19,38,2024-12-20,12.0
20,44,2024-05-21,12.0
21,44,2024-06-20,12.0
22,44,2024-07-20,12.0
23,44,2024-08-19,12.0
24,44,2024-09-18,12.0
25,44,2024-10-18,12.0
26,44,2024-11-17,12.0
27,44,2024-12-17,12.0
28,51,2024-04-07,12.0
29,51,2024-05-07,12.0
30,51,2024-06-06,12.0
31,51,2024-07-06,12.0
32,51,2024-08-05,12.0
33,51,2024-09-04,12.0
34,51,2024-10-04,12.0
35,51,2024-11-03,12.0
36,51,2024-12-03,12.0
37,53,2024-11-06,12.0
38,53,2024-12-06,12.0
39,56,2024-11-04,12.0
40,57,2024-07-17,12.0
41,57,2024-08-16,12.0
42,57,2024-09-15,12.0
43,57,2024-10-15,12.0
44,57,2024-11-14,12.0
45,57,2024-12-14,12.0
46,59,2024-03-16,24.0
47,59,2024-04-15,24.0
48,59,2024-05-15,24.0
49,59,2024-06-14,24.0
50,59,2024-07-14,24.0
51,59,2024-08-13,24.0
52,59,2024-09-12,24.0
53,59,2024-10-12,24.0
54,59,2024-11-11,24.0
55,59,2024-12-11,24.0
56,61,2024-09-29,12.0
57,61,2024-10-29,12.0
58,61,2024-11-28,12.0
59,61,2024-12-28,12.0
60,64,2024-11-01,12.0
61,64,2024-12-01,12.0
62,64,2024-12-31,12.0
63,74,2024-04-23,12.0
64,74,2024-05-23,12.0
65,74,2024-06-22,12.0
66,74,2024-07-22,12.0
67,74,2024-08-21,12.0
68,74,2024-09-20,12.0
69,74,2024-10-20,12.0
70,74,2024-11-19,12.0
71,74,2024-12-19,12.0
72,77,2024-05-16,12.0
73,93,2024-07-10,12.0
74,93,2024-08-09,12.0
75,93,2024-09-08,12.0
76,93,2024-10-08,12.0
77,93,2024-11-07,12.0
78,93,2024-12-07,12.0
79,100,2025-01-02,12.0
80,101,2024-12-17,12.0
81,111,2024-07-16,12.0
82,115,2024-03-30,12.0
83,115,2024-04-29,12.0
84,115,2024-05-29,12.0
85,115,2024-06-28,12.0
86,115,2024-07-28,12.0
87,115,2024-08-27,12.0
88,115,2024-09-26,12.0
89,115,2024-10-26,12.0
90,115,2024-11-25,12.0
91,115,2024-12-25,12.0
92,121,2024-08-30,24.0
93,121,2024-09-29,24.0
94,121,2024-10-29,24.0
95,121,2024-11-28,24.0
96,121,2024-12-28,24.0
97,127,2024-05-28,12.0
98,127,2024-06-27,12.0
99,127,2024-07-27,12.0
100,127,2024-08-26,12.0
101,127,2024-09-25,12.0
102,127,2024-10-25,12.0
103,127,2024-11-24,12.0
104,127,2024-12-24,12.0
105,133,2024-08-29,12.0
106,133,2024-09-28,12.0
107,133,2024-10-28,12.0
108,133,2024-11-27,12.0
109,133,2024-12-27,12.0
110,146,2024-05-05,12.0
111,146,2024-06-04,12.0
112,146,2024-07-04,12.0
113,146,2024-08-03,12.0
114,146,2024-09-02,12.0
115,146,2024-10-02,12.0
116,146,2024-11-01,12.0
117,146,2024-12-01,12.0
118,146,2024-12-31,12.0
119,151,2024-11-20,24.0
120,160,2024-11-02,24.0
121,160,2024-12-02,24.0
122,164,2024-02-02,12.0
123,182,2024-12-13,12.0
124,184,2024-05-24,24.0
125,193,2024-03-08,12.0
126,193,2024-04-07,12.0
127,193,2024-05-07,12.0
128,193,2024-06-06,12.0
129,193,2024-07-06,12.0
130,193,2024-08-05,12.0
131,193,2024-09-04,12.0
132,193,2024-10-04,12.0
133,193,2024-11-03,12.0
134,193,2024-12-03,12.0
135,194,2024-11-22,12.0
136,194,2024-12-22,12.0
137,214,2024-11-12,24.0
138,214,2024-12-12,24.0
139,216,2024-10-22,24.0
140,218,2024-03-07,24.0
141,218,2024-04-06,24.0
142,218,2024-05-06,24.0
143,218,2024-06-05,24.0
144,218,2024-07-05,24.0
145,218,2024-08-04,24.0
146,218,2024-09-03,24.0
147,218,2024-10-03,24.0
148,218,2024-11-02,24.0
149,218,2024-12-02,24.0
150,219,2024-12-22,12.0
151,229,2024-09-16,12.0
152,229,2024-10-16,12.0
153,229,2024-11-15,12.0
154,229,2024-12-15,12.0
155,235,2024-12-24,12.0
156,236,2024-11-13,12.0
157,239,2024-01-23,12.0
158,239,2024-02-22,12.0
159,239,2024-03-23,12.0
160,239,2024-04-22,12.0
161,239,2024-05-22,12.0
162,239,2024-06-21,12.0
163,239,2024-07-21,12.0
164,239,2024-08-20,12.0
165,239,2024-09-19,12.0
166,239,2024-10-19,12.0
167,239,2024-11-18,12.0
168,239,2024-12-18,12.0
169,243,2024-04-21,12.0
170,246,2024-12-03,12.0
171,248,2024-06-29,12.0
172,249,2024-06-16,12.0
173,260,2024-09-02,24.0
174,260,2024-10-02,24.0
175,260,2024-11-01,24.0
176,260,2024-12-01,24.0
177,260,2024-12-31,24.0
178,261,2024-03-17,12.0
179,266,2024-03-26,12.0
180,266,2024-04-25,12.0
181,266,2024-05-25,12.0
182,266,2024-06-24,12.0
183,266,2024-07-24,12.0
184,266,2024-08-23,12.0
185,266,2024-09-22,12.0
186,266,2024-10-22,12.0
187,266,2024-11-21,12.0
188,266,2024-12-21,12.0
189,268,2024-03-21,12.0
190,271,2024-02-08,12.0
191,272,2024-03-28,12.0
192,273,2024-02-06,24.0
193,273,2024-03-07,24.0
194,273,2024-04-06,24.0
195,273,2024-05-06,24.0
196,273,2024-06-05,24.0
197,273,2024-07-05,24.0
198,273,2024-08-04,24.0
199,273,2024-09-03,24.0
200,273,2024-10-03,24.0
201,273,2024-11-02,24.0
202,273,2024-12-02,24.0
203,278,2024-08-02,12.0
204,284,2024-04-28,12.0
205,284,2024-05-28,12.0
206,284,2024-06-27,12.0
207,284,2024-07-27,12.0
208,284,2024-08-26,12.0
209,284,2024-09-25,12.0
210,284,2024-10-25,12.0
211,284,2024-11-24,12.0
212,284,2024-12-24,12.0
213,287,2024-02-07,12.0
214,287,2024-03-08,12.0
215,287,2024-04-07,12.0
216,287,2024-05-07,12.0
217,287,2024-06-06,12.0
218,287,2024-07-06,12.0
219,287,2024-08-05,12.0
220,287,2024-09-04,12.0
221,287,2024-10-04,12.0
222,287,2024-11-03,12.0
223,287,2024-12-03,12.0
224,290,2024-02-27,24.0
225,290,2024-03-28,24.0
226,290,2024-04-27,24.0
227,290,2024-05-27,24.0
228,290,2024-06-26,24.0
229,290,2024-07-26,24.0
230,290,2024-08-25,24.0
231,290,2024-09-24,24.0
232,290,2024-10-24,24.0
233,290,2024-11-23,24.0
234,290,2024-12-23,24.0
235,292,2024-02-07,24.0
236,292,2024-03-08,24.0
237,292,2024-04-07,24.0
238,292,2024-05-07,24.0
239,292,2024-06-06,24.0
240,292,2024-07-06,24.0
241,292,2024-08-05,24.0
242,292,2024-09-04,24.0
243,292,2024-10-04,24.0
244,292,2024-11-03,24.0
245,292,2024-12-03,24.0
246,294,2024-02-26,12.0
247,296,2024-12-13,12.0
248,305,2024-11-29,12.0
249,305,2024-12-29,12.0
250,309,2024-05-05,24.0
251,309,2024-06-04,24.0
252,309,2024-07-04,24.0
253,309,2024-08-03,24.0
254,309,2024-09-02,24.0
255,309,2024-10-02,24.0
256,309,2024-11-01,24.0
257,309,2024-12-01,24.0
258,309,2024-12-31,24.0
259,312,2024-07-02,12.0
260,314,2024-06-13,12.0
261,314,2024-07-13,12.0
262,314,2024-08-12,12.0
263,314,2024-09-11,12.0
264,314,2024-10-11,12.0
265,314,2024-11-10,12.0
266,314,2024-12-10,12.0
267,320,2024-12-30,12.0
268,321,2024-12-18,12.0
269,324,2024-08-13,12.0
270,329,2024-09-15,24.0
271,329,2024-10-15,24.0
272,329,2024-11-14,24.0
273,329,2024-12-14,24.0
274,332,2024-04-10,12.0
275,333,2024-10-07,12.0
276,333,2024-11-06,12.0
277,333,2024-12-06,12.0
278,335,2024-03-12,12.0
279,335,2024-04-11,12.0
280,335,2024-05-11,12.0
281,335,2024-06-10,12.0
282,335,2024-07-10,12.0
283,335,2024-08-09,12.0
284,335,2024-09-08,12.0
285,335,2024-10-08,12.0
286,335,2024-11-07,12.0
287,335,2024-12-07,12.0
288,339,2024-02-22,12.0
289,339,2024-03-23,12.0
290,339,2024-04-22,12.0
291,339,2024-05-22,12.0
292,339,2024-06-21,12.0
293,339,2024-07-21,12.0
294,339,2024-08-20,12.0
295,339,2024-09-19,12.0
296,339,2024-10-19,12.0
297,339,2024-11-18,12.0
298,339,2024-12-18,12.0
299,342,2025-01-02,24.0
300,345,2024-11-06,12.0
301,345,2024-12-06,12.0
302,346,2024-11-10,24.0
303,348,2024-04-30,24.0
304,348,2024-05-30,24.0
305,348,2024-06-29,24.0
306,348,2024-07-29,24.0
307,348,2024-08-28,24.0
308,348,2024-09-27,24.0
309,348,2024-10-27,24.0
310,348,2024-11-26,24.0
311,348,2024-12-26,24.0
312,349,2024-08-31,24.0
313,349,2024-09-30,24.0
314,349,2024-10-30,24.0
315,349,2024-11-29,24.0
316,349,2024-12-29,24.0
317,356,2024-08-07,12.0
318,363,2024-03-06,24.0
319,363,2024-04-05,24.0
320,363,2024-05-05,24.0
321,363,2024-06-04,24.0
322,363,2024-07-04,24.0
323,363,2024-08-03,24.0
324,363,2024-09-02,24.0
325,363,2024-10-02,24.0
326,363,2024-11-01,24.0
327,363,2024-12-01,24.0
328,363,2024-12-31,24.0
329,365,2024-09-25,12.0
330,365,2024-10-25,12.0
331,365,2024-11-24,12.0
332,365,2024-12-24,12.0
333,382,2024-12-26,12.0
334,385,2024-06-16,12.0
335,386,2025-01-11,12.0
336,396,2024-07-13,24.0
337,396,2024-08-12,24.0
338,396,2024-09-11,24.0
339,396,2024-10-11,24.0
340,396,2024-11-10,24.0
341,396,2024-12-10,24.0
342,398,2024-05-17,12.0
343,398,2024-06-16,12.0
344,398,2024-07-16,12.0
345,398,2024-08-15,12.0
346,398,2024-09-14,12.0
347,398,2024-10-14,12.0
348,398,2024-11-13,12.0
349,398,2024-12-13,12.0
350,400,2024-07-11,24.0
351,400,2024-08-10,24.0
352,400,2024-09-09,24.0
353,400,2024-10-09,24.0
354,400,2024-11-08,24.0
355,400,2024-12-08,24.0
356,406,2024-12-06,12.0
357,416,2024-04-24,12.0
358,420,2024-12-17,12.0
359,421,2024-09-25,12.0
360,422,2024-01-31,12.0
361,422,2024-03-01,12.0
362,422,2024-03-31,12.0
363,422,2024-04-30,12.0
364,422,2024-05-30,12.0
365,422,2024-06-29,12.0
366,422,2024-07-29,12.0
367,422,2024-08-28,12.0
368,422,2024-09-27,12.0
369,422,2024-10-27,12.0
370,422,2024-11-26,12.0
371,422,2024-12-26,12.0
372,423,2024-01-19,24.0
373,428,2024-11-28,12.0
374,428,2024-12-28,12.0
375,431,2024-12-23,12.0
376,433,2024-10-08,12.0
377,439,2024-10-24,12.0
378,440,2024-09-14,12.0
379,443,2024-10-21,12.0
380,444,2024-04-04,12.0
381,444,2024-05-04,12.0
382,444,2024-06-03,12.0
383,444,2024-07-03,12.0
384,444,2024-08-02,12.0
385,444,2024-09-01,12.0
386,444,2024-10-01,12.0
387,444,2024-10-31,12.0
388,444,2024-11-30,12.0
389,444,2024-12-30,12.0
390,449,2024-02-08,12.0
391,459,2024-11-07,12.0
392,466,2024-10-10,12.0
393,466,2024-11-09,12.0
394,466,2024-12-09,12.0
395,467,2024-09-20,24.0
396,467,2024-10-20,24.0
397,467,2024-11-19,24.0
398,467,2024-12-19,24.0
399,469,2024-03-19,12.0
400,471,2024-06-27,12.0
401,477,2024-07-04,24.0
402,483,2024-08-30,12.0
403,483,2024-09-29,12.0
404,483,2024-10-29,12.0
405,483,2024-11-28,12.0
406,483,2024-12-28,12.0
407,493,2024-09-24,12.0
408,495,2024-11-07,12.0
409,495,2024-12-07,12.0
410,497,2024-07-06,12.0
411,497,2024-08-05,12.0
412,497,2024-09-04,12.0
413,497,2024-10-04,12.0
414,497,2024-11-03,12.0
415,497,2024-12-03,12.0
416,502,2024-12-09,24.0
417,508,2024-11-23,12.0
418,511,2024-02-14,12.0
419,511,2024-03-15,12.0
420,511,2024-04-14,12.0
421,511,2024-05-14,12.0
422,511,2024-06-13,12.0
423,511,2024-07-13,12.0
424,511,2024-08-12,12.0
425,511,2024-09-11,12.0
426,511,2024-10-11,12.0
427,511,2024-11-10,12.0
428,511,2024-12-10,12.0
429,516,2024-03-28,12.0
430,516,2024-04-27,12.0
431,516,2024-05-27,12.0
432,516,2024-06-26,12.0
433,516,2024-07-26,12.0
434,516,2024-08-25,12.0
435,516,2024-09-24,12.0
436,516,2024-10-24,12.0
437,516,2024-11-23,12.0
438,516,2024-12-23,12.0
439,521,2024-12-01,12.0
440,533,2024-06-20,24.0
441,533,2024-07-20,24.0
442,533,2024-08-19,24.0
443,533,2024-09-18,24.0
444,533,2024-10-18,24.0
445,533,2024-11-17,24.0
446,533,2024-12-17,24.0
447,541,2025-01-10,12.0
448,546,2024-07-13,12.0
449,546,2024-08-12,12.0
450,546,2024-09-11,12.0
451,546,2024-10-11,12.0
452,546,2024-11-10,12.0
453,546,2024-12-10,12.0
454,549,2024-10-27,12.0
455,549,2024-11-26,12.0
456,549,2024-12-26,12.0
457,559,2024-08-31,12.0
458,567,2024-10-29,12.0
459,567,2024-11-28,12.0
460,567,2024-12-28,12.0
461,573,2024-07-25,24.0
462,573,2024-08-24,24.0
463,573,2024-09-23,24.0
464,573,2024-10-23,24.0
465,573,2024-11-22,24.0
466,573,2024-12-22,24.0
467,582,2024-08-10,12.0
468,582,2024-09-09,12.0
469,582,2024-10-09,12.0
470,582,2024-11-08,12.0
471,582,2024-12-08,12.0
472,584,2024-06-24,12.0
473,584,2024-07-24,12.0
474,584,2024-08-23,12.0
475,584,2024-09-22,12.0
476,584,2024-10-22,12.0
477,584,2024-11-21,12.0
478,584,2024-12-21,12.0
479,585,2024-12-19,12.0
480,594,2024-09-03,12.0
481,594,2024-10-03,12.0
482,594,2024-11-02,12.0
483,594,2024-12-02,12.0
484,599,2025-01-10,12.0
485,605,2025-01-02,24.0
486,612,2024-09-23,24.0
487,612,2024-10-23,24.0
488,612,2024-11-22,24.0
489,612,2024-12-22,24.0
490,614,2025-01-09,12.0
491,617,2024-10-25,12.0
492,617,2024-11-24,12.0
493,617,2024-12-24,12.0
494,618,2024-06-05,12.0
495,619,2024-03-09,12.0
496,619,2024-04-08,12.0
497,619,2024-05-08,12.0
498,619,2024-06-07,12.0
499,619,2024-07-07,12.0
500,619,2024-08-06,12.0
501,619,2024-09-05,12.0
502,619,2024-10-05,12.0
503,619,2024-11-04,12.0
504,619,2024-12-04,12.0
505,626,2024-06-29,12.0
506,626,2024-07-29,12.0
507,626,2024-08-28,12.0
508,626,2024-09-27,12.0
509,626,2024-10-27,12.0
510,626,2024-11-26,12.0
511,626,2024-12-26,12.0
512,627,2024-11-10,24.0
513,627,2024-12-10,24.0
514,632,2024-11-20,12.0
515,637,2024-10-02,12.0
516,637,2024-11-01,12.0
517,637,2024-12-01,12.0
518,637,2024-12-31,12.0
519,646,2024-11-30,24.0
520,650,2024-01-27,12.0
521,650,2024-02-26,12.0
522,650,2024-03-27,12.0
523,650,2024-04-26,12.0
524,650,2024-05-26,12.0
525,650,2024-06-25,12.0
526,650,2024-07-25,12.0
527,650,2024-08-24,12.0
528,650,2024-09-23,12.0
529,650,2024-10-23,12.0
530,650,2024-11-22,12.0
531,650,2024-12-22,12.0
532,661,2024-05-08,12.0
533,661,2024-06-07,12.0
534,661,2024-07-07,12.0
535,661,2024-08-06,12.0
536,661,2024-09-05,12.0
537,661,2024-10-05,12.0
538,661,2024-11-04,12.0
539,661,2024-12-04,12.0
540,663,2024-04-02,12.0
541,690,2024-08-14,24.0
542,707,2024-11-07,12.0
543,707,2024-12-07,12.0
544,716,2024-04-01,24.0
545,716,2024-05-01,24.0
546,716,2024-05-31,24.0
547,716,2024-06-30,24.0
548,716,2024-07-30,24.0
549,716,2024-08-29,24.0
550,716,2024-09-28,24.0
551,716,2024-10-28,24.0
552,716,2024-11-27,24.0
553,716,2024-12-27,24.0
554,718,2024-02-29,24.0
555,723,2024-02-01,24.0
556,723,2024-03-02,24.0
557,723,2024-04-01,24.0
558,723,2024-05-01,24.0
559,723,2024-05-31,24.0
560,723,2024-06-30,24.0
561,723,2024-07-30,24.0
562,723,2024-08-29,24.0
563,723,2024-09-28,24.0
564,723,2024-10-28,24.0
565,723,2024-11-27,24.0
566,723,2024-12-27,24.0
567,724,2025-01-01,12.0
568,726,2024-02-03,12.0
569,726,2024-03-04,12.0
570,726,2024-04-03,12.0
571,726,2024-05-03,12.0
572,726,2024-06-02,12.0
573,726,2024-07-02,12.0
574,726,2024-08-01,12.0
575,726,2024-08-31,12.0
576,726,2024-09-30,12.0
577,726,2024-10-30,12.0
578,726,2024-11-29,12.0
579,726,2024-12-29,12.0
580,732,2024-02-08,24.0
581,732,2024-03-09,24.0
582,732,2024-04-08,24.0
583,732,2024-05-08,24.0
584,732,2024-06-07,24.0
585,732,2024-07-07,24.0
586,732,2024-08-06,24.0
587,732,2024-09-05,24.0
588,732,2024-10-05,24.0
589,732,2024-11-04,24.0
590,732,2024-12-04,24.0
591,741,2024-01-16,12.0
592,744,2024-01-15,24.0
593,744,2024-02-14,24.0
594,744,2024-03-15,24.0
595,744,2024-04-14,24.0
596,744,2024-05-14,24.0
597,744,2024-06-13,24.0
598,744,2024-07-13,24.0
599,744,2024-08-12,24.0
600,744,2024-09-11,24.0
601,744,2024-10-11,24.0
602,744,2024-11-10,24.0
603,744,2024-12-10,24.0
604,750,2024-11-25,12.0
605,758,2024-12-25,12.0
606,762,2024-03-20,24.0
607,762,2024-04-19,24.0
608,762,2024-05-19,24.0
609,762,2024-06-18,24.0
610,762,2024-07-18,24.0
611,762,2024-08-17,24.0
612,762,2024-09-16,24.0
613,762,2024-10-16,24.0
614,762,2024-11-15,24.0
615,762,2024-12-15,24.0
616,768,2024-01-30,12.0
617,768,2024-02-29,12.0
618,768,2024-03-30,12.0
619,768,2024-04-29,12.0
620,768,2024-05-29,12.0
621,768,2024-06-28,12.0
622,768,2024-07-28,12.0
623,768,2024-08-27,12.0
624,768,2024-09-26,12.0
625,768,2024-10-26,12.0
626,768,2024-11-25,12.0
627,768,2024-12-25,12.0
628,776,2024-11-28,24.0
629,776,2024-12-28,24.0
630,779,2024-11-01,12.0
631,785,2025-01-08,24.0
632,789,2024-11-10,12.0
633,789,2024-12-10,12.0
634,793,2024-05-25,12.0
635,793,2024-06-24,12.0
636,793,2024-07-24,12.0
637,793,2024-08-23,12.0
638,793,2024-09-22,12.0
639,793,2024-10-22,12.0
640,793,2024-11-21,12.0
641,793,2024-12-21,12.0
642,802,2024-05-24,24.0
643,802,2024-06-23,24.0
644,802,2024-07-23,24.0
645,802,2024-08-22,24.0
646,802,2024-09-21,24.0
647,802,2024-10-21,24.0
648,802,2024-11-20,24.0
649,802,2024-12-20,24.0
650,803,2024-12-11,12.0
651,804,2024-09-02,24.0
652,804,2024-10-02,24.0
653,804,2024-11-01,24.0
654,804,2024-12-01,24.0
655,804,2024-12-31,24.0
656,805,2024-03-08,12.0
657,805,2024-04-07,12.0
658,805,2024-05-07,12.0
659,805,2024-06-06,12.0
660,805,2024-07-06,12.0
661,805,2024-08-05,12.0
662,805,2024-09-04,12.0
663,805,2024-10-04,12.0
664,805,2024-11-03,12.0
665,805,2024-12-03,12.0
666,810,2025-01-12,24.0
667,813,2025-01-13,12.0
668,816,2024-12-14,12.0
669,820,2024-05-07,12.0
670,820,2024-06-06,12.0
671,820,2024-07-06,12.0
672,820,2024-08-05,12.0
673,820,2024-09-04,12.0
674,820,2024-10-04,12.0
675,820,2024-11-03,12.0
676,820,2024-12-03,12.0
677,829,2024-12-06,12.0
678,836,2024-08-23,12.0
679,836,2024-09-22,12.0
680,836,2024-10-22,12.0
681,836,2024-11-21,12.0
682,836,2024-12-21,12.0
683,838,2025-01-10,24.0
684,843,2024-08-07,12.0
685,852,2024-04-08,12.0
686,852,2024-05-08,12.0
687,852,2024-06-07,12.0
688,852,2024-07-07,12.0
689,852,2024-08-06,12.0
690,852,2024-09-05,12.0
691,852,2024-10-05,12.0
692,852,2024-11-04,12.0
693,852,2024-12-04,12.0
694,860,2024-08-07,12.0
695,862,2024-10-19,12.0
696,862,2024-11-18,12.0
697,862,2024-12-18,12.0
698,865,2024-02-28,12.0
699,871,2024-10-23,12.0
700,871,2024-11-22,12.0
701,871,2024-12-22,12.0
702,882,2024-09-04,24.0
703,885,2024-04-08,12.0
704,886,2024-06-15,12.0
705,886,2024-07-15,12.0
706,886,2024-08-14,12.0
707,886,2024-09-13,12.0
708,886,2024-10-13,12.0
709,886,2024-11-12,12.0
710,886,2024-12-12,12.0
711,891,2024-06-03,24.0
712,891,2024-07-03,24.0
713,891,2024-08-02,24.0
714,891,2024-09-01,24.0
715,891,2024-10-01,24.0
716,891,2024-10-31,24.0
717,891,2024-11-30,24.0
718,891,2024-12-30,24.0
719,892,2024-12-31,12.0
720,901,2024-07-18,12.0
721,907,2024-07-28,12.0
722,907,2024-08-27,12.0
723,907,2024-09-26,12.0
724,907,2024-10-26,12.0
725,907,2024-11-25,12.0
726,907,2024-12-25,12.0
727,911,2024-10-30,12.0
728,921,2024-02-27,12.0
729,921,2024-03-28,12.0
730,921,2024-04-27,12.0
731,921,2024-05-27,12.0
732,921,2024-06-26,12.0
733,921,2024-07-26,12.0
734,921,2024-08-25,12.0
735,921,2024-09-24,12.0
736,921,2024-10-24,12.0
737,921,2024-11-23,12.0
738,921,2024-12-23,12.0
739,922,2024-11-25,24.0
740,923,2024-09-09,12.0
741,926,2024-04-30,24.0
742,926,2024-05-30,24.0
743,926,2024-06-29,24.0
744,926,2024-07-29,24.0
745,926,2024-08-28,24.0
746,926,2024-09-27,24.0
747,926,2024-10-27,24.0
748,926,2024-11-26,24.0
749,926,2024-12-26,24.0
750,928,2024-11-27,12.0
751,928,2024-12-27,12.0
752,935,2024-11-03,24.0
753,935,2024-12-03,24.0
754,937,2024-12-28,24.0
755,939,2024-12-12,24.0
756,946,2024-04-26,12.0
757,946,2024-05-26,12.0
758,946,2024-06-25,12.0
759,946,2024-07-25,12.0
760,946,2024-08-24,12.0
761,946,2024-09-23,12.0
762,946,2024-10-23,12.0
763,946,2024-11-22,12.0
764,946,2024-12-22,12.0
765,947,2024-10-12,12.0
766,954,2024-03-22,12.0
767,960,2024-08-12,12.0
768,967,2025-01-01,12.0
769,971,2024-04-30,24.0
770,976,2024-09-07,12.0
771,976,2024-10-07,12.0
772,976,2024-11-06,12.0
773,976,2024-12-06,12.0
774,984,2024-07-21,24.0
775,985,2024-03-21,24.0
776,985,2024-04-20,24.0
777,985,2024-05-20,24.0
778,985,2024-06-19,24.0
779,985,2024-07-19,24.0
780,985,2024-08-18,24.0
781,985,2024-09-17,24.0
782,985,2024-10-17,24.0
783,985,2024-11-16,24.0
784,985,2024-12-16,24.0
785,990,2024-11-10,12.0
786,1002,2024-07-16,24.0
787,1002,2024-08-15,24.0
788,1002,2024-09-14,24.0
789,1002,2024-10-14,24.0
790,1002,2024-11-13,24.0
791,1002,2024-12-13,24.0
792,1003,2024-03-11,12.0
793,1003,2024-04-10,12.0
794,1003,2024-05-10,12.0
795,1003,2024-06-09,12.0
796,1003,2024-07-09,12.0
797,1003,2024-08-08,12.0
798,1003,2024-09-07,12.0
799,1003,2024-10-07,12.0
800,1003,2024-11-06,12.0
801,1003,2024-12-06,12.0
802,1005,2024-09-16,12.0
803,1005,2024-10-16,12.0
804,1005,2024-11-15,12.0
805,1005,2024-12-15,12.0
806,1006,2024-06-23,12.0
807,1006,2024-07-23,12.0
808,1006,2024-08-22,12.0
809,1006,2024-09-21,12.0
810,1006,2024-10-21,12.0
811,1006,2024-11-20,12.0
812,1006,2024-12-20,12.0
813,1007,2024-12-20,12.0
814,1012,2024-09-04,12.0
815,1012,2024-10-04,12.0
816,1012,2024-11-03,12.0
817,1012,2024-12-03,12.0
818,1015,2024-06-03,24.0
819,1026,2024-05-17,12.0
820,1028,2024-06-11,12.0
821,1036,2024-09-22,24.0
822,1039,2024-07-08,12.0
823,1039,2024-08-07,12.0
824,1039,2024-09-06,12.0
825,1039,2024-10-06,12.0
826,1039,2024-11-05,12.0
827,1039,2024-12-05,12.0
828,1052,2024-03-11,12.0
829,1052,2024-04-10,12.0
830,1052,2024-05-10,12.0
831,1052,2024-06-09,12.0
832,1052,2024-07-09,12.0
833,1052,2024-08-08,12.0
834,1052,2024-09-07,12.0
835,1052,2024-10-07,12.0
836,1052,2024-11-06,12.0
837,1052,2024-12-06,12.0
838,1053,2024-05-08,24.0
839,1053,2024-06-07,24.0
840,1053,2024-07-07,24.0
841,1053,2024-08-06,24.0
842,1053,2024-09-05,24.0
843,1053,2024-10-05,24.0
844,1053,2024-11-04,24.0
845,1053,2024-12-04,24.0
846,1059,2024-08-14,12.0
847,1059,2024-09-13,12.0
848,1059,2024-10-13,12.0
849,1059,2024-11-12,12.0
850,1059,2024-12-12,12.0
851,1062,2024-09-09,12.0
852,1070,2024-06-25,24.0
853,1079,2024-09-15,12.0
854,1081,2024-04-27,12.0
855,1081,2024-05-27,12.0
856,1081,2024-06-26,12.0
857,1081,2024-07-26,12.0
858,1081,2024-08-25,12.0
859,1081,2024-09-24,12.0
860,1081,2024-10-24,12.0
861,1081,2024-11-23,12.0
862,1081,2024-12-23,12.0
863,1092,2024-09-19,12.0
864,1095,2024-08-31,12.0
865,1105,2024-03-14,12.0
866,1105,2024-04-13,12.0
867,1105,2024-05-13,12.0
868,1105,2024-06-12,12.0
869,1105,2024-07-12,12.0
870,1105,2024-08-11,12.0
871,1105,2024-09-10,12.0
872,1105,2024-10-10,12.0
873,1105,2024-11-09,12.0
874,1105,2024-12-09,12.0
875,1112,2024-07-02,12.0
876,1119,2024-05-06,12.0
877,1119,2024-06-05,12.0
878,1119,2024-07-05,12.0
879,1119,2024-08-04,12.0
880,1119,2024-09-03,12.0
881,1119,2024-10-03,12.0
882,1119,2024-11-02,12.0
883,1119,2024-12-02,12.0
884,1121,2024-09-26,24.0
885,1121,2024-10-26,24.0
886,1121,2024-11-25,24.0
887,1121,2024-12-25,24.0
888,1126,2024-08-20,12.0
889,1126,2024-09-19,12.0
890,1126,2024-10-19,12.0
891,1126,2024-11-18,12.0
892,1126,2024-12-18,12.0
893,1132,2024-08-07,12.0
894,1134,2024-10-17,12.0
895,1150,2024-12-12,12.0
896,1158,2024-01-16,12.0
897,1158,2024-02-15,12.0
898,1158,2024-03-16,12.0
899,1158,2024-04-15,12.0
900,1158,2024-05-15,12.0
901,1158,2024-06-14,12.0
902,1158,2024-07-14,12.0
903,1158,2024-08-13,12.0
904,1158,2024-09-12,12.0
905,1158,2024-10-12,12.0
906,1158,2024-11-11,12.0
907,1158,2024-12-11,12.0
908,1162,2024-09-23,12.0
909,1162,2024-10-23,12.0
910,1162,2024-11-22,12.0
911,1162,2024-12-22,12.0
912,1163,2024-11-20,12.0
913,1163,2024-12-20,12.0
914,1166,2024-12-01,12.0
915,1168,2024-08-15,24.0
916,1169,2024-11-19,12.0
917,1184,2024-03-28,12.0
918,1184,2024-04-27,12.0
919,1184,2024-05-27,12.0
920,1184,2024-06-26,12.0
921,1184,2024-07-26,12.0
922,1184,2024-08-25,12.0
923,1184,2024-09-24,12.0
924,1184,2024-10-24,12.0
925,1184,2024-11-23,12.0
926,1184,2024-12-23,12.0
927,1190,2024-09-24,24.0
928,1192,2024-06-23,12.0
929,1192,2024-07-23,12.0
930,1192,2024-08-22,12.0
931,1192,2024-09-21,12.0
932,1192,2024-10-21,12.0
933,1192,2024-11-20,12.0
934,1192,2024-12-20,12.0
935,1209,2024-05-01,12.0
936,1209,2024-05-31,12.0
937,1209,2024-06-30,12.0
938,1209,2024-07-30,12.0
939,1209,2024-08-29,12.0
940,1209,2024-09-28,12.0
941,1209,2024-10-28,12.0
942,1209,2024-11-27,12.0
943,1209,2024-12-27,12.0
944,1210,2024-07-01,24.0
945,1210,2024-07-31,24.0
946,1210,2024-08-30,24.0
947,1210,2024-09-29,24.0
948,1210,2024-10-29,24.0
949,1210,2024-11-28,24.0
950,1210,2024-12-28,24.0
951,1211,2024-10-29,12.0
952,1211,2024-11-28,12.0
953,1211,2024-12-28,12.0
954,1213,2024-08-21,12.0
955,1213,2024-09-20,12.0
956,1213,2024-10-20,12.0
957,1213,2024-11-19,12.0
958,1213,2024-12-19,12.0
959,1215,2024-05-07,12.0
960,1216,2024-08-09,12.0
961,1218,2024-08-24,12.0
962,1218,2024-09-23,12.0
963,1218,2024-10-23,12.0
964,1218,2024-11-22,12.0
965,1218,2024-12-22,12.0
966,1225,2024-03-29,12.0
967,1229,2024-12-25,12.0
968,1230,2024-02-09,12.0
969,1230,2024-03-10,12.0
970,1230,2024-04-09,12.0
971,1230,2024-05-09,12.0
972,1230,2024-06-08,12.0
973,1230,2024-07-08,12.0
974,1230,2024-08-07,12.0
975,1230,2024-09-06,12.0
976,1230,2024-10-06,12.0
977,1230,2024-11-05,12.0
978,1230,2024-12-05,12.0
979,1238,2024-07-03,12.0
980,1238,2024-08-02,12.0
981,1238,2024-09-01,12.0
982,1238,2024-10-01,12.0
983,1238,2024-10-31,12.0
984,1238,2024-11-30,12.0
985,1238,2024-12-30,12.0
986,1241,2024-12-02,12.0
987,1242,2024-05-26,12.0
988,1242,2024-06-25,12.0
989,1242,2024-07-25,12.0
990,1242,2024-08-24,12.0
991,1242,2024-09-23,12.0
992,1242,2024-10-23,12.0
993,1242,2024-11-22,12.0
994,1242,2024-12-22,12.0
995,1243,2024-06-11,24.0
996,1243,2024-07-11,24.0
997,1243,2024-08-10,24.0
998,1243,2024-09-09,24.0
999,1243,2024-10-09,24.0
1000,1243,2024-11-08,24.0
1001,1243,2024-12-08,24.0
1002,1244,2024-02-09,12.0
1003,1244,2024-03-10,12.0
1004,1244,2024-04-09,12.0
1005,1244,2024-05-09,12.0
1006,1244,2024-06-08,12.0
1007,1244,2024-07-08,12.0
1008,1244,2024-08-07,12.0
1009,1244,2024-09-06,12.0
1010,1244,2024-10-06,12.0
1011,1244,2024-11-05,12.0
1012,1244,2024-12-05,12.0
1013,1248,2024-04-10,12.0
1014,1249,2024-12-09,24.0
1015,1257,2024-10-27,12.0
1016,1257,2024-11-26,12.0
1017,1257,2024-12-26,12.0
1018,1258,2024-11-17,24.0
1019,1258,2024-12-17,24.0
1020,1264,2024-12-28,24.0
1021,1267,2024-03-26,24.0
1022,1267,2024-04-25,24.0
1023,1267,2024-05-25,24.0
1024,1267,2024-06-24,24.0
1025,1267,2024-07-24,24.0
1026,1267,2024-08-23,24.0
1027,1267,2024-09-22,24.0
1028,1267,2024-10-22,24.0
1029,1267,2024-11-21,24.0
1030,1267,2024-12-21,24.0
1031,1271,2025-01-04,12.0
1032,1283,2024-07-05,12.0
1033,1283,2024-08-04,12.0
1034,1283,2024-09-03,12.0
1035,1283,2024-10-03,12.0
1036,1283,2024-11-02,12.0
1037,1283,2024-12-02,12.0
1038,1285,2024-12-23,12.0
1039,1289,2024-07-13,24.0
1040,1293,2024-08-21,24.0
1041,1293,2024-09-20,24.0
1042,1293,2024-10-20,24.0
1043,1293,2024-11-19,24.0
1044,1293,2024-12-19,24.0
1045,1304,2024-05-01,24.0
1046,1304,2024-05-31,24.0
1047,1304,2024-06-30,24.0
1048,1304,2024-07-30,24.0
1049,1304,2024-08-29,24.0
1050,1304,2024-09-28,24.0
1051,1304,2024-10-28,24.0
1052,1304,2024-11-27,24.0
1053,1304,2024-12-27,24.0
1054,1306,2024-12-22,24.0
1055,1307,2024-09-05,24.0
1056,1307,2024-10-05,24.0
1057,1307,2024-11-04,24.0
1058,1307,2024-12-04,24.0
1059,1311,2024-06-21,24.0
1060,1311,2024-07-21,24.0
1061,1311,2024-08-20,24.0
1062,1311,2024-09-19,24.0
1063,1311,2024-10-19,24.0
1064,1311,2024-11-18,24.0
1065,1311,2024-12-18,24.0
1066,1316,2024-10-01,24.0
1067,1320,2024-11-27,12.0
1068,1321,2024-07-31,12.0
1069,1321,2024-08-30,12.0
1070,1321,2024-09-29,12.0
1071,1321,2024-10-29,12.0
1072,1321,2024-11-28,12.0
1073,1321,2024-12-28,12.0
1074,1345,2025-01-09,24.0
1075,1354,2024-05-18,24.0
1076,1354,2024-06-17,24.0
1077,1354,2024-07-17,24.0
1078,1354,2024-08-16,24.0
1079,1354,2024-09-15,24.0
1080,1354,2024-10-15,24.0
1081,1354,2024-11-14,24.0
1082,1354,2024-12-14,24.0
1083,1357,2024-08-07,12.0
1084,1368,2024-03-14,12.0
1085,1368,2024-04-13,12.0
1086,1368,2024-05-13,12.0
1087,1368,2024-06-12,12.0
1088,1368,2024-07-12,12.0
1089,1368,2024-08-11,12.0
1090,1368,2024-09-10,12.0
1091,1368,2024-10-10,12.0
1092,1368,2024-11-09,12.0
1093,1368,2024-12-09,12.0
1094,1376,2024-02-19,24.0
1095,1389,2024-12-14,12.0
1096,1394,2024-02-09,12.0
1097,1400,2024-06-24,12.0
1098,1400,2024-07-24,12.0
1099,1400,2024-08-23,12.0
1100,1400,2024-09-22,12.0
1101,1400,2024-10-22,12.0
1102,1400,2024-11-21,12.0
1103,1400,2024-12-21,12.0
1104,1401,2024-07-10,12.0
1105,1402,2024-02-12,24.0
1106,1402,2024-03-13,24.0
1107,1402,2024-04-12,24.0
1108,1402,2024-05-12,24.0
1109,1402,2024-06-11,24.0
1110,1402,2024-07-11,24.0
1111,1402,2024-08-10,24.0
1112,1402,2024-09-09,24.0
1113,1402,2024-10-09,24.0
1114,1402,2024-11-08,24.0
1115,1402,2024-12-08,24.0
1116,1410,2024-10-10,12.0
1117,1410,2024-11-09,12.0
1118,1410,2024-12-09,12.0
1119,1416,2024-11-09,12.0
1120,1416,2024-12-09,12.0
1121,1419,2024-12-13,24.0
1122,1420,2025-01-07,12.0
1123,1423,2024-07-16,12.0
1124,1425,2024-06-09,12.0
1125,1427,2024-02-24,24.0
1126,1427,2024-03-25,24.0
1127,1427,2024-04-24,24.0
1128,1427,2024-05-24,24.0
1129,1427,2024-06-23,24.0
1130,1427,2024-07-23,24.0
1131,1427,2024-08-22,24.0
1132,1427,2024-09-21,24.0
1133,1427,2024-10-21,24.0
1134,1427,2024-11-20,24.0
1135,1427,2024-12-20,24.0
1136,1428,2024-02-17,24.0
1137,1437,2024-04-15,24.0
1138,1437,2024-05-15,24.0
1139,1437,2024-06-14,24.0
1140,1437,2024-07-14,24.0
1141,1437,2024-08-13,24.0
1142,1437,2024-09-12,24.0
1143,1437,2024-10-12,24.0
1144,1437,2024-11-11,24.0
1145,1437,2024-12-11,24.0
1146,1442,2024-02-05,12.0
1147,1472,2024-04-02,12.0
1148,1472,2024-05-02,12.0
1149,1472,2024-06-01,12.0
1150,1472,2024-07-01,12.0
1151,1472,2024-07-31,12.0
1152,1472,2024-08-30,12.0
1153,1472,2024-09-29,12.0
1154,1472,2024-10-29,12.0
1155,1472,2024-11-28,12.0
1156,1472,2024-12-28,12.0
1157,1483,2024-09-02,24.0
1158,1483,2024-10-02,24.0
1159,1483,2024-11-01,24.0
1160,1483,2024-12-01,24.0
1161,1483,2024-12-31,24.0
1162,1487,2025-01-08,12.0
1163,1489,2024-12-14,12.0
1164,1494,2024-11-05,12.0
1165,1494,2024-12-05,12.0
1166,1497,2024-11-30,12.0
1167,1505,2024-11-15,12.0
1168,1505,2024-12-15,12.0
1169,1510,2024-10-25,12.0
1170,1510,2024-11-24,12.0
1171,1510,2024-12-24,12.0
1172,1515,2024-12-13,12.0
1173,1516,2024-05-06,12.0
1174,1516,2024-06-05,12.0
1175,1516,2024-07-05,12.0
1176,1516,2024-08-04,12.0
1177,1516,2024-09-03,12.0
1178,1516,2024-10-03,12.0
1179,1516,2024-11-02,12.0
1180,1516,2024-12-02,12.0
1181,1520,2024-04-06,12.0
1182,1531,2024-05-21,24.0
1183,1532,2024-03-10,24.0
1184,1547,2024-04-25,24.0
1185,1548,2024-10-26,12.0
1186,1548,2024-11-25,12.0
1187,1548,2024-12-25,12.0
1188,1550,2024-05-08,12.0
1189,1550,2024-06-07,12.0
1190,1550,2024-07-07,12.0
1191,1550,2024-08-06,12.0
1192,1550,2024-09-05,12.0
1193,1550,2024-10-05,12.0
1194,1550,2024-11-04,12.0
1195,1550,2024-12-04,12.0
1196,1560,2024-12-04,24.0
1197,1561,2025-01-14,24.0
1198,1565,2024-11-07,24.0
1199,1568,2024-01-21,12.0
1200,1568,2024-02-20,12.0
1201,1568,2024-03-21,12.0
1202,1568,2024-04-20,12.0
1203,1568,2024-05-20,12.0
1204,1568,2024-06-19,12.0
1205,1568,2024-07-19,12.0
1206,1568,2024-08-18,12.0
1207,1568,2024-09-17,12.0
1208,1568,2024-10-17,12.0
1209,1568,2024-11-16,12.0
1210,1568,2024-12-16,12.0
1211,1569,2024-07-22,12.0
1212,1577,2024-11-09,12.0
1213,1580,2024-12-04,24.0
1214,1590,2024-03-26,12.0
1215,1591,2024-04-05,24.0
1216,1607,2025-01-02,12.0
1217,1610,2024-07-05,12.0
1218,1610,2024-08-04,12.0
1219,1610,2024-09-03,12.0
1220,1610,2024-10-03,12.0
1221,1610,2024-11-02,12.0
1222,1610,2024-12-02,12.0
1223,1613,2024-11-01,24.0
1224,1633,2024-09-18,12.0
1225,1633,2024-10-18,12.0
1226,1633,2024-11-17,12.0
1227,1633,2024-12-17,12.0
1228,1636,2024-06-28,12.0
1229,1636,2024-07-28,12.0
1230,1636,2024-08-27,12.0
1231,1636,2024-09-26,12.0
1232,1636,2024-10-26,12.0
1233,1636,2024-11-25,12.0
1234,1636,2024-12-25,12.0
1235,1639,2024-04-25,12.0
1236,1639,2024-05-25,12.0
1237,1639,2024-06-24,12.0
1238,1639,2024-07-24,12.0
1239,1639,2024-08-23,12.0
1240,1639,2024-09-22,12.0
1241,1639,2024-10-22,12.0
1242,1639,2024-11-21,12.0
1243,1639,2024-12-21,12.0
1244,1641,2024-10-27,12.0
1245,1643,2024-07-19,12.0
1246,1645,2024-04-02,24.0
1247,1664,2024-04-11,12.0
1248,1664,2024-05-11,12.0
1249,1664,2024-06-10,12.0
1250,1664,2024-07-10,12.0
1251,1664,2024-08-09,12.0
1252,1664,2024-09-08,12.0
1253,1664,2024-10-08,12.0
1254,1664,2024-11-07,12.0
1255,1664,2024-12-07,12.0
1256,1670,2024-12-04,12.0
1257,1673,2024-10-30,24.0
1258,1673,2024-11-29,24.0
1259,1673,2024-12-29,24.0
1260,1674,2024-03-09,12.0
1261,1674,2024-04-08,12.0
1262,1674,2024-05-08,12.0
1263,1674,2024-06-07,12.0
1264,1674,2024-07-07,12.0
1265,1674,2024-08-06,12.0
1266,1674,2024-09-05,12.0
1267,1674,2024-10-05,12.0
1268,1674,2024-11-04,12.0
1269,1674,2024-12-04,12.0
1270,1677,2024-10-17,12.0
1271,1677,2024-11-16,12.0
1272,1677,2024-12-16,12.0
1273,1684,2024-05-12,12.0
1274,1684,2024-06-11,12.0
1275,1684,2024-07-11,12.0
1276,1684,2024-08-10,12.0
1277,1684,2024-09-09,12.0
1278,1684,2024-10-09,12.0
1279,1684,2024-11-08,12.0
1280,1684,2024-12-08,12.0
1281,1689,2024-08-30,12.0
1282,1689,2024-09-29,12.0
1283,1689,2024-10-29,12.0
1284,1689,2024-11-28,12.0
1285,1689,2024-12-28,12.0
1286,1691,2024-11-08,12.0
1287,1700,2024-10-16,12.0
1288,1702,2025-01-10,24.0
1289,1713,2025-01-09,12.0
1290,1715,2024-05-18,12.0
1291,1715,2024-06-17,12.0
1292,1715,2024-07-17,12.0
1293,1715,2024-08-16,12.0
1294,1715,2024-09-15,12.0
1295,1715,2024-10-15,12.0
1296,1715,2024-11-14,12.0
1297,1715,2024-12-14,12.0
1298,1722,2024-04-15,24.0
1299,1722,2024-05-15,24.0
1300,1722,2024-06-14,24.0
1301,1722,2024-07-14,24.0
1302,1722,2024-08-13,24.0
1303,1722,2024-09-12,24.0
1304,1722,2024-10-12,24.0
1305,1722,2024-11-11,24.0
1306,1722,2024-12-11,24.0
1307,1728,2024-12-02,12.0
1308,1733,2024-10-25,24.0
1309,1733,2024-11-24,24.0
1310,1733,2024-12-24,24.0
1311,1736,2024-10-23,12.0
1312,1736,2024-11-22,12.0
1313,1736,2024-12-22,12.0
1314,1749,2024-07-21,12.0
1315,1749,2024-08-20,12.0
1316,1749,2024-09-19,12.0
1317,1749,2024-10-19,12.0
1318,1749,2024-11-18,12.0
1319,1749,2024-12-18,12.0
1320,1751,2024-09-17,12.0
1321,1751,2024-10-17,12.0
1322,1751,2024-11-16,12.0
1323,1751,2024-12-16,12.0
1324,1752,2024-04-08,12.0
1325,1752,2024-05-08,12.0
1326,1752,2024-06-07,12.0
1327,1752,2024-07-07,12.0
1328,1752,2024-08-06,12.0
1329,1752,2024-09-05,12.0
1330,1752,2024-10-05,12.0
1331,1752,2024-11-04,12.0
1332,1752,2024-12-04,12.0
1333,1765,2024-03-08,24.0
1334,1765,2024-04-07,24.0
1335,1765,2024-05-07,24.0
1336,1765,2024-06-06,24.0
1337,1765,2024-07-06,24.0
1338,1765,2024-08-05,24.0
1339,1765,2024-09-04,24.0
1340,1765,2024-10-04,24.0
1341,1765,2024-11-03,24.0
1342,1765,2024-12-03,24.0
1343,1766,2024-02-16,12.0
1344,1766,2024-03-17,12.0
1345,1766,2024-04-16,12.0
1346,1766,2024-05-16,12.0
1347,1766,2024-06-15,12.0
1348,1766,2024-07-15,12.0
1349,1766,2024-08-14,12.0
1350,1766,2024-09-13,12.0
1351,1766,2024-10-13,12.0
1352,1766,2024-11-12,12.0
1353,1766,2024-12-12,12.0
1354,1768,2024-02-17,24.0
1355,1780,2024-07-19,12.0
1356,1781,2024-03-27,12.0
1357,1788,2024-10-04,12.0
1358,1788,2024-11-03,12.0
1359,1788,2024-12-03,12.0
1360,1793,2024-04-15,24.0
1361,1793,2024-05-15,24.0
1362,1793,2024-06-14,24.0
1363,1793,2024-07-14,24.0
1364,1793,2024-08-13,24.0
1365,1793,2024-09-12,24.0
1366,1793,2024-10-12,24.0
1367,1793,2024-11-11,24.0
1368,1793,2024-12-11,24.0
1369,1795,2024-12-18,12.0
1370,1805,2024-09-30,12.0
1371,1805,2024-10-30,12.0
1372,1805,2024-11-29,12.0
1373,1805,2024-12-29,12.0
1374,1811,2024-04-18,12.0
1375,1822,2024-07-28,12.0
1376,1822,2024-08-27,12.0
1377,1822,2024-09-26,12.0
1378,1822,2024-10-26,12.0
1379,1822,2024-11-25,12.0
1380,1822,2024-12-25,12.0
1381,1823,2024-08-09,24.0
1382,1823,2024-09-08,24.0
1383,1823,2024-10-08,24.0
1384,1823,2024-11-07,24.0
1385,1823,2024-12-07,24.0
1386,1826,2024-02-15,12.0
1387,1829,2024-12-21,12.0
1388,1832,2025-01-02,12.0
1389,1834,2024-03-31,12.0
1390,1834,2024-04-30,12.0
1391,1834,2024-05-30,12.0
1392,1834,2024-06-29,12.0
1393,1834,2024-07-29,12.0
1394,1834,2024-08-28,12.0
1395,1834,2024-09-27,12.0
1396,1834,2024-10-27,12.0
1397,1834,2024-11-26,12.0
1398,1834,2024-12-26,12.0
1399,1839,2024-11-02,12.0
1400,1840,2024-10-21,12.0
1401,1840,2024-11-20,12.0
1402,1840,2024-12-20,12.0
1403,1843,2024-03-21,24.0
1404,1843,2024-04-20,24.0
1405,1843,2024-05-20,24.0
1406,1843,2024-06-19,24.0
1407,1843,2024-07-19,24.0
1408,1843,2024-08-18,24.0
1409,1843,2024-09-17,24.0
1410,1843,2024-10-17,24.0
1411,1843,2024-11-16,24.0
1412,1843,2024-12-16,24.0
1413,1851,2024-04-20,12.0
1414,1855,2024-11-29,12.0
1415,1855,2024-12-29,12.0
1416,1858,2024-05-12,12.0
1417,1858,2024-06-11,12.0
1418,1858,2024-07-11,12.0
1419,1858,2024-08-10,12.0
1420,1858,2024-09-09,12.0
1421,1858,2024-10-09,12.0
1422,1858,2024-11-08,12.0
1423,1858,2024-12-08,12.0
1424,1871,2024-05-20,24.0
1425,1871,2024-06-19,24.0
1426,1871,2024-07-19,24.0
1427,1871,2024-08-18,24.0
1428,1871,2024-09-17,24.0
1429,1871,2024-10-17,24.0
1430,1871,2024-11-16,24.0
1431,1871,2024-12-16,24.0
1432,1873,2025-01-10,12.0
1433,1874,2025-01-10,12.0
1434,1881,2024-08-02,12.0
1435,1881,2024-09-01,12.0
1436,1881,2024-10-01,12.0
1437,1881,2024-10-31,12.0
1438,1881,2024-11-30,12.0
1439,1881,2024-12-30,12.0
1440,1886,2024-05-29,12.0
1441,1890,2024-07-10,12.0
1442,1890,2024-08-09,12.0
1443,1890,2024-09-08,12.0
1444,1890,2024-10-08,12.0
1445,1890,2024-11-07,12.0
1446,1890,2024-12-07,12.0
1447,1900,2024-02-08,12.0
1448,1900,2024-03-09,12.0
1449,1900,2024-04-08,12.0
1450,1900,2024-05-08,12.0
1451,1900,2024-06-07,12.0
1452,1900,2024-07-07,12.0
1453,1900,2024-08-06,12.0
1454,1900,2024-09-05,12.0
1455,1900,2024-10-05,12.0
1456,1900,2024-11-04,12.0
1457,1900,2024-12-04,12.0
1458,1918,2024-10-18,24.0
1459,1929,2024-01-24,24.0
1460,1930,2024-07-10,12.0
1461,1930,2024-08-09,12.0
1462,1930,2024-09-08,12.0
1463,1930,2024-10-08,12.0
1464,1930,2024-11-07,12.0
1465,1930,2024-12-07,12.0
1466,1933,2024-11-03,24.0
1467,1937,2024-07-21,12.0
1468,1937,2024-08-20,12.0
1469,1937,2024-09-19,12.0
1470,1937,2024-10-19,12.0
1471,1937,2024-11-18,12.0
1472,1937,2024-12-18,12.0
1473,1939,2024-04-27,12.0
1474,1953,2024-10-29,12.0
1475,1962,2024-07-02,12.0
1476,1966,2024-02-17,12.0
1477,1966,2024-03-18,12.0
1478,1966,2024-04-17,12.0
1479,1966,2024-05-17,12.0
1480,1966,2024-06-16,12.0
1481,1966,2024-07-16,12.0
1482,1966,2024-08-15,12.0
1483,1966,2024-09-14,12.0
1484,1966,2024-10-14,12.0
1485,1966,2024-11-13,12.0
1486,1966,2024-12-13,12.0
1487,1973,2024-10-21,24.0
1488,1973,2024-11-20,24.0
1489,1973,2024-12-20,24.0
1490,1976,2024-04-15,12.0
1491,1977,2024-07-18,24.0
1492,1977,2024-08-17,24.0
1493,1977,2024-09-16,24.0
1494,1977,2024-10-16,24.0
1495,1977,2024-11-15,24.0
1496,1977,2024-12-15,24.0
1497,1978,2024-12-26,12.0
1498,1986,2024-12-21,24.0
1499,1991,2024-02-22,12.0
1500,1991,2024-03-23,12.0
1501,1991,2024-04-22,12.0
1502,1991,2024-05-22,12.0
1503,1991,2024-06-21,12.0
1504,1991,2024-07-21,12.0
1505,1991,2024-08-20,12.0
1506,1991,2024-09-19,12.0
1507,1991,2024-10-19,12.0
1508,1991,2024-11-18,12.0
1509,1991,2024-12-18,12.0
1510,1995,2024-07-23,24.0
1511,1995,2024-08-22,24.0
1512,1995,2024-09-21,24.0
1513,1995,2024-10-21,24.0
1514,1995,2024-11-20,24.0
1515,1995,2024-12-20,24.0
1516,1999,2024-11-27,24.0
1517,1999,2024-12-27,24.0
1518,2005,2024-03-04,12.0
1519,2012,2024-05-12,12.0
1520,2027,2024-11-15,12.0
1521,2027,2024-12-15,12.0
1522,2028,2024-06-15,12.0
1523,2028,2024-07-15,12.0
1524,2028,2024-08-14,12.0
1525,2028,2024-09-13,12.0
1526,2028,2024-10-13,12.0
1527,2028,2024-11-12,12.0
1528,2028,2024-12-12,12.0
1529,2032,2024-08-05,24.0
1530,2032,2024-09-04,24.0
1531,2032,2024-10-04,24.0
1532,2032,2024-11-03,24.0
1533,2032,2024-12-03,24.0
1534,2042,2024-11-07,12.0
1535,2055,2024-05-28,12.0
1536,2055,2024-06-27,12.0
1537,2055,2024-07-27,12.0
1538,2055,2024-08-26,12.0
1539,2055,2024-09-25,12.0
1540,2055,2024-10-25,12.0
1541,2055,2024-11-24,12.0
1542,2055,2024-12-24,12.0
1543,2067,2024-08-02,12.0
1544,2067,2024-09-01,12.0
1545,2067,2024-10-01,12.0
1546,2067,2024-10-31,12.0
1547,2067,2024-11-30,12.0
1548,2067,2024-12-30,12.0
1549,2072,2024-07-11,12.0
1550,2075,2024-06-21,12.0
1551,2075,2024-07-21,12.0
1552,2075,2024-08-20,12.0
1553,2075,2024-09-19,12.0
1554,2075,2024-10-19,12.0
1555,2075,2024-11-18,12.0
1556,2075,2024-12-18,12.0
1557,2077,2025-01-06,12.0
1558,2078,2024-04-03,12.0
1559,2082,2024-04-08,12.0
1560,2082,2024-05-08,12.0
1561,2082,2024-06-07,12.0
1562,2082,2024-07-07,12.0
1563,2082,2024-08-06,12.0
1564,2082,2024-09-05,12.0
1565,2082,2024-10-05,12.0
1566,2082,2024-11-04,12.0
1567,2082,2024-12-04,12.0
1568,2094,2024-04-13,12.0
1569,2094,2024-05-13,12.0
1570,2094,2024-06-12,12.0
1571,2094,2024-07-12,12.0
1572,2094,2024-08-11,12.0
1573,2094,2024-09-10,12.0
1574,2094,2024-10-10,12.0
1575,2094,2024-11-09,12.0
1576,2094,2024-12-09,12.0
1577,2105,2024-09-07,12.0
1578,2105,2024-10-07,12.0
1579,2105,2024-11-06,12.0
1580,2105,2024-12-06,12.0
1581,2114,2024-09-09,12.0
1582,2114,2024-10-09,12.0
1583,2114,2024-11-08,12.0
1584,2114,2024-12-08,12.0
1585,2116,2024-12-24,12.0
1586,2122,2024-01-29,12.0
1587,2122,2024-02-28,12.0
1588,2122,2024-03-29,12.0
1589,2122,2024-04-28,12.0
1590,2122,2024-05-28,12.0
1591,2122,2024-06-27,12.0
1592,2122,2024-07-27,12.0
1593,2122,2024-08-26,12.0
1594,2122,2024-09-25,12.0
1595,2122,2024-10-25,12.0
1596,2122,2024-11-24,12.0
1597,2122,2024-12-24,12.0
1598,2123,2024-05-10,24.0
1599,2123,2024-06-09,24.0
1600,2123,2024-07-09,24.0
1601,2123,2024-08-08,24.0
1602,2123,2024-09-07,24.0
1603,2123,2024-10-07,24.0
1604,2123,2024-11-06,24.0
1605,2123,2024-12-06,24.0
1606,2140,2024-11-25,24.0
1607,2140,2024-12-25,24.0
1608,2144,2024-11-14,24.0
1609,2144,2024-12-14,24.0
1610,2148,2025-01-14,12.0
1611,2154,2024-11-10,12.0
1612,2154,2024-12-10,12.0
1613,2155,2024-09-05,24.0
1614,2155,2024-10-05,24.0
1615,2155,2024-11-04,24.0
1616,2155,2024-12-04,24.0
1617,2158,2024-05-08,12.0
1618,2158,2024-06-07,12.0
1619,2158,2024-07-07,12.0
1620,2158,2024-08-06,12.0
1621,2158,2024-09-05,12.0
1622,2158,2024-10-05,12.0
1623,2158,2024-11-04,12.0
1624,2158,2024-12-04,12.0
1625,2164,2024-07-03,12.0
1626,2167,2024-12-11,12.0
1627,2172,2024-05-02,12.0
1628,2175,2024-06-06,12.0
1629,2180,2025-01-06,12.0
1630,2182,2025-01-03,12.0
1631,2184,2024-03-15,12.0
1632,2184,2024-04-14,12.0
1633,2184,2024-05-14,12.0
1634,2184,2024-06-13,12.0
1635,2184,2024-07-13,12.0
1636,2184,2024-08-12,12.0
1637,2184,2024-09-11,12.0
1638,2184,2024-10-11,12.0
1639,2184,2024-11-10,12.0
1640,2184,2024-12-10,12.0
1641,2200,2024-09-26,12.0
1642,2200,2024-10-26,12.0
1643,2200,2024-11-25,12.0
1644,2200,2024-12-25,12.0
1645,2202,2024-12-27,12.0
1646,2204,2024-04-04,12.0
1647,2204,2024-05-04,12.0
1648,2204,2024-06-03,12.0
1649,2204,2024-07-03,12.0
1650,2204,2024-08-02,12.0
1651,2204,2024-09-01,12.0
1652,2204,2024-10-01,12.0
1653,2204,2024-10-31,12.0
1654,2204,2024-11-30,12.0
1655,2204,2024-12-30,12.0
1656,2205,2024-05-27,12.0
1657,2214,2024-07-24,12.0
1658,2214,2024-08-23,12.0
1659,2214,2024-09-22,12.0
1660,2214,2024-10-22,12.0
1661,2214,2024-11-21,12.0
1662,2214,2024-12-21,12.0
1663,2216,2024-02-22,12.0
1664,2217,2024-03-05,24.0
1665,2217,2024-04-04,24.0
1666,2217,2024-05-04,24.0
1667,2217,2024-06-03,24.0
1668,2217,2024-07-03,24.0
1669,2217,2024-08-02,24.0
1670,2217,2024-09-01,24.0
1671,2217,2024-10-01,24.0
1672,2217,2024-10-31,24.0
1673,2217,2024-11-30,24.0
1674,2217,2024-12-30,24.0
1675,2219,2024-12-30,12.0
1676,2220,2024-05-22,12.0
1677,2221,2024-06-06,24.0
1678,2233,2024-02-26,24.0
1679,2233,2024-03-27,24.0
1680,2233,2024-04-26,24.0
1681,2233,2024-05-26,24.0
1682,2233,2024-06-25,24.0
1683,2233,2024-07-25,24.0
1684,2233,2024-08-24,24.0
1685,2233,2024-09-23,24.0
1686,2233,2024-10-23,24.0
1687,2233,2024-11-22,24.0
1688,2233,2024-12-22,24.0
1689,2238,2024-05-25,24.0
1690,2238,2024-06-24,24.0
1691,2238,2024-07-24,24.0
1692,2238,2024-08-23,24.0
1693,2238,2024-09-22,24.0
1694,2238,2024-10-22,24.0
1695,2238,2024-11-21,24.0
1696,2238,2024-12-21,24.0
1697,2239,2024-06-14,12.0
1698,2239,2024-07-14,12.0
1699,2239,2024-08-13,12.0
1700,2239,2024-09-12,12.0
1701,2239,2024-10-12,12.0
1702,2239,2024-11-11,12.0
1703,2239,2024-12-11,12.0
1704,2241,2024-05-16,12.0
1705,2241,2024-06-15,12.0
1706,2241,2024-07-15,12.0
1707,2241,2024-08-14,12.0
1708,2241,2024-09-13,12.0
1709,2241,2024-10-13,12.0
1710,2241,2024-11-12,12.0
1711,2241,2024-12-12,12.0
1712,2245,2024-06-18,12.0
1713,2245,2024-07-18,12.0
1714,2245,2024-08-17,12.0
1715,2245,2024-09-16,12.0
1716,2245,2024-10-16,12.0
1717,2245,2024-11-15,12.0
1718,2245,2024-12-15,12.0
1719,2246,2024-04-07,12.0
1720,2248,2024-09-14,12.0
1721,2248,2024-10-14,12.0
1722,2248,2024-11-13,12.0
1723,2248,2024-12-13,12.0
1724,2254,2024-08-30,12.0
1725,2254,2024-09-29,12.0
1726,2254,2024-10-29,12.0
1727,2254,2024-11-28,12.0
1728,2254,2024-12-28,12.0
1729,2259,2024-02-11,12.0
1730,2263,2024-07-15,24.0
1731,2265,2024-08-23,24.0
1732,2269,2024-10-17,24.0
1733,2277,2024-08-20,24.0
1734,2277,2024-09-19,24.0
1735,2277,2024-10-19,24.0
1736,2277,2024-11-18,24.0
1737,2277,2024-12-18,24.0
1738,2281,2024-07-02,12.0
1739,2281,2024-08-01,12.0
1740,2281,2024-08-31,12.0
1741,2281,2024-09-30,12.0
1742,2281,2024-10-30,12.0
1743,2281,2024-11-29,12.0
1744,2281,2024-12-29,12.0
1745,2285,2024-04-10,12.0
1746,2285,2024-05-10,12.0
1747,2285,2024-06-09,12.0
1748,2285,2024-07-09,12.0
1749,2285,2024-08-08,12.0
1750,2285,2024-09-07,12.0
1751,2285,2024-10-07,12.0
1752,2285,2024-11-06,12.0
1753,2285,2024-12-06,12.0
1754,2288,2024-10-30,12.0
1755,2302,2024-10-28,12.0
1756,2302,2024-11-27,12.0
1757,2302,2024-12-27,12.0
1758,2305,2024-07-08,12.0
1759,2305,2024-08-07,12.0
1760,2305,2024-09-06,12.0
1761,2305,2024-10-06,12.0
1762,2305,2024-11-05,12.0
1763,2305,2024-12-05,12.0
1764,2319,2024-07-30,12.0
1765,2326,2025-01-09,12.0
1766,2331,2024-08-28,12.0
1767,2333,2024-11-21,12.0
1768,2334,2024-03-14,12.0
1769,2334,2024-04-13,12.0
1770,2334,2024-05-13,12.0
1771,2334,2024-06-12,12.0
1772,2334,2024-07-12,12.0
1773,2334,2024-08-11,12.0
1774,2334,2024-09-10,12.0
1775,2334,2024-10-10,12.0
1776,2334,2024-11-09,12.0
1777,2334,2024-12-09,12.0
1778,2340,2024-02-15,24.0
1779,2340,2024-03-16,24.0
1780,2340,2024-04-15,24.0
1781,2340,2024-05-15,24.0
1782,2340,2024-06-14,24.0
1783,2340,2024-07-14,24.0
1784,2340,2024-08-13,24.0
1785,2340,2024-09-12,24.0
1786,2340,2024-10-12,24.0
1787,2340,2024-11-11,24.0
1788,2340,2024-12-11,24.0
1789,2341,2024-03-26,12.0
1790,2346,2024-02-12,12.0
1791,2346,2024-03-13,12.0
1792,2346,2024-04-12,12.0
1793,2346,2024-05-12,12.0
1794,2346,2024-06-11,12.0
1795,2346,2024-07-11,12.0
1796,2346,2024-08-10,12.0
1797,2346,2024-09-09,12.0
1798,2346,2024-10-09,12.0
1799,2346,2024-11-08,12.0
1800,2346,2024-12-08,12.0
1801,2353,2024-04-22,12.0
1802,2353,2024-05-22,12.0
1803,2353,2024-06-21,12.0
1804,2353,2024-07-21,12.0
1805,2353,2024-08-20,12.0
1806,2353,2024-09-19,12.0
1807,2353,2024-10-19,12.0
1808,2353,2024-11-18,12.0
1809,2353,2024-12-18,12.0
1810,2368,2024-07-01,12.0
1811,2370,2024-08-08,24.0
1812,2370,2024-09-07,24.0
1813,2370,2024-10-07,24.0
1814,2370,2024-11-06,24.0
1815,2370,2024-12-06,24.0
1816,2371,2024-07-17,12.0
1817,2371,2024-08-16,12.0
1818,2371,2024-09-15,12.0
1819,2371,2024-10-15,12.0
1820,2371,2024-11-14,12.0
1821,2371,2024-12-14,12.0
1822,2372,2024-05-29,12.0
1823,2372,2024-06-28,12.0
1824,2372,2024-07-28,12.0
1825,2372,2024-08-27,12.0
1826,2372,2024-09-26,12.0
1827,2372,2024-10-26,12.0
1828,2372,2024-11-25,12.0
1829,2372,2024-12-25,12.0
1830,2376,2024-03-18,24.0
1831,2376,2024-04-17,24.0
1832,2376,2024-05-17,24.0
1833,2376,2024-06-16,24.0
1834,2376,2024-07-16,24.0
1835,2376,2024-08-15,24.0
1836,2376,2024-09-14,24.0
1837,2376,2024-10-14,24.0
1838,2376,2024-11-13,24.0
1839,2376,2024-12-13,24.0
1840,2388,2024-02-03,24.0
1841,2389,2024-10-24,12.0
1842,2391,2024-09-03,24.0
1843,2392,2024-10-27,24.0
1844,2392,2024-11-26,24.0
1845,2392,2024-12-26,24.0
1846,2405,2024-11-12,12.0
1847,2405,2024-12-12,12.0
1848,2406,2024-04-27,12.0
1849,2413,2024-06-30,24.0
1850,2413,2024-07-30,24.0
1851,2413,2024-08-29,24.0
1852,2413,2024-09-28,24.0
1853,2413,2024-10-28,24.0
1854,2413,2024-11-27,24.0
1855,2413,2024-12-27,24.0
1856,2419,2024-02-15,12.0
1857,2419,2024-03-16,12.0
1858,2419,2024-04-15,12.0
1859,2419,2024-05-15,12.0
1860,2419,2024-06-14,12.0
1861,2419,2024-07-14,12.0
1862,2419,2024-08-13,12.0
1863,2419,2024-09-12,12.0
1864,2419,2024-10-12,12.0
1865,2419,2024-11-11,12.0
1866,2419,2024-12-11,12.0
1867,2432,2024-10-14,12.0
1868,2432,2024-11-13,12.0
1869,2432,2024-12-13,12.0
1870,2438,2024-09-28,12.0
1871,2438,2024-10-28,12.0
1872,2438,2024-11-27,12.0
1873,2438,2024-12-27,12.0
1874,2441,2025-01-15,24.0
1875,2447,2024-02-07,12.0
1876,2454,2024-11-08,24.0
1877,2457,2024-09-07,12.0
1878,2457,2024-10-07,12.0
1879,2457,2024-11-06,12.0
1880,2457,2024-12-06,12.0
1881,2463,2024-02-24,24.0
1882,2464,2024-09-03,12.0
1883,2466,2024-10-19,12.0
1884,2466,2024-11-18,12.0
1885,2466,2024-12-18,12.0
1886,2490,2024-09-08,12.0
1887,2493,2024-02-06,24.0
1888,2495,2024-12-09,12.0
1889,2504,2024-11-22,12.0
1890,2504,2024-12-22,12.0
1891,2509,2024-08-12,12.0
1892,2513,2024-03-05,24.0
1893,2513,2024-04-04,24.0
1894,2513,2024-05-04,24.0
1895,2513,2024-06-03,24.0
1896,2513,2024-07-03,24.0
1897,2513,2024-08-02,24.0
1898,2513,2024-09-01,24.0
1899,2513,2024-10-01,24.0
1900,2513,2024-10-31,24.0
1901,2513,2024-11-30,24.0
1902,2513,2024-12-30,24.0
1903,2515,2024-04-20,12.0
1904,2515,2024-05-20,12.0
1905,2515,2024-06-19,12.0
1906,2515,2024-07-19,12.0
1907,2515,2024-08-18,12.0
1908,2515,2024-09-17,12.0
1909,2515,2024-10-17,12.0
1910,2515,2024-11-16,12.0
1911,2515,2024-12-16,12.0
1912,2516,2024-11-22,12.0
1913,2516,2024-12-22,12.0
1914,2517,2024-03-17,24.0
1915,2534,2024-01-23,12.0
1916,2534,2024-02-22,12.0
1917,2534,2024-03-23,12.0
1918,2534,2024-04-22,12.0
1919,2534,2024-05-22,12.0
1920,2534,2024-06-21,12.0
1921,2534,2024-07-21,12.0
1922,2534,2024-08-20,12.0
1923,2534,2024-09-19,12.0
1924,2534,2024-10-19,12.0
1925,2534,2024-11-18,12.0
1926,2534,2024-12-18,12.0
1927,2538,2024-06-15,12.0
1928,2539,2024-01-21,24.0
1929,2539,2024-02-20,24.0
1930,2539,2024-03-21,24.0
1931,2539,2024-04-20,24.0
1932,2539,2024-05-20,24.0
1933,2539,2024-06-19,24.0
1934,2539,2024-07-19,24.0
1935,2539,2024-08-18,24.0
1936,2539,2024-09-17,24.0
1937,2539,2024-10-17,24.0
1938,2539,2024-11-16,24.0
1939,2539,2024-12-16,24.0
1940,2543,2024-06-02,24.0
1941,2545,2024-08-11,12.0
1942,2545,2024-09-10,12.0
1943,2545,2024-10-10,12.0
1944,2545,2024-11-09,12.0
1945,2545,2024-12-09,12.0
1946,2552,2024-07-30,12.0
1947,2552,2024-08-29,12.0
1948,2552,2024-09-28,12.0
1949,2552,2024-10-28,12.0
1950,2552,2024-11-27,12.0
1951,2552,2024-12-27,12.0
1952,2555,2024-05-11,12.0
1953,2555,2024-06-10,12.0
1954,2555,2024-07-10,12.0
1955,2555,2024-08-09,12.0
1956,2555,2024-09-08,12.0
1957,2555,2024-10-08,12.0
1958,2555,2024-11-07,12.0
1959,2555,2024-12-07,12.0
1960,2559,2024-07-18,12.0
1961,2562,2024-10-03,12.0
1962,2564,2024-08-05,12.0
1963,2564,2024-09-04,12.0
1964,2564,2024-10-04,12.0
1965,2564,2024-11-03,12.0
1966,2564,2024-12-03,12.0
1967,2571,2024-01-22,12.0
1968,2571,2024-02-21,12.0
1969,2571,2024-03-22,12.0
1970,2571,2024-04-21,12.0
1971,2571,2024-05-21,12.0
1972,2571,2024-06-20,12.0
1973,2571,2024-07-20,12.0
1974,2571,2024-08-19,12.0
1975,2571,2024-09-18,12.0
1976,2571,2024-10-18,12.0
1977,2571,2024-11-17,12.0
1978,2571,2024-12-17,12.0
1979,2582,2024-11-24,24.0
1980,2582,2024-12-24,24.0
1981,2595,2024-05-17,24.0
1982,2595,2024-06-16,24.0
1983,2595,2024-07-16,24.0
1984,2595,2024-08-15,24.0
1985,2595,2024-09-14,24.0
1986,2595,2024-10-14,24.0
1987,2595,2024-11-13,24.0
1988,2595,2024-12-13,24.0
1989,2604,2024-10-28,12.0
1990,2611,2024-12-09,12.0
1991,2612,2024-11-18,12.0
1992,2612,2024-12-18,12.0
1993,2619,2024-11-18,12.0
1994,2619,2024-12-18,12.0
1995,2622,2025-01-01,12.0
1996,2624,2024-12-25,12.0
1997,2643,2024-08-28,12.0
1998,2643,2024-09-27,12.0
1999,2643,2024-10-27,12.0
2000,2643,2024-11-26,12.0
2001,2643,2024-12-26,12.0
2002,2650,2024-11-27,12.0
2003,2650,2024-12-27,12.0
2004,2661,2024-11-25,12.0
2005,2661,2024-12-25,12.0
2006,2668,2024-02-15,12.0
2007,2684,2024-08-29,24.0
2008,2692,2024-06-17,12.0
2009,2692,2024-07-17,12.0
2010,2692,2024-08-16,12.0
2011,2692,2024-09-15,12.0
2012,2692,2024-10-15,12.0
2013,2692,2024-11-14,12.0
2014,2692,2024-12-14,12.0
2015,2694,2025-01-11,24.0
2016,2698,2024-01-29,12.0
2017,2698,2024-02-28,12.0
2018,2698,2024-03-29,12.0
2019,2698,2024-04-28,12.0
2020,2698,2024-05-28,12.0
2021,2698,2024-06-27,12.0
2022,2698,2024-07-27,12.0
2023,2698,2024-08-26,12.0
2024,2698,2024-09-25,12.0
2025,2698,2024-10-25,12.0
2026,2698,2024-11-24,12.0
2027,2698,2024-12-24,12.0
2028,2702,2024-08-12,24.0
2029,2702,2024-09-11,24.0
2030,2702,2024-10-11,24.0
2031,2702,2024-11-10,24.0
2032,2702,2024-12-10,24.0
2033,2703,2024-06-19,12.0
2034,2713,2024-04-29,12.0
2035,2713,2024-05-29,12.0
2036,2713,2024-06-28,12.0
2037,2713,2024-07-28,12.0
2038,2713,2024-08-27,12.0
2039,2713,2024-09-26,12.0
2040,2713,2024-10-26,12.0
2041,2713,2024-11-25,12.0
2042,2713,2024-12-25,12.0
2043,2714,2024-03-14,12.0
2044,2714,2024-04-13,12.0
2045,2714,2024-05-13,12.0
2046,2714,2024-06-12,12.0
2047,2714,2024-07-12,12.0
2048,2714,2024-08-11,12.0
2049,2714,2024-09-10,12.0
2050,2714,2024-10-10,12.0
2051,2714,2024-11-09,12.0
2052,2714,2024-12-09,12.0
2053,2717,2024-08-01,12.0
2054,2717,2024-08-31,12.0
2055,2717,2024-09-30,12.0
2056,2717,2024-10-30,12.0
2057,2717,2024-11-29,12.0
2058,2717,2024-12-29,12.0
2059,2721,2024-08-04,12.0
2060,2721,2024-09-03,12.0
2061,2721,2024-10-03,12.0
2062,2721,2024-11-02,12.0
2063,2721,2024-12-02,12.0
2064,2733,2024-08-20,12.0
2065,2733,2024-09-19,12.0
2066,2733,2024-10-19,12.0
2067,2733,2024-11-18,12.0
2068,2733,2024-12-18,12.0
2069,2738,2024-08-12,12.0
2070,2739,2024-10-10,12.0
2071,2739,2024-11-09,12.0
2072,2739,2024-12-09,12.0
2073,2743,2024-03-29,12.0
2074,2744,2024-11-01,12.0
2075,2744,2024-12-01,12.0
2076,2744,2024-12-31,12.0
2077,2748,2024-04-03,12.0
2078,2748,2024-05-03,12.0
2079,2748,2024-06-02,12.0
2080,2748,2024-07-02,12.0
2081,2748,2024-08-01,12.0
2082,2748,2024-08-31,12.0
2083,2748,2024-09-30,12.0
2084,2748,2024-10-30,12.0
2085,2748,2024-11-29,12.0
2086,2748,2024-12-29,12.0
2087,2751,2024-04-18,12.0
2088,2756,2024-11-10,12.0
2089,2766,2024-12-27,12.0
2090,2791,2024-11-23,24.0
2091,2791,2024-12-23,24.0
2092,2795,2024-11-27,24.0
2093,2798,2024-06-06,24.0
2094,2805,2024-03-07,12.0
2095,2819,2024-07-07,12.0
2096,2819,2024-08-06,12.0
2097,2819,2024-09-05,12.0
2098,2819,2024-10-05,12.0
2099,2819,2024-11-04,12.0
2100,2819,2024-12-04,12.0
2101,2823,2024-02-07,12.0
2102,2823,2024-03-08,12.0
2103,2823,2024-04-07,12.0
2104,2823,2024-05-07,12.0
2105,2823,2024-06-06,12.0
2106,2823,2024-07-06,12.0
2107,2823,2024-08-05,12.0
2108,2823,2024-09-04,12.0
2109,2823,2024-10-04,12.0
2110,2823,2024-11-03,12.0
2111,2823,2024-12-03,12.0
2112,2827,2024-07-19,12.0
2113,2829,2024-11-15,12.0
2114,2834,2024-11-19,12.0
2115,2834,2024-12-19,12.0
2116,2835,2024-10-04,12.0
2117,2835,2024-11-03,12.0
2118,2835,2024-12-03,12.0
2119,2840,2024-02-03,24.0
2120,2840,2024-03-04,24.0
2121,2840,2024-04-03,24.0
2122,2840,2024-05-03,24.0
2123,2840,2024-06-02,24.0
2124,2840,2024-07-02,24.0
2125,2840,2024-08-01,24.0
2126,2840,2024-08-31,24.0
2127,2840,2024-09-30,24.0
2128,2840,2024-10-30,24.0
2129,2840,2024-11-29,24.0
2130,2840,2024-12-29,24.0
2131,2863,2024-05-25,12.0
2132,2863,2024-06-24,12.0
2133,2863,2024-07-24,12.0
2134,2863,2024-08-23,12.0
2135,2863,2024-09-22,12.0
2136,2863,2024-10-22,12.0
2137,2863,2024-11-21,12.0
2138,2863,2024-12-21,12.0
2139,2871,2024-09-12,24.0
2140,2871,2024-10-12,24.0
2141,2871,2024-11-11,24.0
2142,2871,2024-12-11,24.0
2143,2872,2024-07-17,24.0
2144,2872,2024-08-16,24.0
2145,2872,2024-09-15,24.0
2146,2872,2024-10-15,24.0
2147,2872,2024-11-14,24.0
2148,2872,2024-12-14,24.0
2149,2874,2024-04-29,24.0
2150,2880,2024-01-17,12.0
2151,2882,2024-02-24,12.0
2152,2882,2024-03-25,12.0
2153,2882,2024-04-24,12.0
2154,2882,2024-05-24,12.0
2155,2882,2024-06-23,12.0
2156,2882,2024-07-23,12.0
2157,2882,2024-08-22,12.0
2158,2882,2024-09-21,12.0
2159,2882,2024-10-21,12.0
2160,2882,2024-11-20,12.0
2161,2882,2024-12-20,12.0
2162,2883,2024-08-18,12.0
2163,2889,2024-03-01,12.0
2164,2891,2024-03-18,12.0
2165,2893,2024-09-12,24.0
2166,2893,2024-10-12,24.0
2167,2893,2024-11-11,24.0
2168,2893,2024-12-11,24.0
2169,2895,2025-01-10,12.0
2170,2897,2025-01-07,12.0
2171,2899,2024-09-11,12.0
2172,2899,2024-10-11,12.0
2173,2899,2024-11-10,12.0
2174,2899,2024-12-10,12.0
2175,2902,2024-12-23,24.0
2176,2904,2025-01-14,12.0
2177,2905,2024-06-18,12.0
2178,2905,2024-07-18,12.0
2179,2905,2024-08-17,12.0
2180,2905,2024-09-16,12.0
2181,2905,2024-10-16,12.0
2182,2905,2024-11-15,12.0
2183,2905,2024-12-15,12.0
2184,2909,2024-12-22,12.0
2185,2913,2024-08-12,12.0
2186,2913,2024-09-11,12.0
2187,2913,2024-10-11,12.0
2188,2913,2024-11-10,12.0
2189,2913,2024-12-10,12.0
2190,2920,2024-10-13,24.0
2191,2928,2024-09-01,12.0
2192,2933,2024-08-23,12.0
2193,2933,2024-09-22,12.0
2194,2933,2024-10-22,12.0
2195,2933,2024-11-21,12.0
2196,2933,2024-12-21,12.0
2197,2935,2024-09-26,12.0
2198,2935,2024-10-26,12.0
2199,2935,2024-11-25,12.0
2200,2935,2024-12-25,12.0
2201,2941,2025-01-11,12.0
2202,2944,2024-03-27,12.0
2203,2948,2024-11-10,12.0
2204,2951,2024-03-19,12.0
2205,2951,2024-04-18,12.0
2206,2951,2024-05-18,12.0
2207,2951,2024-06-17,12.0
2208,2951,2024-07-17,12.0
2209,2951,2024-08-16,12.0
2210,2951,2024-09-15,12.0
2211,2951,2024-10-15,12.0
2212,2951,2024-11-14,12.0
2213,2951,2024-12-14,12.0
2214,2953,2024-03-18,24.0
2215,2953,2024-04-17,24.0
2216,2953,2024-05-17,24.0
2217,2953,2024-06-16,24.0
2218,2953,2024-07-16,24.0
2219,2953,2024-08-15,24.0
2220,2953,2024-09-14,24.0
2221,2953,2024-10-14,24.0
2222,2953,2024-11-13,24.0
2223,2953,2024-12-13,24.0
2224,2961,2024-11-09,12.0
2225,2961,2024-12-09,12.0
2226,2962,2025-01-06,24.0
2227,2984,2024-09-07,12.0
2228,2984,2024-10-07,12.0
2229,2984,2024-11-06,12.0
2230,2984,2024-12-06,12.0
2231,2986,2024-04-25,12.0
2232,2986,2024-05-25,12.0
2233,2986,2024-06-24,12.0
2234,2986,2024-07-24,12.0
2235,2986,2024-08-23,12.0
2236,2986,2024-09-22,12.0
2237,2986,2024-10-22,12.0
2238,2986,2024-11-21,12.0
2239,2986,2024-12-21,12.0
2240,2994,2024-08-18,12.0
2241,2994,2024-09-17,12.0
2242,2994,2024-10-17,12.0
2243,2994,2024-11-16,12.0
2244,2994,2024-12-16,12.0
2245,2997,2024-09-23,24.0
2246,2997,2024-10-23,24.0
2247,2997,2024-11-22,24.0
2248,2997,2024-12-22,24.0
2249,2999,2025-01-07,24.0
2250,3000,2024-02-27,12.0
2251,3000,2024-03-28,12.0
2252,3000,2024-04-27,12.0
2253,3000,2024-05-27,12.0
2254,3000,2024-06-26,12.0
2255,3000,2024-07-26,12.0
2256,3000,2024-08-25,12.0
2257,3000,2024-09-24,12.0
2258,3000,2024-10-24,12.0
2259,3000,2024-11-23,12.0
2260,3000,2024-12-23,12.0
2261,3002,2024-09-02,24.0
2262,3002,2024-10-02,24.0
2263,3002,2024-11-01,24.0
2264,3002,2024-12-01,24.0
2265,3002,2024-12-31,24.0
2266,3005,2024-02-22,12.0
2267,3020,2024-04-22,24.0
2268,3020,2024-05-22,24.0
2269,3020,2024-06-21,24.0
2270,3020,2024-07-21,24.0
2271,3020,2024-08-20,24.0
2272,3020,2024-09-19,24.0
2273,3020,2024-10-19,24.0
2274,3020,2024-11-18,24.0
2275,3020,2024-12-18,24.0
2276,3022,2024-10-24,12.0
2277,3028,2024-11-30,12.0
2278,3029,2024-09-05,12.0
2279,3030,2024-06-15,12.0
2280,3040,2024-09-16,24.0
2281,3040,2024-10-16,24.0
2282,3040,2024-11-15,24.0
2283,3040,2024-12-15,24.0
2284,3041,2024-06-17,12.0
2285,3045,2024-10-24,24.0
2286,3045,2024-11-23,24.0
2287,3045,2024-12-23,24.0
2288,3046,2025-01-08,12.0
2289,3054,2024-11-05,24.0
2290,3054,2024-12-05,24.0
2291,3055,2024-09-09,12.0
2292,3055,2024-10-09,12.0
2293,3055,2024-11-08,12.0
2294,3055,2024-12-08,12.0
2295,3060,2024-05-07,24.0
2296,3072,2025-01-02,12.0
2297,3078,2024-09-08,12.0
2298,3078,2024-10-08,12.0
2299,3078,2024-11-07,12.0
2300,3078,2024-12-07,12.0
2301,3079,2024-09-08,12.0
2302,3079,2024-10-08,12.0
2303,3079,2024-11-07,12.0
2304,3079,2024-12-07,12.0
2305,3085,2024-10-28,24.0
2306,3085,2024-11-27,24.0
2307,3085,2024-12-27,24.0
2308,3097,2024-02-21,12.0
2309,3097,2024-03-22,12.0
2310,3097,2024-04-21,12.0
2311,3097,2024-05-21,12.0
2312,3097,2024-06-20,12.0
2313,3097,2024-07-20,12.0
2314,3097,2024-08-19,12.0
2315,3097,2024-09-18,12.0
2316,3097,2024-10-18,12.0
2317,3097,2024-11-17,12.0
2318,3097,2024-12-17,12.0
2319,3103,2025-01-03,12.0
2320,3109,2024-04-02,24.0
2321,3117,2024-03-22,24.0
2322,3117,2024-04-21,24.0
2323,3117,2024-05-21,24.0
2324,3117,2024-06-20,24.0
2325,3117,2024-07-20,24.0
2326,3117,2024-08-19,24.0
2327,3117,2024-09-18,24.0
2328,3117,2024-10-18,24.0
2329,3117,2024-11-17,24.0
2330,3117,2024-12-17,24.0
2331,3119,2024-05-06,24.0
2332,3122,2024-05-30,24.0
2333,3126,2024-04-05,24.0
2334,3126,2024-05-05,24.0
2335,3126,2024-06-04,24.0
2336,3126,2024-07-04,24.0
2337,3126,2024-08-03,24.0
2338,3126,2024-09-02,24.0
2339,3126,2024-10-02,24.0
2340,3126,2024-11-01,24.0
2341,3126,2024-12-01,24.0
2342,3126,2024-12-31,24.0
2343,3132,2024-12-15,12.0
2344,3138,2024-02-09,12.0
2345,3139,2024-11-05,12.0
2346,3139,2024-12-05,12.0
2347,3143,2025-01-12,12.0
2348,3145,2024-11-21,12.0
2349,3145,2024-12-21,12.0
2350,3178,2024-06-11,12.0
2351,3185,2024-02-10,12.0
2352,3186,2024-02-19,12.0
2353,3186,2024-03-20,12.0
2354,3186,2024-04-19,12.0
2355,3186,2024-05-19,12.0
2356,3186,2024-06-18,12.0
2357,3186,2024-07-18,12.0
2358,3186,2024-08-17,12.0
2359,3186,2024-09-16,12.0
2360,3186,2024-10-16,12.0
2361,3186,2024-11-15,12.0
2362,3186,2024-12-15,12.0
2363,3193,2024-08-19,24.0
2364,3196,2024-06-19,12.0
2365,3196,2024-07-19,12.0
2366,3196,2024-08-18,12.0
2367,3196,2024-09-17,12.0
2368,3196,2024-10-17,12.0
2369,3196,2024-11-16,12.0
2370,3196,2024-12-16,12.0
2371,3217,2024-06-07,12.0
2372,3217,2024-07-07,12.0
2373,3217,2024-08-06,12.0
2374,3217,2024-09-05,12.0
2375,3217,2024-10-05,12.0
2376,3217,2024-11-04,12.0
2377,3217,2024-12-04,12.0
2378,3219,2024-05-09,12.0
2379,3220,2024-05-30,12.0
2380,3221,2024-05-09,24.0
2381,3221,2024-06-08,24.0
2382,3221,2024-07-08,24.0
2383,3221,2024-08-07,24.0
2384,3221,2024-09-06,24.0
2385,3221,2024-10-06,24.0
2386,3221,2024-11-05,24.0
2387,3221,2024-12-05,24.0
2388,3224,2024-10-06,12.0
2389,3226,2024-11-15,24.0
2390,3226,2024-12-15,24.0
2391,3234,2024-02-27,24.0
2392,3234,2024-03-28,24.0
2393,3234,2024-04-27,24.0
2394,3234,2024-05-27,24.0
2395,3234,2024-06-26,24.0
2396,3234,2024-07-26,24.0
2397,3234,2024-08-25,24.0
2398,3234,2024-09-24,24.0
2399,3234,2024-10-24,24.0
2400,3234,2024-11-23,24.0
2401,3234,2024-12-23,24.0
2402,3239,2024-06-08,12.0
2403,3246,2024-08-19,12.0
2404,3251,2025-01-06,12.0
2405,3253,2024-05-05,12.0
2406,3253,2024-06-04,12.0
2407,3253,2024-07-04,12.0
2408,3253,2024-08-03,12.0
2409,3253,2024-09-02,12.0
2410,3253,2024-10-02,12.0
2411,3253,2024-11-01,12.0
2412,3253,2024-12-01,12.0
2413,3253,2024-12-31,12.0
2414,3257,2024-02-28,24.0
2415,3257,2024-03-29,24.0
2416,3257,2024-04-28,24.0
2417,3257,2024-05-28,24.0
2418,3257,2024-06-27,24.0
2419,3257,2024-07-27,24.0
2420,3257,2024-08-26,24.0
2421,3257,2024-09-25,24.0
2422,3257,2024-10-25,24.0
2423,3257,2024-11-24,24.0
2424,3257,2024-12-24,24.0
2425,3260,2024-02-04,12.0
2426,3261,2024-02-18,24.0
2427,3274,2024-10-11,24.0
2428,3274,2024-11-10,24.0
2429,3274,2024-12-10,24.0
2430,3281,2024-09-28,12.0
2431,3288,2024-07-02,24.0
2432,3288,2024-08-01,24.0
2433,3288,2024-08-31,24.0
2434,3288,2024-09-30,24.0
2435,3288,2024-10-30,24.0
2436,3288,2024-11-29,24.0
2437,3288,2024-12-29,24.0
2438,3290,2024-07-06,12.0
2439,3293,2024-08-29,24.0
2440,3294,2024-07-28,24.0
2441,3294,2024-08-27,24.0
2442,3294,2024-09-26,24.0
2443,3294,2024-10-26,24.0
2444,3294,2024-11-25,24.0
2445,3294,2024-12-25,24.0
2446,3299,2024-07-24,12.0
2447,3302,2024-05-24,12.0
2448,3302,2024-06-23,12.0
2449,3302,2024-07-23,12.0
2450,3302,2024-08-22,12.0
2451,3302,2024-09-21,12.0
2452,3302,2024-10-21,12.0
2453,3302,2024-11-20,12.0
2454,3302,2024-12-20,12.0
2455,3318,2024-02-28,24.0
2456,3323,2024-10-12,24.0
2457,3324,2024-11-12,12.0
2458,3324,2024-12-12,12.0
2459,3327,2024-06-27,24.0
2460,3327,2024-07-27,24.0
2461,3327,2024-08-26,24.0
2462,3327,2024-09-25,24.0
2463,3327,2024-10-25,24.0
2464,3327,2024-11-24,24.0
2465,3327,2024-12-24,24.0
2466,3337,2024-08-08,12.0
2467,3337,2024-09-07,12.0
2468,3337,2024-10-07,12.0
2469,3337,2024-11-06,12.0
2470,3337,2024-12-06,12.0
2471,3338,2024-12-09,12.0
2472,3346,2024-09-30,12.0
2473,3348,2024-09-01,24.0
2474,3348,2024-10-01,24.0
2475,3348,2024-10-31,24.0
2476,3348,2024-11-30,24.0
2477,3348,2024-12-30,24.0
2478,3349,2024-11-03,24.0
2479,3352,2024-03-04,12.0
2480,3354,2024-05-28,24.0
2481,3356,2024-06-08,12.0
2482,3356,2024-07-08,12.0
2483,3356,2024-08-07,12.0
2484,3356,2024-09-06,12.0
2485,3356,2024-10-06,12.0
2486,3356,2024-11-05,12.0
2487,3356,2024-12-05,12.0
2488,3359,2024-10-01,12.0
2489,3359,2024-10-31,12.0
2490,3359,2024-11-30,12.0
2491,3359,2024-12-30,12.0
2492,3360,2024-09-28,24.0
2493,3360,2024-10-28,24.0
2494,3360,2024-11-27,24.0
2495,3360,2024-12-27,24.0
2496,3382,2024-12-02,12.0
2497,3387,2024-08-18,12.0
2498,3387,2024-09-17,12.0
2499,3387,2024-10-17,12.0
2500,3387,2024-11-16,12.0
2501,3387,2024-12-16,12.0
2502,3391,2024-03-15,24.0
2503,3391,2024-04-14,24.0
2504,3391,2024-05-14,24.0
2505,3391,2024-06-13,24.0
2506,3391,2024-07-13,24.0
2507,3391,2024-08-12,24.0
2508,3391,2024-09-11,24.0
2509,3391,2024-10-11,24.0
2510,3391,2024-11-10,24.0
2511,3391,2024-12-10,24.0
2512,3401,2024-02-14,12.0
2513,3405,2024-12-07,12.0
2514,3409,2024-08-01,24.0
2515,3413,2024-08-04,24.0
2516,3415,2024-05-17,12.0
2517,3421,2024-11-30,24.0
2518,3421,2024-12-30,24.0
2519,3424,2024-06-26,12.0
2520,3426,2024-08-11,24.0
2521,3426,2024-09-10,24.0
2522,3426,2024-10-10,24.0
2523,3426,2024-11-09,24.0
2524,3426,2024-12-09,24.0
2525,3427,2024-02-22,12.0
2526,3427,2024-03-23,12.0
2527,3427,2024-04-22,12.0
2528,3427,2024-05-22,12.0
2529,3427,2024-06-21,12.0
2530,3427,2024-07-21,12.0
2531,3427,2024-08-20,12.0
2532,3427,2024-09-19,12.0
2533,3427,2024-10-19,12.0
2534,3427,2024-11-18,12.0
2535,3427,2024-12-18,12.0
2536,3431,2024-08-21,12.0
2537,3448,2024-10-27,12.0
2538,3448,2024-11-26,12.0
2539,3448,2024-12-26,12.0
2540,3455,2025-01-10,24.0
2541,3472,2024-07-12,12.0
2542,3472,2024-08-11,12.0
2543,3472,2024-09-10,12.0
2544,3472,2024-10-10,12.0
2545,3472,2024-11-09,12.0
2546,3472,2024-12-09,12.0
2547,3478,2024-12-18,12.0
2548,3481,2024-07-09,12.0
2549,3482,2024-10-09,12.0
2550,3489,2024-04-12,12.0
2551,3498,2024-10-29,12.0
2552,3502,2024-08-24,24.0
2553,3504,2024-09-20,12.0
2554,3504,2024-10-20,12.0
2555,3504,2024-11-19,12.0
2556,3504,2024-12-19,12.0
2557,3508,2024-11-14,12.0
2558,3509,2024-10-02,12.0
2559,3518,2024-03-28,12.0
2560,3518,2024-04-27,12.0
2561,3518,2024-05-27,12.0
2562,3518,2024-06-26,12.0
2563,3518,2024-07-26,12.0
2564,3518,2024-08-25,12.0
2565,3518,2024-09-24,12.0
2566,3518,2024-10-24,12.0
2567,3518,2024-11-23,12.0
2568,3518,2024-12-23,12.0
2569,3524,2024-06-18,12.0
2570,3527,2024-03-01,24.0
2571,3527,2024-03-31,24.0
2572,3527,2024-04-30,24.0
2573,3527,2024-05-30,24.0
2574,3527,2024-06-29,24.0
2575,3527,2024-07-29,24.0
2576,3527,2024-08-28,24.0
2577,3527,2024-09-27,24.0
2578,3527,2024-10-27,24.0
2579,3527,2024-11-26,24.0
2580,3527,2024-12-26,24.0
2581,3549,2024-03-04,24.0
2582,3549,2024-04-03,24.0
2583,3549,2024-05-03,24.0
2584,3549,2024-06-02,24.0
2585,3549,2024-07-02,24.0
2586,3549,2024-08-01,24.0
2587,3549,2024-08-31,24.0
2588,3549,2024-09-30,24.0
2589,3549,2024-10-30,24.0
2590,3549,2024-11-29,24.0
2591,3549,2024-12-29,24.0
2592,3554,2024-08-06,12.0
2593,3554,2024-09-05,12.0
2594,3554,2024-10-05,12.0
2595,3554,2024-11-04,12.0
2596,3554,2024-12-04,12.0
2597,3558,2024-12-22,12.0
2598,3560,2024-08-05,12.0
2599,3560,2024-09-04,12.0
2600,3560,2024-10-04,12.0
2601,3560,2024-11-03,12.0
2602,3560,2024-12-03,12.0
2603,3563,2024-12-16,12.0
2604,3584,2024-10-17,12.0
2605,3584,2024-11-16,12.0
2606,3584,2024-12-16,12.0
2607,3585,2024-12-18,12.0
2608,3587,2024-06-20,12.0
2609,3593,2024-11-12,24.0
2610,3600,2024-07-08,12.0
2611,3600,2024-08-07,12.0
2612,3600,2024-09-06,12.0
2613,3600,2024-10-06,12.0
2614,3600,2024-11-05,12.0
2615,3600,2024-12-05,12.0
2616,3601,2024-05-12,12.0
2617,3612,2024-05-27,12.0
2618,3612,2024-06-26,12.0
2619,3612,2024-07-26,12.0
2620,3612,2024-08-25,12.0
2621,3612,2024-09-24,12.0
2622,3612,2024-10-24,12.0
2623,3612,2024-11-23,12.0
2624,3612,2024-12-23,12.0
2625,3616,2024-10-06,12.0
2626,3616,2024-11-05,12.0
2627,3616,2024-12-05,12.0
2628,3619,2024-05-25,12.0
2629,3627,2024-12-08,24.0
2630,3630,2024-04-03,24.0
2631,3645,2024-02-06,24.0
2632,3654,2024-04-09,12.0
2633,3654,2024-05-09,12.0
2634,3654,2024-06-08,12.0
2635,3654,2024-07-08,12.0
2636,3654,2024-08-07,12.0
2637,3654,2024-09-06,12.0
2638,3654,2024-10-06,12.0
2639,3654,2024-11-05,12.0
2640,3654,2024-12-05,12.0
2641,3659,2024-12-08,12.0
2642,3670,2024-08-26,12.0
2643,3680,2024-02-06,12.0
2644,3680,2024-03-07,12.0
2645,3680,2024-04-06,12.0
2646,3680,2024-05-06,12.0
2647,3680,2024-06-05,12.0
2648,3680,2024-07-05,12.0
2649,3680,2024-08-04,12.0
2650,3680,2024-09-03,12.0
2651,3680,2024-10-03,12.0
2652,3680,2024-11-02,12.0
2653,3680,2024-12-02,12.0
2654,3682,2024-03-26,12.0
2655,3682,2024-04-25,12.0
2656,3682,2024-05-25,12.0
2657,3682,2024-06-24,12.0
2658,3682,2024-07-24,12.0
2659,3682,2024-08-23,12.0
2660,3682,2024-09-22,12.0
2661,3682,2024-10-22,12.0
2662,3682,2024-11-21,12.0
2663,3682,2024-12-21,12.0
2664,3684,2024-07-26,12.0
2665,3684,2024-08-25,12.0
2666,3684,2024-09-24,12.0
2667,3684,2024-10-24,12.0
2668,3684,2024-11-23,12.0
2669,3684,2024-12-23,12.0
2670,3697,2024-05-17,12.0
2671,3697,2024-06-16,12.0
2672,3697,2024-07-16,12.0
2673,3697,2024-08-15,12.0
2674,3697,2024-09-14,12.0
2675,3697,2024-10-14,12.0
2676,3697,2024-11-13,12.0
2677,3697,2024-12-13,12.0
2678,3699,2024-01-26,12.0
2679,3702,2024-04-26,12.0
2680,3702,2024-05-26,12.0
2681,3702,2024-06-25,12.0
2682,3702,2024-07-25,12.0
2683,3702,2024-08-24,12.0
2684,3702,2024-09-23,12.0
2685,3702,2024-10-23,12.0
2686,3702,2024-11-22,12.0
2687,3702,2024-12-22,12.0
2688,3709,2024-07-08,24.0
2689,3709,2024-08-07,24.0
2690,3709,2024-09-06,24.0
2691,3709,2024-10-06,24.0
2692,3709,2024-11-05,24.0
2693,3709,2024-12-05,24.0
2694,3713,2025-01-12,12.0
2695,3714,2024-10-27,12.0
2696,3714,2024-11-26,12.0
2697,3714,2024-12-26,12.0
2698,3721,2024-09-17,12.0
2699,3721,2024-10-17,12.0
2700,3721,2024-11-16,12.0
2701,3721,2024-12-16,12.0
2702,3722,2024-08-05,12.0
2703,3742,2024-04-03,24.0
2704,3742,2024-05-03,24.0
2705,3742,2024-06-02,24.0
2706,3742,2024-07-02,24.0
2707,3742,2024-08-01,24.0
2708,3742,2024-08-31,24.0
2709,3742,2024-09-30,24.0
2710,3742,2024-10-30,24.0
2711,3742,2024-11-29,24.0
2712,3742,2024-12-29,24.0
2713,3743,2024-12-01,12.0
2714,3745,2024-02-24,12.0
2715,3745,2024-03-25,12.0
2716,3745,2024-04-24,12.0
2717,3745,2024-05-24,12.0
2718,3745,2024-06-23,12.0
2719,3745,2024-07-23,12.0
2720,3745,2024-08-22,12.0
2721,3745,2024-09-21,12.0
2722,3745,2024-10-21,12.0
2723,3745,2024-11-20,12.0
2724,3745,2024-12-20,12.0
2725,3751,2024-02-20,24.0
2726,3763,2024-02-22,12.0
2727,3763,2024-03-23,12.0
2728,3763,2024-04-22,12.0
2729,3763,2024-05-22,12.0
2730,3763,2024-06-21,12.0
2731,3763,2024-07-21,12.0
2732,3763,2024-08-20,12.0
2733,3763,2024-09-19,12.0
2734,3763,2024-10-19,12.0
2735,3763,2024-11-18,12.0
2736,3763,2024-12-18,12.0
2737,3765,2024-02-10,12.0
2738,3782,2024-11-24,12.0
2739,3782,2024-12-24,12.0
2740,3785,2024-08-09,12.0
2741,3785,2024-09-08,12.0
2742,3785,2024-10-08,12.0
2743,3785,2024-11-07,12.0
2744,3785,2024-12-07,12.0
2745,3790,2024-10-07,24.0
2746,3790,2024-11-06,24.0
2747,3790,2024-12-06,24.0
2748,3795,2024-08-21,12.0
2749,3796,2024-09-22,12.0
2750,3796,2024-10-22,12.0
2751,3796,2024-11-21,12.0
2752,3796,2024-12-21,12.0
2753,3797,2024-09-21,12.0
2754,3797,2024-10-21,12.0
2755,3797,2024-11-20,12.0
2756,3797,2024-12-20,12.0
2757,3807,2024-09-28,12.0
2758,3807,2024-10-28,12.0
2759,3807,2024-11-27,12.0
2760,3807,2024-12-27,12.0
2761,3821,2024-11-02,24.0
2762,3821,2024-12-02,24.0
2763,3822,2024-09-13,12.0
2764,3825,2024-10-18,24.0
2765,3827,2024-05-06,24.0
2766,3827,2024-06-05,24.0
2767,3827,2024-07-05,24.0
2768,3827,2024-08-04,24.0
2769,3827,2024-09-03,24.0
2770,3827,2024-10-03,24.0
2771,3827,2024-11-02,24.0
2772,3827,2024-12-02,24.0
2773,3833,2024-06-30,24.0
2774,3833,2024-07-30,24.0
2775,3833,2024-08-29,24.0
2776,3833,2024-09-28,24.0
2777,3833,2024-10-28,24.0
2778,3833,2024-11-27,24.0
2779,3833,2024-12-27,24.0
2780,3836,2024-07-10,12.0
2781,3836,2024-08-09,12.0
2782,3836,2024-09-08,12.0
2783,3836,2024-10-08,12.0
2784,3836,2024-11-07,12.0
2785,3836,2024-12-07,12.0
2786,3840,2024-05-12,12.0
2787,3840,2024-06-11,12.0
2788,3840,2024-07-11,12.0
2789,3840,2024-08-10,12.0
2790,3840,2024-09-09,12.0
2791,3840,2024-10-09,12.0
2792,3840,2024-11-08,12.0
2793,3840,2024-12-08,12.0
2794,3853,2024-06-11,12.0
2795,3853,2024-07-11,12.0
2796,3853,2024-08-10,12.0
2797,3853,2024-09-09,12.0
2798,3853,2024-10-09,12.0
2799,3853,2024-11-08,12.0
2800,3853,2024-12-08,12.0
2801,3857,2024-11-13,24.0
2802,3857,2024-12-13,24.0
2803,3862,2024-01-28,24.0
2804,3864,2024-06-03,24.0
2805,3864,2024-07-03,24.0
2806,3864,2024-08-02,24.0
2807,3864,2024-09-01,24.0
2808,3864,2024-10-01,24.0
2809,3864,2024-10-31,24.0
2810,3864,2024-11-30,24.0
2811,3864,2024-12-30,24.0
2812,3868,2024-05-01,12.0
2813,3868,2024-05-31,12.0
2814,3868,2024-06-30,12.0
2815,3868,2024-07-30,12.0
2816,3868,2024-08-29,12.0
2817,3868,2024-09-28,12.0
2818,3868,2024-10-28,12.0
2819,3868,2024-11-27,12.0
2820,3868,2024-12-27,12.0
2821,3872,2024-04-09,12.0
2822,3877,2024-01-16,24.0
2823,3877,2024-02-15,24.0
2824,3877,2024-03-16,24.0
2825,3877,2024-04-15,24.0
2826,3877,2024-05-15,24.0
2827,3877,2024-06-14,24.0
2828,3877,2024-07-14,24.0
2829,3877,2024-08-13,24.0
2830,3877,2024-09-12,24.0
2831,3877,2024-10-12,24.0
2832,3877,2024-11-11,24.0
2833,3877,2024-12-11,24.0
2834,3878,2025-01-01,12.0
2835,3881,2024-10-15,24.0
2836,3881,2024-11-14,24.0
2837,3881,2024-12-14,24.0
2838,3883,2024-10-14,12.0
2839,3884,2024-07-18,12.0
2840,3884,2024-08-17,12.0
2841,3884,2024-09-16,12.0
2842,3884,2024-10-16,12.0
2843,3884,2024-11-15,12.0
2844,3884,2024-12-15,12.0
2845,3890,2024-05-01,24.0
2846,3896,2024-09-10,12.0
2847,3896,2024-10-10,12.0
2848,3896,2024-11-09,12.0
2849,3896,2024-12-09,12.0
2850,3901,2024-03-17,12.0
2851,3901,2024-04-16,12.0
2852,3901,2024-05-16,12.0
2853,3901,2024-06-15,12.0
2854,3901,2024-07-15,12.0
2855,3901,2024-08-14,12.0
2856,3901,2024-09-13,12.0
2857,3901,2024-10-13,12.0
2858,3901,2024-11-12,12.0
2859,3901,2024-12-12,12.0
2860,3905,2024-06-15,12.0
2861,3905,2024-07-15,12.0
2862,3905,2024-08-14,12.0
2863,3905,2024-09-13,12.0
2864,3905,2024-10-13,12.0
2865,3905,2024-11-12,12.0
2866,3905,2024-12-12,12.0
2867,3909,2024-08-16,24.0
2868,3909,2024-09-15,24.0
2869,3909,2024-10-15,24.0
2870,3909,2024-11-14,24.0
2871,3909,2024-12-14,24.0
2872,3911,2024-08-03,24.0
2873,3911,2024-09-02,24.0
2874,3911,2024-10-02,24.0
2875,3911,2024-11-01,24.0
2876,3911,2024-12-01,24.0
2877,3911,2024-12-31,24.0
2878,3912,2024-07-21,12.0
2879,3914,2024-06-20,12.0
2880,3915,2024-06-24,12.0
2881,3919,2024-09-25,12.0
2882,3923,2024-06-03,12.0
2883,3923,2024-07-03,12.0
2884,3923,2024-08-02,12.0
2885,3923,2024-09-01,12.0
2886,3923,2024-10-01,12.0
2887,3923,2024-10-31,12.0
2888,3923,2024-11-30,12.0
2889,3923,2024-12-30,12.0
2890,3926,2024-08-20,24.0
2891,3941,2024-02-15,12.0
2892,3942,2024-04-03,12.0
2893,3942,2024-05-03,12.0
2894,3942,2024-06-02,12.0
2895,3942,2024-07-02,12.0
2896,3942,2024-08-01,12.0
2897,3942,2024-08-31,12.0
2898,3942,2024-09-30,12.0
2899,3942,2024-10-30,12.0
2900,3942,2024-11-29,12.0
2901,3942,2024-12-29,12.0
2902,3949,2024-12-07,12.0
2903,3950,2024-05-15,12.0
2904,3952,2025-01-01,12.0
2905,3954,2024-10-13,24.0
2906,3954,2024-11-12,24.0
2907,3954,2024-12-12,24.0
2908,3956,2024-09-03,24.0
2909,3956,2024-10-03,24.0
2910,3956,2024-11-02,24.0
2911,3956,2024-12-02,24.0
2912,3961,2024-05-23,24.0
2913,3961,2024-06-22,24.0
2914,3961,2024-07-22,24.0
2915,3961,2024-08-21,24.0
2916,3961,2024-09-20,24.0
2917,3961,2024-10-20,24.0
2918,3961,2024-11-19,24.0
2919,3961,2024-12-19,24.0
2920,3966,2024-02-23,24.0
2921,3973,2024-08-09,12.0
2922,3973,2024-09-08,12.0
2923,3973,2024-10-08,12.0
2924,3973,2024-11-07,12.0
2925,3973,2024-12-07,12.0
2926,3985,2024-06-13,12.0
2927,3985,2024-07-13,12.0
2928,3985,2024-08-12,12.0
2929,3985,2024-09-11,12.0
2930,3985,2024-10-11,12.0
2931,3985,2024-11-10,12.0
2932,3985,2024-12-10,12.0
2933,3987,2024-04-17,12.0
2934,3987,2024-05-17,12.0
2935,3987,2024-06-16,12.0
2936,3987,2024-07-16,12.0
2937,3987,2024-08-15,12.0
2938,3987,2024-09-14,12.0
2939,3987,2024-10-14,12.0
2940,3987,2024-11-13,12.0
2941,3987,2024-12-13,12.0
2942,3992,2024-07-02,24.0
2943,3992,2024-08-01,24.0
2944,3992,2024-08-31,24.0
2945,3992,2024-09-30,24.0
2946,3992,2024-10-30,24.0
2947,3992,2024-11-29,24.0
2948,3992,2024-12-29,24.0
2949,3995,2024-04-23,24.0
2950,3995,2024-05-23,24.0
2951,3995,2024-06-22,24.0
2952,3995,2024-07-22,24.0
2953,3995,2024-08-21,24.0
2954,3995,2024-09-20,24.0
2955,3995,2024-10-20,24.0
2956,3995,2024-11-19,24.0
2957,3995,2024-12-19,24.0
2958,3996,2024-01-23,24.0
2959,3996,2024-02-22,24.0
2960,3996,2024-03-23,24.0
2961,3996,2024-04-22,24.0
2962,3996,2024-05-22,24.0
2963,3996,2024-06-21,24.0
2964,3996,2024-07-21,24.0
2965,3996,2024-08-20,24.0
2966,3996,2024-09-19,24.0
2967,3996,2024-10-19,24.0
2968,3996,2024-11-18,24.0
2969,3996,2024-12-18,24.0
2970,4001,2024-10-13,24.0
2971,4001,2024-11-12,24.0
2972,4001,2024-12-12,24.0
2973,4003,2024-11-27,12.0
2974,4006,2024-04-01,12.0
2975,4006,2024-05-01,12.0
2976,4006,2024-05-31,12.0
2977,4006,2024-06-30,12.0
2978,4006,2024-07-30,12.0
2979,4006,2024-08-29,12.0
2980,4006,2024-09-28,12.0
2981,4006,2024-10-28,12.0
2982,4006,2024-11-27,12.0
2983,4006,2024-12-27,12.0
2984,4019,2024-02-21,24.0
2985,4021,2024-04-16,12.0
2986,4021,2024-05-16,12.0
2987,4021,2024-06-15,12.0
2988,4021,2024-07-15,12.0
2989,4021,2024-08-14,12.0
2990,4021,2024-09-13,12.0
2991,4021,2024-10-13,12.0
2992,4021,2024-11-12,12.0
2993,4021,2024-12-12,12.0
2994,4022,2024-04-06,12.0
2995,4025,2024-11-09,24.0
2996,4026,2024-12-28,24.0
2997,4034,2024-08-15,24.0
2998,4034,2024-09-14,24.0
2999,4034,2024-10-14,24.0
3000,4034,2024-11-13,24.0
3001,4034,2024-12-13,24.0
3002,4035,2024-03-09,12.0
3003,4036,2024-06-22,12.0
3004,4036,2024-07-22,12.0
3005,4036,2024-08-21,12.0
3006,4036,2024-09-20,12.0
3007,4036,2024-10-20,12.0
3008,4036,2024-11-19,12.0
3009,4036,2024-12-19,12.0
3010,4037,2024-05-24,24.0
3011,4037,2024-06-23,24.0
3012,4037,2024-07-23,24.0
3013,4037,2024-08-22,24.0
3014,4037,2024-09-21,24.0
3015,4037,2024-10-21,24.0
3016,4037,2024-11-20,24.0
3017,4037,2024-12-20,24.0
3018,4040,2024-11-18,12.0
3019,4040,2024-12-18,12.0
3020,4045,2024-07-25,12.0
3021,4045,2024-08-24,12.0
3022,4045,2024-09-23,12.0
3023,4045,2024-10-23,12.0
3024,4045,2024-11-22,12.0
3025,4045,2024-12-22,12.0
3026,4052,2024-09-27,12.0
3027,4053,2024-08-16,12.0
3028,4053,2024-09-15,12.0
3029,4053,2024-10-15,12.0
3030,4053,2024-11-14,12.0
3031,4053,2024-12-14,12.0
3032,4059,2024-06-23,12.0
3033,4069,2024-12-17,12.0
3034,4072,2024-09-20,12.0
3035,4072,2024-10-20,12.0
3036,4072,2024-11-19,12.0
3037,4072,2024-12-19,12.0
3038,4080,2024-07-13,12.0
3039,4080,2024-08-12,12.0
3040,4080,2024-09-11,12.0
3041,4080,2024-10-11,12.0
3042,4080,2024-11-10,12.0
3043,4080,2024-12-10,12.0
3044,4086,2024-12-22,24.0
3045,4093,2024-11-23,24.0
3046,4093,2024-12-23,24.0
3047,4105,2024-12-17,24.0
3048,4106,2024-02-25,12.0
3049,4106,2024-03-26,12.0
3050,4106,2024-04-25,12.0
3051,4106,2024-05-25,12.0
3052,4106,2024-06-24,12.0
3053,4106,2024-07-24,12.0
3054,4106,2024-08-23,12.0
3055,4106,2024-09-22,12.0
3056,4106,2024-10-22,12.0
3057,4106,2024-11-21,12.0
3058,4106,2024-12-21,12.0
3059,4111,2024-05-25,12.0
3060,4111,2024-06-24,12.0
3061,4111,2024-07-24,12.0
3062,4111,2024-08-23,12.0
3063,4111,2024-09-22,12.0
3064,4111,2024-10-22,12.0
3065,4111,2024-11-21,12.0
3066,4111,2024-12-21,12.0
3067,4116,2024-05-06,12.0
3068,4122,2024-11-10,24.0
3069,4122,2024-12-10,24.0
3070,4130,2024-12-17,12.0
3071,4133,2024-07-05,12.0
3072,4134,2024-08-04,12.0
3073,4134,2024-09-03,12.0
3074,4134,2024-10-03,12.0
3075,4134,2024-11-02,12.0
3076,4134,2024-12-02,12.0
3077,4145,2024-07-23,12.0
3078,4145,2024-08-22,12.0
3079,4145,2024-09-21,12.0
3080,4145,2024-10-21,12.0
3081,4145,2024-11-20,12.0
3082,4145,2024-12-20,12.0
3083,4149,2024-07-07,12.0
3084,4149,2024-08-06,12.0
3085,4149,2024-09-05,12.0
3086,4149,2024-10-05,12.0
3087,4149,2024-11-04,12.0
3088,4149,2024-12-04,12.0
3089,4153,2024-07-10,12.0
3090,4153,2024-08-09,12.0
3091,4153,2024-09-08,12.0
3092,4153,2024-10-08,12.0
3093,4153,2024-11-07,12.0
3094,4153,2024-12-07,12.0
3095,4154,2024-07-22,24.0
3096,4159,2024-07-14,12.0
3097,4166,2024-04-28,12.0
3098,4166,2024-05-28,12.0
3099,4166,2024-06-27,12.0
3100,4166,2024-07-27,12.0
3101,4166,2024-08-26,12.0
3102,4166,2024-09-25,12.0
3103,4166,2024-10-25,12.0
3104,4166,2024-11-24,12.0
3105,4166,2024-12-24,12.0
3106,4167,2024-01-24,12.0
3107,4174,2024-05-15,24.0
3108,4175,2024-11-08,12.0
3109,4178,2025-01-09,12.0
3110,4182,2024-03-08,12.0
3111,4182,2024-04-07,12.0
3112,4182,2024-05-07,12.0
3113,4182,2024-06-06,12.0
3114,4182,2024-07-06,12.0
3115,4182,2024-08-05,12.0
3116,4182,2024-09-04,12.0
3117,4182,2024-10-04,12.0
3118,4182,2024-11-03,12.0
3119,4182,2024-12-03,12.0
3120,4190,2024-07-30,12.0
3121,4190,2024-08-29,12.0
3122,4190,2024-09-28,12.0
3123,4190,2024-10-28,12.0
3124,4190,2024-11-27,12.0
3125,4190,2024-12-27,12.0
3126,4193,2024-08-20,24.0
3127,4193,2024-09-19,24.0
3128,4193,2024-10-19,24.0
3129,4193,2024-11-18,24.0
3130,4193,2024-12-18,24.0
3131,4203,2024-02-29,12.0
3132,4207,2024-04-04,12.0
3133,4207,2024-05-04,12.0
3134,4207,2024-06-03,12.0
3135,4207,2024-07-03,12.0
3136,4207,2024-08-02,12.0
3137,4207,2024-09-01,12.0
3138,4207,2024-10-01,12.0
3139,4207,2024-10-31,12.0
3140,4207,2024-11-30,12.0
3141,4207,2024-12-30,12.0
3142,4209,2024-07-12,12.0
3143,4209,2024-08-11,12.0
3144,4209,2024-09-10,12.0
3145,4209,2024-10-10,12.0
3146,4209,2024-11-09,12.0
3147,4209,2024-12-09,12.0
3148,4210,2024-04-10,12.0
3149,4210,2024-05-10,12.0
3150,4210,2024-06-09,12.0
3151,4210,2024-07-09,12.0
3152,4210,2024-08-08,12.0
3153,4210,2024-09-07,12.0
3154,4210,2024-10-07,12.0
3155,4210,2024-11-06,12.0
3156,4210,2024-12-06,12.0
3157,4220,2024-10-03,24.0
3158,4220,2024-11-02,24.0
3159,4220,2024-12-02,24.0
3160,4226,2024-12-06,12.0
3161,4227,2024-09-05,12.0
3162,4231,2025-01-07,12.0
3163,4233,2024-10-20,12.0
3164,4233,2024-11-19,12.0
3165,4233,2024-12-19,12.0
3166,4234,2024-11-01,12.0
3167,4235,2024-02-13,24.0
3168,4235,2024-03-14,24.0
3169,4235,2024-04-13,24.0
3170,4235,2024-05-13,24.0
3171,4235,2024-06-12,24.0
3172,4235,2024-07-12,24.0
3173,4235,2024-08-11,24.0
3174,4235,2024-09-10,24.0
3175,4235,2024-10-10,24.0
3176,4235,2024-11-09,24.0
3177,4235,2024-12-09,24.0
3178,4237,2024-06-20,12.0
3179,4237,2024-07-20,12.0
3180,4237,2024-08-19,12.0
3181,4237,2024-09-18,12.0
3182,4237,2024-10-18,12.0
3183,4237,2024-11-17,12.0
3184,4237,2024-12-17,12.0
3185,4240,2024-09-25,24.0
3186,4240,2024-10-25,24.0
3187,4240,2024-11-24,24.0
3188,4240,2024-12-24,24.0
3189,4242,2024-11-21,24.0
3190,4242,2024-12-21,24.0
3191,4243,2024-07-24,24.0
3192,4244,2024-08-03,12.0
3193,4244,2024-09-02,12.0
3194,4244,2024-10-02,12.0
3195,4244,2024-11-01,12.0
3196,4244,2024-12-01,12.0
3197,4244,2024-12-31,12.0
3198,4247,2024-11-28,12.0
3199,4247,2024-12-28,12.0
3200,4255,2024-11-27,24.0
3201,4270,2024-10-28,12.0
3202,4277,2024-06-25,24.0
3203,4285,2024-12-12,12.0
3204,4288,2024-04-15,12.0
3205,4288,2024-05-15,12.0
3206,4288,2024-06-14,12.0
3207,4288,2024-07-14,12.0
3208,4288,2024-08-13,12.0
3209,4288,2024-09-12,12.0
3210,4288,2024-10-12,12.0
3211,4288,2024-11-11,12.0
3212,4288,2024-12-11,12.0
3213,4289,2025-01-14,12.0
3214,4291,2024-02-21,12.0
3215,4291,2024-03-22,12.0
3216,4291,2024-04-21,12.0
3217,4291,2024-05-21,12.0
3218,4291,2024-06-20,12.0
3219,4291,2024-07-20,12.0
3220,4291,2024-08-19,12.0
3221,4291,2024-09-18,12.0
3222,4291,2024-10-18,12.0
3223,4291,2024-11-17,12.0
3224,4291,2024-12-17,12.0
3225,4303,2025-01-15,12.0
3226,4317,2024-12-25,12.0
3227,4319,2024-11-28,24.0
3228,4319,2024-12-28,24.0
3229,4320,2024-06-22,12.0
3230,4326,2024-08-18,12.0
3231,4326,2024-09-17,12.0
3232,4326,2024-10-17,12.0
3233,4326,2024-11-16,12.0
3234,4326,2024-12-16,12.0
3235,4329,2024-11-25,12.0
3236,4329,2024-12-25,12.0
3237,4333,2024-02-13,12.0
3238,4347,2024-10-30,12.0
3239,4347,2024-11-29,12.0
3240,4347,2024-12-29,12.0
3241,4362,2024-08-16,12.0
3242,4362,2024-09-15,12.0
3243,4362,2024-10-15,12.0
3244,4362,2024-11-14,12.0
3245,4362,2024-12-14,12.0
3246,4364,2025-01-08,12.0
3247,4366,2024-03-06,12.0
3248,4366,2024-04-05,12.0
3249,4366,2024-05-05,12.0
3250,4366,2024-06-04,12.0
3251,4366,2024-07-04,12.0
3252,4366,2024-08-03,12.0
3253,4366,2024-09-02,12.0
3254,4366,2024-10-02,12.0
3255,4366,2024-11-01,12.0
3256,4366,2024-12-01,12.0
3257,4366,2024-12-31,12.0
3258,4371,2024-05-12,12.0
3259,4379,2024-12-11,12.0
3260,4382,2024-05-25,24.0
3261,4382,2024-06-24,24.0
3262,4382,2024-07-24,24.0
3263,4382,2024-08-23,24.0
3264,4382,2024-09-22,24.0
3265,4382,2024-10-22,24.0
3266,4382,2024-11-21,24.0
3267,4382,2024-12-21,24.0
3268,4386,2024-12-20,24.0
3269,4390,2024-08-30,24.0
3270,4390,2024-09-29,24.0
3271,4390,2024-10-29,24.0
3272,4390,2024-11-28,24.0
3273,4390,2024-12-28,24.0
3274,4394,2024-09-22,12.0
3275,4395,2024-06-10,12.0
3276,4395,2024-07-10,12.0
3277,4395,2024-08-09,12.0
3278,4395,2024-09-08,12.0
3279,4395,2024-10-08,12.0
3280,4395,2024-11-07,12.0
3281,4395,2024-12-07,12.0
3282,4396,2024-07-08,12.0
3283,4396,2024-08-07,12.0
3284,4396,2024-09-06,12.0
3285,4396,2024-10-06,12.0
3286,4396,2024-11-05,12.0
3287,4396,2024-12-05,12.0
3288,4398,2024-10-28,24.0
3289,4398,2024-11-27,24.0
3290,4398,2024-12-27,24.0
3291,4400,2024-11-04,24.0
3292,4401,2024-11-11,24.0
3293,4403,2024-01-25,24.0
3294,4403,2024-02-24,24.0
3295,4403,2024-03-25,24.0
3296,4403,2024-04-24,24.0
3297,4403,2024-05-24,24.0
3298,4403,2024-06-23,24.0
3299,4403,2024-07-23,24.0
3300,4403,2024-08-22,24.0
3301,4403,2024-09-21,24.0
3302,4403,2024-10-21,24.0
3303,4403,2024-11-20,24.0
3304,4403,2024-12-20,24.0
3305,4404,2024-05-06,24.0
3306,4404,2024-06-05,24.0
3307,4404,2024-07-05,24.0
3308,4404,2024-08-04,24.0
3309,4404,2024-09-03,24.0
3310,4404,2024-10-03,24.0
3311,4404,2024-11-02,24.0
3312,4404,2024-12-02,24.0
3313,4406,2024-09-04,24.0
3314,4406,2024-10-04,24.0
3315,4406,2024-11-03,24.0
3316,4406,2024-12-03,24.0
3317,4412,2024-02-06,12.0
3318,4417,2024-08-14,12.0
3319,4417,2024-09-13,12.0
3320,4417,2024-10-13,12.0
3321,4417,2024-11-12,12.0
3322,4417,2024-12-12,12.0
3323,4431,2024-05-20,24.0
3324,4431,2024-06-19,24.0
3325,4431,2024-07-19,24.0
3326,4431,2024-08-18,24.0
3327,4431,2024-09-17,24.0
3328,4431,2024-10-17,24.0
3329,4431,2024-11-16,24.0
3330,4431,2024-12-16,24.0
3331,4436,2024-08-23,12.0
3332,4436,2024-09-22,12.0
3333,4436,2024-10-22,12.0
3334,4436,2024-11-21,12.0
3335,4436,2024-12-21,12.0
3336,4439,2024-05-17,12.0
3337,4440,2024-05-19,12.0
3338,4444,2024-12-18,12.0
3339,4446,2024-07-16,12.0
3340,4446,2024-08-15,12.0
3341,4446,2024-09-14,12.0
3342,4446,2024-10-14,12.0
3343,4446,2024-11-13,12.0
3344,4446,2024-12-13,12.0
3345,4447,2024-06-18,24.0
3346,4447,2024-07-18,24.0
3347,4447,2024-08-17,24.0
3348,4447,2024-09-16,24.0
3349,4447,2024-10-16,24.0
3350,4447,2024-11-15,24.0
3351,4447,2024-12-15,24.0
3352,4454,2024-09-25,12.0
3353,4462,2024-06-30,12.0
3354,4463,2024-05-28,12.0
3355,4464,2025-01-06,12.0
3356,4468,2024-09-25,24.0
3357,4468,2024-10-25,24.0
3358,4468,2024-11-24,24.0
3359,4468,2024-12-24,24.0
3360,4470,2024-04-22,24.0
3361,4470,2024-05-22,24.0
3362,4470,2024-06-21,24.0
3363,4470,2024-07-21,24.0
3364,4470,2024-08-20,24.0
3365,4470,2024-09-19,24.0
3366,4470,2024-10-19,24.0
3367,4470,2024-11-18,24.0
3368,4470,2024-12-18,24.0
3369,4491,2024-08-10,12.0
3370,4491,2024-09-09,12.0
3371,4491,2024-10-09,12.0
3372,4491,2024-11-08,12.0
3373,4491,2024-12-08,12.0
3374,4496,2024-06-09,12.0
3375,4496,2024-07-09,12.0
3376,4496,2024-08-08,12.0
3377,4496,2024-09-07,12.0
3378,4496,2024-10-07,12.0
3379,4496,2024-11-06,12.0
3380,4496,2024-12-06,12.0
3381,4498,2024-07-30,12.0
3382,4498,2024-08-29,12.0
3383,4498,2024-09-28,12.0
3384,4498,2024-10-28,12.0
3385,4498,2024-11-27,12.0
3386,4498,2024-12-27,12.0
3387,4499,2024-11-30,24.0
3388,4499,2024-12-30,24.0
3389,4513,2024-12-07,24.0
3390,4517,2024-07-07,12.0
3391,4519,2024-10-29,12.0
3392,4519,2024-11-28,12.0
3393,4519,2024-12-28,12.0
3394,4523,2024-11-01,12.0
3395,4523,2024-12-01,12.0
3396,4523,2024-12-31,12.0
3397,4533,2024-09-24,12.0
3398,4533,2024-10-24,12.0
3399,4533,2024-11-23,12.0
3400,4533,2024-12-23,12.0
3401,4546,2024-05-08,12.0
3402,4546,2024-06-07,12.0
3403,4546,2024-07-07,12.0
3404,4546,2024-08-06,12.0
3405,4546,2024-09-05,12.0
3406,4546,2024-10-05,12.0
3407,4546,2024-11-04,12.0
3408,4546,2024-12-04,12.0
3409,4547,2025-01-07,24.0
3410,4551,2024-02-15,12.0
3411,4551,2024-03-16,12.0
3412,4551,2024-04-15,12.0
3413,4551,2024-05-15,12.0
3414,4551,2024-06-14,12.0
3415,4551,2024-07-14,12.0
3416,4551,2024-08-13,12.0
3417,4551,2024-09-12,12.0
3418,4551,2024-10-12,12.0
3419,4551,2024-11-11,12.0
3420,4551,2024-12-11,12.0
3421,4552,2024-10-02,12.0
3422,4552,2024-11-01,12.0
3423,4552,2024-12-01,12.0
3424,4552,2024-12-31,12.0
3425,4553,2024-01-15,24.0
3426,4553,2024-02-14,24.0
3427,4553,2024-03-15,24.0
3428,4553,2024-04-14,24.0
3429,4553,2024-05-14,24.0
3430,4553,2024-06-13,24.0
3431,4553,2024-07-13,24.0
3432,4553,2024-08-12,24.0
3433,4553,2024-09-11,24.0
3434,4553,2024-10-11,24.0
3435,4553,2024-11-10,24.0
3436,4553,2024-12-10,24.0
3437,4554,2024-10-01,12.0
3438,4564,2024-11-16,12.0
3439,4583,2024-11-28,24.0
3440,4583,2024-12-28,24.0
3441,4589,2024-09-19,12.0
3442,4593,2024-10-19,12.0
3443,4606,2024-05-26,24.0
3444,4606,2024-06-25,24.0
3445,4606,2024-07-25,24.0
3446,4606,2024-08-24,24.0
3447,4606,2024-09-23,24.0
3448,4606,2024-10-23,24.0
3449,4606,2024-11-22,24.0
3450,4606,2024-12-22,24.0
3451,4618,2024-08-17,12.0
3452,4618,2024-09-16,12.0
3453,4618,2024-10-16,12.0
3454,4618,2024-11-15,12.0
3455,4618,2024-12-15,12.0
3456,4619,2024-07-10,12.0
3457,4619,2024-08-09,12.0
3458,4619,2024-09-08,12.0
3459,4619,2024-10-08,12.0
3460,4619,2024-11-07,12.0
3461,4619,2024-12-07,12.0
3462,4624,2024-12-13,12.0
3463,4632,2024-07-12,12.0
3464,4632,2024-08-11,12.0
3465,4632,2024-09-10,12.0
3466,4632,2024-10-10,12.0
3467,4632,2024-11-09,12.0
3468,4632,2024-12-09,12.0
3469,4633,2024-05-28,12.0
3470,4636,2024-02-08,12.0
3471,4651,2024-11-25,12.0
3472,4652,2024-11-12,24.0
3473,4652,2024-12-12,24.0
3474,4653,2024-03-09,24.0
3475,4654,2024-03-07,12.0
3476,4657,2024-12-09,24.0
3477,4660,2024-03-21,24.0
3478,4660,2024-04-20,24.0
3479,4660,2024-05-20,24.0
3480,4660,2024-06-19,24.0
3481,4660,2024-07-19,24.0
3482,4660,2024-08-18,24.0
3483,4660,2024-09-17,24.0
3484,4660,2024-10-17,24.0
3485,4660,2024-11-16,24.0
3486,4660,2024-12-16,24.0
3487,4673,2024-01-31,24.0
3488,4673,2024-03-01,24.0
3489,4673,2024-03-31,24.0
3490,4673,2024-04-30,24.0
3491,4673,2024-05-30,24.0
3492,4673,2024-06-29,24.0
3493,4673,2024-07-29,24.0
3494,4673,2024-08-28,24.0
3495,4673,2024-09-27,24.0
3496,4673,2024-10-27,24.0
3497,4673,2024-11-26,24.0
3498,4673,2024-12-26,24.0
3499,4675,2024-09-26,12.0
3500,4689,2024-11-30,12.0
3501,4689,2024-12-30,12.0
3502,4691,2024-07-21,12.0
3503,4691,2024-08-20,12.0
3504,4691,2024-09-19,12.0
3505,4691,2024-10-19,12.0
3506,4691,2024-11-18,12.0
3507,4691,2024-12-18,12.0
3508,4693,2024-10-17,12.0
3509,4694,2024-11-30,12.0
3510,4694,2024-12-30,12.0
3511,4699,2024-08-08,12.0
3512,4699,2024-09-07,12.0
3513,4699,2024-10-07,12.0
3514,4699,2024-11-06,12.0
3515,4699,2024-12-06,12.0
3516,4702,2024-07-11,12.0
3517,4702,2024-08-10,12.0
3518,4702,2024-09-09,12.0
3519,4702,2024-10-09,12.0
3520,4702,2024-11-08,12.0
3521,4702,2024-12-08,12.0
3522,4705,2024-03-12,24.0
3523,4705,2024-04-11,24.0
3524,4705,2024-05-11,24.0
3525,4705,2024-06-10,24.0
3526,4705,2024-07-10,24.0
3527,4705,2024-08-09,24.0
3528,4705,2024-09-08,24.0
3529,4705,2024-10-08,24.0
3530,4705,2024-11-07,24.0
3531,4705,2024-12-07,24.0
3532,4706,2024-05-15,12.0
3533,4715,2024-08-24,24.0
3534,4715,2024-09-23,24.0
3535,4715,2024-10-23,24.0
3536,4715,2024-11-22,24.0
3537,4715,2024-12-22,24.0
3538,4716,2024-04-05,24.0
3539,4716,2024-05-05,24.0
3540,4716,2024-06-04,24.0
3541,4716,2024-07-04,24.0
3542,4716,2024-08-03,24.0
3543,4716,2024-09-02,24.0
3544,4716,2024-10-02,24.0
3545,4716,2024-11-01,24.0
3546,4716,2024-12-01,24.0
3547,4716,2024-12-31,24.0
3548,4719,2024-08-01,24.0
3549,4719,2024-08-31,24.0
3550,4719,2024-09-30,24.0
3551,4719,2024-10-30,24.0
3552,4719,2024-11-29,24.0
3553,4719,2024-12-29,24.0
3554,4726,2024-05-30,24.0
3555,4739,2024-03-12,24.0
3556,4743,2024-11-04,12.0
3557,4765,2024-07-09,12.0
3558,4765,2024-08-08,12.0
3559,4765,2024-09-07,12.0
3560,4765,2024-10-07,12.0
3561,4765,2024-11-06,12.0
3562,4765,2024-12-06,12.0
3563,4766,2024-05-07,12.0
3564,4766,2024-06-06,12.0
3565,4766,2024-07-06,12.0
3566,4766,2024-08-05,12.0
3567,4766,2024-09-04,12.0
3568,4766,2024-10-04,12.0
3569,4766,2024-11-03,12.0
3570,4766,2024-12-03,12.0
3571,4768,2024-08-26,12.0
3572,4797,2024-04-03,24.0
3573,4797,2024-05-03,24.0
3574,4797,2024-06-02,24.0
3575,4797,2024-07-02,24.0
3576,4797,2024-08-01,24.0
3577,4797,2024-08-31,24.0
3578,4797,2024-09-30,24.0
3579,4797,2024-10-30,24.0
3580,4797,2024-11-29,24.0
3581,4797,2024-12-29,24.0
3582,4810,2024-08-28,12.0
3583,4825,2024-06-28,12.0
3584,4831,2024-09-03,12.0
3585,4832,2024-05-18,24.0
3586,4832,2024-06-17,24.0
3587,4832,2024-07-17,24.0
3588,4832,2024-08-16,24.0
3589,4832,2024-09-15,24.0
3590,4832,2024-10-15,24.0
3591,4832,2024-11-14,24.0
3592,4832,2024-12-14,24.0
3593,4833,2024-10-02,24.0
3594,4833,2024-11-01,24.0
3595,4833,2024-12-01,24.0
3596,4833,2024-12-31,24.0
3597,4852,2024-10-20,12.0
3598,4852,2024-11-19,12.0
3599,4852,2024-12-19,12.0
3600,4858,2024-09-14,12.0
3601,4858,2024-10-14,12.0
3602,4858,2024-11-13,12.0
3603,4858,2024-12-13,12.0
3604,4872,2024-04-25,12.0
3605,4872,2024-05-25,12.0
3606,4872,2024-06-24,12.0
3607,4872,2024-07-24,12.0
3608,4872,2024-08-23,12.0
3609,4872,2024-09-22,12.0
3610,4872,2024-10-22,12.0
3611,4872,2024-11-21,12.0
3612,4872,2024-12-21,12.0
3613,4874,2024-08-29,12.0
3614,4874,2024-09-28,12.0
3615,4874,2024-10-28,12.0
3616,4874,2024-11-27,12.0
3617,4874,2024-12-27,12.0
3618,4880,2024-06-10,12.0
3619,4915,2024-05-26,12.0
3620,4921,2024-06-21,24.0
3621,4929,2024-10-15,12.0
3622,4936,2024-03-20,12.0
3623,4936,2024-04-19,12.0
3624,4936,2024-05-19,12.0
3625,4936,2024-06-18,12.0
3626,4936,2024-07-18,12.0
3627,4936,2024-08-17,12.0
3628,4936,2024-09-16,12.0
3629,4936,2024-10-16,12.0
3630,4936,2024-11-15,12.0
3631,4936,2024-12-15,12.0
3632,4938,2024-10-18,12.0
3633,4945,2024-08-12,12.0
3634,4945,2024-09-11,12.0
3635,4945,2024-10-11,12.0
3636,4945,2024-11-10,12.0
3637,4945,2024-12-10,12.0
3638,4947,2024-09-02,24.0
3639,4947,2024-10-02,24.0
3640,4947,2024-11-01,24.0
3641,4947,2024-12-01,24.0
3642,4947,2024-12-31,24.0
3643,4950,2024-10-05,12.0
3644,4950,2024-11-04,12.0
3645,4950,2024-12-04,12.0
3646,4952,2024-10-24,12.0
3647,4952,2024-11-23,12.0
3648,4952,2024-12-23,12.0
3649,4955,2024-04-19,24.0
3650,4963,2024-07-25,24.0
3651,4964,2024-04-25,24.0
3652,4964,2024-05-25,24.0
3653,4964,2024-06-24,24.0
3654,4964,2024-07-24,24.0
3655,4964,2024-08-23,24.0
3656,4964,2024-09-22,24.0
3657,4964,2024-10-22,24.0
3658,4964,2024-11-21,24.0
3659,4964,2024-12-21,24.0
3660,4965,2024-04-21,24.0
3661,4974,2024-12-04,12.0
3662,4978,2024-04-11,12.0
3663,4978,2024-05-11,12.0
3664,4978,2024-06-10,12.0
3665,4978,2024-07-10,12.0
3666,4978,2024-08-09,12.0
3667,4978,2024-09-08,12.0
3668,4978,2024-10-08,12.0
3669,4978,2024-11-07,12.0
3670,4978,2024-12-07,12.0
3671,4989,2024-12-19,24.0
3672,4993,2024-10-09,12.0
3673,4994,2024-06-08,12.0
3674,4994,2024-07-08,12.0
3675,4994,2024-08-07,12.0
3676,4994,2024-09-06,12.0
3677,4994,2024-10-06,12.0
3678,4994,2024-11-05,12.0
3679,4994,2024-12-05,12.0
3680,5007,2024-11-04,12.0
3681,5009,2024-10-09,24.0
3682,5009,2024-11-08,24.0
3683,5009,2024-12-08,24.0
3684,5014,2024-10-17,12.0
3685,5014,2024-11-16,12.0
3686,5014,2024-12-16,12.0
3687,5016,2024-05-15,24.0
3688,5016,2024-06-14,24.0
3689,5016,2024-07-14,24.0
3690,5016,2024-08-13,24.0
3691,5016,2024-09-12,24.0
3692,5016,2024-10-12,24.0
3693,5016,2024-11-11,24.0
3694,5016,2024-12-11,24.0
3695,5018,2024-07-26,24.0
3696,5019,2024-09-05,24.0
3697,5020,2024-07-07,12.0
3698,5020,2024-08-06,12.0
3699,5020,2024-09-05,12.0
3700,5020,2024-10-05,12.0
3701,5020,2024-11-04,12.0
3702,5020,2024-12-04,12.0
3703,5021,2024-12-21,12.0
3704,5027,2024-07-06,12.0
3705,5027,2024-08-05,12.0
3706,5027,2024-09-04,12.0
3707,5027,2024-10-04,12.0
3708,5027,2024-11-03,12.0
3709,5027,2024-12-03,12.0
3710,5043,2024-05-25,24.0
3711,5043,2024-06-24,24.0
3712,5043,2024-07-24,24.0
3713,5043,2024-08-23,24.0
3714,5043,2024-09-22,24.0
3715,5043,2024-10-22,24.0
3716,5043,2024-11-21,24.0
3717,5043,2024-12-21,24.0
3718,5045,2024-04-26,12.0
3719,5045,2024-05-26,12.0
3720,5045,2024-06-25,12.0
3721,5045,2024-07-25,12.0
3722,5045,2024-08-24,12.0
3723,5045,2024-09-23,12.0
3724,5045,2024-10-23,12.0
3725,5045,2024-11-22,12.0
3726,5045,2024-12-22,12.0
3727,5048,2024-11-22,12.0
3728,5048,2024-12-22,12.0
3729,5055,2024-11-17,12.0
3730,5056,2024-05-08,24.0
3731,5056,2024-06-07,24.0
3732,5056,2024-07-07,24.0
3733,5056,2024-08-06,24.0
3734,5056,2024-09-05,24.0
3735,5056,2024-10-05,24.0
3736,5056,2024-11-04,24.0
3737,5056,2024-12-04,24.0
3738,5061,2024-03-28,12.0
3739,5061,2024-04-27,12.0
3740,5061,2024-05-27,12.0
3741,5061,2024-06-26,12.0
3742,5061,2024-07-26,12.0
3743,5061,2024-08-25,12.0
3744,5061,2024-09-24,12.0
3745,5061,2024-10-24,12.0
3746,5061,2024-11-23,12.0
3747,5061,2024-12-23,12.0
3748,5062,2024-03-23,12.0
3749,5062,2024-04-22,12.0
3750,5062,2024-05-22,12.0
3751,5062,2024-06-21,12.0
3752,5062,2024-07-21,12.0
3753,5062,2024-08-20,12.0
3754,5062,2024-09-19,12.0
3755,5062,2024-10-19,12.0
3756,5062,2024-11-18,12.0
3757,5062,2024-12-18,12.0
3758,5073,2024-07-13,24.0
3759,5073,2024-08-12,24.0
3760,5073,2024-09-11,24.0
3761,5073,2024-10-11,24.0
3762,5073,2024-11-10,24.0
3763,5073,2024-12-10,24.0
3764,5082,2024-08-29,12.0
3765,5082,2024-09-28,12.0
3766,5082,2024-10-28,12.0
3767,5082,2024-11-27,12.0
3768,5082,2024-12-27,12.0
3769,5083,2024-06-30,12.0
3770,5089,2024-12-26,12.0
3771,5100,2024-11-30,12.0
3772,5100,2024-12-30,12.0
3773,5102,2024-05-16,24.0
3774,5103,2024-01-25,12.0
3775,5103,2024-02-24,12.0
3776,5103,2024-03-25,12.0
3777,5103,2024-04-24,12.0
3778,5103,2024-05-24,12.0
3779,5103,2024-06-23,12.0
3780,5103,2024-07-23,12.0
3781,5103,2024-08-22,12.0
3782,5103,2024-09-21,12.0
3783,5103,2024-10-21,12.0
3784,5103,2024-11-20,12.0
3785,5103,2024-12-20,12.0
3786,5110,2024-11-23,24.0
3787,5110,2024-12-23,24.0
3788,5112,2024-09-10,12.0
3789,5120,2024-08-03,12.0
3790,5120,2024-09-02,12.0
3791,5120,2024-10-02,12.0
3792,5120,2024-11-01,12.0
3793,5120,2024-12-01,12.0
3794,5120,2024-12-31,12.0
3795,5124,2024-08-20,24.0
3796,5124,2024-09-19,24.0
3797,5124,2024-10-19,24.0
3798,5124,2024-11-18,24.0
3799,5124,2024-12-18,24.0
3800,5129,2024-12-18,24.0
3801,5137,2024-02-07,12.0
3802,5137,2024-03-08,12.0
3803,5137,2024-04-07,12.0
3804,5137,2024-05-07,12.0
3805,5137,2024-06-06,12.0
3806,5137,2024-07-06,12.0
3807,5137,2024-08-05,12.0
3808,5137,2024-09-04,12.0
3809,5137,2024-10-04,12.0
3810,5137,2024-11-03,12.0
3811,5137,2024-12-03,12.0
3812,5152,2024-02-21,24.0
3813,5152,2024-03-22,24.0
3814,5152,2024-04-21,24.0
3815,5152,2024-05-21,24.0
3816,5152,2024-06-20,24.0
3817,5152,2024-07-20,24.0
3818,5152,2024-08-19,24.0
3819,5152,2024-09-18,24.0
3820,5152,2024-10-18,24.0
3821,5152,2024-11-17,24.0
3822,5152,2024-12-17,24.0
3823,5163,2024-03-08,12.0
3824,5171,2024-10-13,12.0
3825,5171,2024-11-12,12.0
3826,5171,2024-12-12,12.0
3827,5182,2024-06-18,12.0
3828,5183,2024-01-18,12.0
3829,5183,2024-02-17,12.0
3830,5183,2024-03-18,12.0
3831,5183,2024-04-17,12.0
3832,5183,2024-05-17,12.0
3833,5183,2024-06-16,12.0
3834,5183,2024-07-16,12.0
3835,5183,2024-08-15,12.0
3836,5183,2024-09-14,12.0
3837,5183,2024-10-14,12.0
3838,5183,2024-11-13,12.0
3839,5183,2024-12-13,12.0
3840,5188,2024-08-11,12.0
3841,5188,2024-09-10,12.0
3842,5188,2024-10-10,12.0
3843,5188,2024-11-09,12.0
3844,5188,2024-12-09,12.0
3845,5190,2024-08-26,12.0
3846,5190,2024-09-25,12.0
3847,5190,2024-10-25,12.0
3848,5190,2024-11-24,12.0
3849,5190,2024-12-24,12.0
3850,5198,2024-06-03,12.0
3851,5205,2024-03-27,12.0
3852,5205,2024-04-26,12.0
3853,5205,2024-05-26,12.0
3854,5205,2024-06-25,12.0
3855,5205,2024-07-25,12.0
3856,5205,2024-08-24,12.0
3857,5205,2024-09-23,12.0
3858,5205,2024-10-23,12.0
3859,5205,2024-11-22,12.0
3860,5205,2024-12-22,12.0
3861,5217,2024-06-14,12.0
3862,5217,2024-07-14,12.0
3863,5217,2024-08-13,12.0
3864,5217,2024-09-12,12.0
3865,5217,2024-10-12,12.0
3866,5217,2024-11-11,12.0
3867,5217,2024-12-11,12.0
3868,5233,2024-06-28,12.0
3869,5237,2024-04-03,24.0
3870,5237,2024-05-03,24.0
3871,5237,2024-06-02,24.0
3872,5237,2024-07-02,24.0
3873,5237,2024-08-01,24.0
3874,5237,2024-08-31,24.0
3875,5237,2024-09-30,24.0
3876,5237,2024-10-30,24.0
3877,5237,2024-11-29,24.0
3878,5237,2024-12-29,24.0
3879,5238,2024-03-01,12.0
3880,5238,2024-03-31,12.0
3881,5238,2024-04-30,12.0
3882,5238,2024-05-30,12.0
3883,5238,2024-06-29,12.0
3884,5238,2024-07-29,12.0
3885,5238,2024-08-28,12.0
3886,5238,2024-09-27,12.0
3887,5238,2024-10-27,12.0
3888,5238,2024-11-26,12.0
3889,5238,2024-12-26,12.0
3890,5242,2024-05-15,12.0
3891,5242,2024-06-14,12.0
3892,5242,2024-07-14,12.0
3893,5242,2024-08-13,12.0
3894,5242,2024-09-12,12.0
3895,5242,2024-10-12,12.0
3896,5242,2024-11-11,12.0
3897,5242,2024-12-11,12.0
3898,5251,2024-07-25,12.0
3899,5264,2024-12-10,12.0
3900,5265,2024-06-12,12.0
3901,5269,2024-12-20,12.0
3902,5277,2024-08-27,12.0
3903,5281,2025-01-02,24.0
3904,5285,2024-04-08,12.0
3905,5285,2024-05-08,12.0
3906,5285,2024-06-07,12.0
3907,5285,2024-07-07,12.0
3908,5285,2024-08-06,12.0
3909,5285,2024-09-05,12.0
3910,5285,2024-10-05,12.0
3911,5285,2024-11-04,12.0
3912,5285,2024-12-04,12.0
3913,5287,2024-11-07,12.0
3914,5287,2024-12-07,12.0
3915,5288,2024-08-21,12.0
3916,5297,2025-01-12,12.0
3917,5304,2024-06-01,12.0
3918,5304,2024-07-01,12.0
3919,5304,2024-07-31,12.0
3920,5304,2024-08-30,12.0
3921,5304,2024-09-29,12.0
3922,5304,2024-10-29,12.0
3923,5304,2024-11-28,12.0
3924,5304,2024-12-28,12.0
3925,5318,2024-12-20,12.0
3926,5322,2024-09-16,12.0
3927,5322,2024-10-16,12.0
3928,5322,2024-11-15,12.0
3929,5322,2024-12-15,12.0
3930,5348,2024-10-25,12.0
3931,5353,2024-09-26,12.0
3932,5358,2024-07-02,12.0
3933,5358,2024-08-01,12.0
3934,5358,2024-08-31,12.0
3935,5358,2024-09-30,12.0
3936,5358,2024-10-30,12.0
3937,5358,2024-11-29,12.0
3938,5358,2024-12-29,12.0
3939,5359,2024-06-12,12.0
3940,5359,2024-07-12,12.0
3941,5359,2024-08-11,12.0
3942,5359,2024-09-10,12.0
3943,5359,2024-10-10,12.0
3944,5359,2024-11-09,12.0
3945,5359,2024-12-09,12.0
3946,5372,2025-01-13,12.0
3947,5383,2024-11-07,12.0
3948,5383,2024-12-07,12.0
3949,5384,2024-04-04,12.0
3950,5384,2024-05-04,12.0
3951,5384,2024-06-03,12.0
3952,5384,2024-07-03,12.0
3953,5384,2024-08-02,12.0
3954,5384,2024-09-01,12.0
3955,5384,2024-10-01,12.0
3956,5384,2024-10-31,12.0
3957,5384,2024-11-30,12.0
3958,5384,2024-12-30,12.0
3959,5391,2024-08-23,12.0
3960,5391,2024-09-22,12.0
3961,5391,2024-10-22,12.0
3962,5391,2024-11-21,12.0
3963,5391,2024-12-21,12.0
3964,5397,2024-05-23,24.0
3965,5397,2024-06-22,24.0
3966,5397,2024-07-22,24.0
3967,5397,2024-08-21,24.0
3968,5397,2024-09-20,24.0
3969,5397,2024-10-20,24.0
3970,5397,2024-11-19,24.0
3971,5397,2024-12-19,24.0
3972,5411,2024-05-04,12.0
3973,5419,2024-03-18,12.0
3974,5426,2024-09-20,12.0
3975,5426,2024-10-20,12.0
3976,5426,2024-11-19,12.0
3977,5426,2024-12-19,12.0
3978,5430,2024-09-04,24.0
3979,5432,2024-07-09,12.0
3980,5432,2024-08-08,12.0
3981,5432,2024-09-07,12.0
3982,5432,2024-10-07,12.0
3983,5432,2024-11-06,12.0
3984,5432,2024-12-06,12.0
3985,5441,2024-03-10,24.0
3986,5441,2024-04-09,24.0
3987,5441,2024-05-09,24.0
3988,5441,2024-06-08,24.0
3989,5441,2024-07-08,24.0
3990,5441,2024-08-07,24.0
3991,5441,2024-09-06,24.0
3992,5441,2024-10-06,24.0
3993,5441,2024-11-05,24.0
3994,5441,2024-12-05,24.0
3995,5442,2024-11-16,12.0
3996,5442,2024-12-16,12.0
3997,5446,2024-05-05,12.0
3998,5446,2024-06-04,12.0
3999,5446,2024-07-04,12.0
4000,5446,2024-08-03,12.0
4001,5446,2024-09-02,12.0
4002,5446,2024-10-02,12.0
4003,5446,2024-11-01,12.0
4004,5446,2024-12-01,12.0
4005,5446,2024-12-31,12.0
4006,5460,2024-02-13,12.0
4007,5460,2024-03-14,12.0
4008,5460,2024-04-13,12.0
4009,5460,2024-05-13,12.0
4010,5460,2024-06-12,12.0
4011,5460,2024-07-12,12.0
4012,5460,2024-08-11,12.0
4013,5460,2024-09-10,12.0
4014,5460,2024-10-10,12.0
4015,5460,2024-11-09,12.0
4016,5460,2024-12-09,12.0
4017,5467,2024-11-10,12.0
4018,5467,2024-12-10,12.0
4019,5473,2024-12-27,24.0
4020,5484,2024-06-12,12.0
4021,5486,2024-12-18,12.0
4022,5496,2024-04-29,12.0
4023,5496,2024-05-29,12.0
4024,5496,2024-06-28,12.0
4025,5496,2024-07-28,12.0
4026,5496,2024-08-27,12.0
4027,5496,2024-09-26,12.0
4028,5496,2024-10-26,12.0
4029,5496,2024-11-25,12.0
4030,5496,2024-12-25,12.0
4031,5507,2024-03-26,12.0
4032,5507,2024-04-25,12.0
4033,5507,2024-05-25,12.0
4034,5507,2024-06-24,12.0
4035,5507,2024-07-24,12.0
4036,5507,2024-08-23,12.0
4037,5507,2024-09-22,12.0
4038,5507,2024-10-22,12.0
4039,5507,2024-11-21,12.0
4040,5507,2024-12-21,12.0
4041,5508,2024-06-24,12.0
4042,5508,2024-07-24,12.0
4043,5508,2024-08-23,12.0
4044,5508,2024-09-22,12.0
4045,5508,2024-10-22,12.0
4046,5508,2024-11-21,12.0
4047,5508,2024-12-21,12.0
4048,5510,2024-08-31,24.0
4049,5512,2024-08-13,12.0
4050,5518,2024-04-05,12.0
4051,5529,2025-01-01,12.0
4052,5530,2024-11-16,24.0
4053,5530,2024-12-16,24.0
4054,5531,2024-06-02,12.0
4055,5532,2024-11-26,24.0
4056,5532,2024-12-26,24.0
4057,5537,2024-05-16,24.0
4058,5543,2024-09-04,12.0
4059,5543,2024-10-04,12.0
4060,5543,2024-11-03,12.0
4061,5543,2024-12-03,12.0
4062,5553,2024-06-07,12.0
4063,5553,2024-07-07,12.0
4064,5553,2024-08-06,12.0
4065,5553,2024-09-05,12.0
4066,5553,2024-10-05,12.0
4067,5553,2024-11-04,12.0
4068,5553,2024-12-04,12.0
4069,5554,2024-03-29,24.0
4070,5554,2024-04-28,24.0
4071,5554,2024-05-28,24.0
4072,5554,2024-06-27,24.0
4073,5554,2024-07-27,24.0
4074,5554,2024-08-26,24.0
4075,5554,2024-09-25,24.0
4076,5554,2024-10-25,24.0
4077,5554,2024-11-24,24.0
4078,5554,2024-12-24,24.0
4079,5557,2024-05-18,24.0
4080,5557,2024-06-17,24.0
4081,5557,2024-07-17,24.0
4082,5557,2024-08-16,24.0
4083,5557,2024-09-15,24.0
4084,5557,2024-10-15,24.0
4085,5557,2024-11-14,24.0
4086,5557,2024-12-14,24.0
4087,5566,2024-04-28,12.0
4088,5579,2024-11-28,24.0
4089,5582,2024-06-19,12.0
4090,5582,2024-07-19,12.0
4091,5582,2024-08-18,12.0
4092,5582,2024-09-17,12.0
4093,5582,2024-10-17,12.0
4094,5582,2024-11-16,12.0
4095,5582,2024-12-16,12.0
4096,5584,2024-10-16,12.0
4097,5584,2024-11-15,12.0
4098,5584,2024-12-15,12.0
4099,5586,2024-12-29,24.0
4100,5600,2024-07-23,24.0
4101,5604,2024-12-16,12.0
4102,5619,2024-09-05,24.0
4103,5646,2024-04-19,12.0
4104,5646,2024-05-19,12.0
4105,5646,2024-06-18,12.0
4106,5646,2024-07-18,12.0
4107,5646,2024-08-17,12.0
4108,5646,2024-09-16,12.0
4109,5646,2024-10-16,12.0
4110,5646,2024-11-15,12.0
4111,5646,2024-12-15,12.0
4112,5657,2024-12-19,12.0
4113,5665,2024-04-12,12.0
4114,5665,2024-05-12,12.0
4115,5665,2024-06-11,12.0
4116,5665,2024-07-11,12.0
4117,5665,2024-08-10,12.0
4118,5665,2024-09-09,12.0
4119,5665,2024-10-09,12.0
4120,5665,2024-11-08,12.0
4121,5665,2024-12-08,12.0
4122,5670,2024-11-22,12.0
4123,5670,2024-12-22,12.0
4124,5672,2024-12-04,24.0
4125,5673,2024-06-10,12.0
4126,5673,2024-07-10,12.0
4127,5673,2024-08-09,12.0
4128,5673,2024-09-08,12.0
4129,5673,2024-10-08,12.0
4130,5673,2024-11-07,12.0
4131,5673,2024-12-07,12.0
4132,5674,2024-08-18,24.0
4133,5684,2024-08-29,12.0
4134,5684,2024-09-28,12.0
4135,5684,2024-10-28,12.0
4136,5684,2024-11-27,12.0
4137,5684,2024-12-27,12.0
4138,5696,2024-05-15,24.0
4139,5696,2024-06-14,24.0
4140,5696,2024-07-14,24.0
4141,5696,2024-08-13,24.0
4142,5696,2024-09-12,24.0
4143,5696,2024-10-12,24.0
4144,5696,2024-11-11,24.0
4145,5696,2024-12-11,24.0
4146,5697,2024-03-08,12.0
4147,5704,2024-10-29,12.0
4148,5712,2024-08-18,12.0
4149,5712,2024-09-17,12.0
4150,5712,2024-10-17,12.0
4151,5712,2024-11-16,12.0
4152,5712,2024-12-16,12.0
4153,5717,2024-11-21,12.0
4154,5719,2024-02-27,12.0
4155,5723,2024-02-15,12.0
4156,5723,2024-03-16,12.0
4157,5723,2024-04-15,12.0
4158,5723,2024-05-15,12.0
4159,5723,2024-06-14,12.0
4160,5723,2024-07-14,12.0
4161,5723,2024-08-13,12.0
4162,5723,2024-09-12,12.0
4163,5723,2024-10-12,12.0
4164,5723,2024-11-11,12.0
4165,5723,2024-12-11,12.0
4166,5726,2024-12-09,12.0
4167,5728,2024-05-26,12.0
4168,5731,2024-05-07,12.0
4169,5735,2024-03-22,12.0
4170,5735,2024-04-21,12.0
4171,5735,2024-05-21,12.0
4172,5735,2024-06-20,12.0
4173,5735,2024-07-20,12.0
4174,5735,2024-08-19,12.0
4175,5735,2024-09-18,12.0
4176,5735,2024-10-18,12.0
4177,5735,2024-11-17,12.0
4178,5735,2024-12-17,12.0
4179,5741,2024-10-17,12.0
4180,5741,2024-11-16,12.0
4181,5741,2024-12-16,12.0
4182,5745,2024-10-03,12.0
4183,5747,2024-04-01,12.0
4184,5747,2024-05-01,12.0
4185,5747,2024-05-31,12.0
4186,5747,2024-06-30,12.0
4187,5747,2024-07-30,12.0
4188,5747,2024-08-29,12.0
4189,5747,2024-09-28,12.0
4190,5747,2024-10-28,12.0
4191,5747,2024-11-27,12.0
4192,5747,2024-12-27,12.0
4193,5752,2024-06-17,12.0
4194,5758,2024-07-30,12.0
4195,5766,2024-06-29,12.0
4196,5766,2024-07-29,12.0
4197,5766,2024-08-28,12.0
4198,5766,2024-09-27,12.0
4199,5766,2024-10-27,12.0
4200,5766,2024-11-26,12.0
4201,5766,2024-12-26,12.0
4202,5778,2024-08-18,12.0
4203,5785,2024-04-26,12.0
4204,5790,2024-07-17,24.0
4205,5790,2024-08-16,24.0
4206,5790,2024-09-15,24.0
4207,5790,2024-10-15,24.0
4208,5790,2024-11-14,24.0
4209,5790,2024-12-14,24.0
4210,5792,2024-10-05,12.0
4211,5792,2024-11-04,12.0
4212,5792,2024-12-04,12.0
4213,5793,2024-03-13,12.0
4214,5798,2024-12-17,12.0
4215,5801,2024-06-28,12.0
4216,5801,2024-07-28,12.0
4217,5801,2024-08-27,12.0
4218,5801,2024-09-26,12.0
4219,5801,2024-10-26,12.0
4220,5801,2024-11-25,12.0
4221,5801,2024-12-25,12.0
4222,5806,2024-10-18,12.0
4223,5806,2024-11-17,12.0
4224,5806,2024-12-17,12.0
4225,5810,2024-10-27,24.0
4226,5810,2024-11-26,24.0
4227,5810,2024-12-26,24.0
4228,5812,2024-02-15,12.0
4229,5824,2024-03-30,24.0
4230,5824,2024-04-29,24.0
4231,5824,2024-05-29,24.0
4232,5824,2024-06-28,24.0
4233,5824,2024-07-28,24.0
4234,5824,2024-08-27,24.0
4235,5824,2024-09-26,24.0
4236,5824,2024-10-26,24.0
4237,5824,2024-11-25,24.0
4238,5824,2024-12-25,24.0
4239,5840,2024-04-09,12.0
4240,5841,2024-06-15,12.0
4241,5841,2024-07-15,12.0
4242,5841,2024-08-14,12.0
4243,5841,2024-09-13,12.0
4244,5841,2024-10-13,12.0
4245,5841,2024-11-12,12.0
4246,5841,2024-12-12,12.0
4247,5849,2024-02-28,12.0
4248,5849,2024-03-29,12.0
4249,5849,2024-04-28,12.0
4250,5849,2024-05-28,12.0
4251,5849,2024-06-27,12.0
4252,5849,2024-07-27,12.0
4253,5849,2024-08-26,12.0
4254,5849,2024-09-25,12.0
4255,5849,2024-10-25,12.0
4256,5849,2024-11-24,12.0
4257,5849,2024-12-24,12.0
4258,5853,2024-01-26,24.0
4259,5853,2024-02-25,24.0
4260,5853,2024-03-26,24.0
4261,5853,2024-04-25,24.0
4262,5853,2024-05-25,24.0
4263,5853,2024-06-24,24.0
4264,5853,2024-07-24,24.0
4265,5853,2024-08-23,24.0
4266,5853,2024-09-22,24.0
4267,5853,2024-10-22,24.0
4268,5853,2024-11-21,24.0
4269,5853,2024-12-21,24.0
4270,5855,2024-02-04,12.0
4271,5858,2024-08-06,12.0
4272,5858,2024-09-05,12.0
4273,5858,2024-10-05,12.0
4274,5858,2024-11-04,12.0
4275,5858,2024-12-04,12.0
4276,5862,2024-01-29,12.0
4277,5879,2024-10-12,24.0
4278,5885,2024-07-29,12.0
4279,5885,2024-08-28,12.0
4280,5885,2024-09-27,12.0
4281,5885,2024-10-27,12.0
4282,5885,2024-11-26,12.0
4283,5885,2024-12-26,12.0
4284,5893,2024-08-05,12.0
4285,5893,2024-09-04,12.0
4286,5893,2024-10-04,12.0
4287,5893,2024-11-03,12.0
4288,5893,2024-12-03,12.0
4289,5900,2024-02-10,12.0
4290,5900,2024-03-11,12.0
4291,5900,2024-04-10,12.0
4292,5900,2024-05-10,12.0
4293,5900,2024-06-09,12.0
4294,5900,2024-07-09,12.0
4295,5900,2024-08-08,12.0
4296,5900,2024-09-07,12.0
4297,5900,2024-10-07,12.0
4298,5900,2024-11-06,12.0
4299,5900,2024-12-06,12.0
4300,5906,2024-12-07,12.0
4301,5911,2025-01-01,12.0
4302,5912,2024-02-29,24.0
4303,5912,2024-03-30,24.0
4304,5912,2024-04-29,24.0
4305,5912,2024-05-29,24.0
4306,5912,2024-06-28,24.0
4307,5912,2024-07-28,24.0
4308,5912,2024-08-27,24.0
4309,5912,2024-09-26,24.0
4310,5912,2024-10-26,24.0
4311,5912,2024-11-25,24.0
4312,5912,2024-12-25,24.0
4313,5915,2024-05-04,12.0
4314,5915,2024-06-03,12.0
4315,5915,2024-07-03,12.0
4316,5915,2024-08-02,12.0
4317,5915,2024-09-01,12.0
4318,5915,2024-10-01,12.0
4319,5915,2024-10-31,12.0
4320,5915,2024-11-30,12.0
4321,5915,2024-12-30,12.0
4322,5916,2024-09-02,12.0
4323,5916,2024-10-02,12.0
4324,5916,2024-11-01,12.0
4325,5916,2024-12-01,12.0
4326,5916,2024-12-31,12.0
4327,5919,2024-12-05,24.0
4328,5926,2024-03-28,24.0
4329,5926,2024-04-27,24.0
4330,5926,2024-05-27,24.0
4331,5926,2024-06-26,24.0
4332,5926,2024-07-26,24.0
4333,5926,2024-08-25,24.0
4334,5926,2024-09-24,24.0
4335,5926,2024-10-24,24.0
4336,5926,2024-11-23,24.0
4337,5926,2024-12-23,24.0
4338,5929,2024-12-06,12.0
4339,5942,2024-09-04,12.0
4340,5942,2024-10-04,12.0
4341,5942,2024-11-03,12.0
4342,5942,2024-12-03,12.0
4343,5943,2024-03-18,12.0
4344,5943,2024-04-17,12.0
4345,5943,2024-05-17,12.0
4346,5943,2024-06-16,12.0
4347,5943,2024-07-16,12.0
4348,5943,2024-08-15,12.0
4349,5943,2024-09-14,12.0
4350,5943,2024-10-14,12.0
4351,5943,2024-11-13,12.0
4352,5943,2024-12-13,12.0
4353,5952,2024-07-16,12.0
4354,5955,2024-07-04,12.0
4355,5955,2024-08-03,12.0
4356,5955,2024-09-02,12.0
4357,5955,2024-10-02,12.0
4358,5955,2024-11-01,12.0
4359,5955,2024-12-01,12.0
4360,5955,2024-12-31,12.0
4361,5959,2024-09-28,24.0
4362,5959,2024-10-28,24.0
4363,5959,2024-11-27,24.0
4364,5959,2024-12-27,24.0
4365,5968,2024-05-12,12.0
4366,5968,2024-06-11,12.0
4367,5968,2024-07-11,12.0
4368,5968,2024-08-10,12.0
4369,5968,2024-09-09,12.0
4370,5968,2024-10-09,12.0
4371,5968,2024-11-08,12.0
4372,5968,2024-12-08,12.0
4373,5976,2024-04-17,24.0
4374,5976,2024-05-17,24.0
4375,5976,2024-06-16,24.0
4376,5976,2024-07-16,24.0
4377,5976,2024-08-15,24.0
4378,5976,2024-09-14,24.0
4379,5976,2024-10-14,24.0
4380,5976,2024-11-13,24.0
4381,5976,2024-12-13,24.0
4382,5977,2024-10-27,12.0
4383,5977,2024-11-26,12.0
4384,5977,2024-12-26,12.0
4385,5981,2024-07-30,12.0
4386,5984,2024-06-01,12.0
4387,5984,2024-07-01,12.0
4388,5984,2024-07-31,12.0
4389,5984,2024-08-30,12.0
4390,5984,2024-09-29,12.0
4391,5984,2024-10-29,12.0
4392,5984,2024-11-28,12.0
4393,5984,2024-12-28,12.0
4394,5988,2024-06-15,12.0
4395,5988,2024-07-15,12.0
4396,5988,2024-08-14,12.0
4397,5988,2024-09-13,12.0
4398,5988,2024-10-13,12.0
4399,5988,2024-11-12,12.0
4400,5988,2024-12-12,12.0
4401,5996,2024-06-14,12.0
4402,5996,2024-07-14,12.0
4403,5996,2024-08-13,12.0
4404,5996,2024-09-12,12.0
4405,5996,2024-10-12,12.0
4406,5996,2024-11-11,12.0
4407,5996,2024-12-11,12.0
4408,5999,2024-12-02,24.0
4409,6003,2024-08-26,12.0
4410,6009,2024-11-07,12.0
4411,6009,2024-12-07,12.0
4412,6011,2024-10-30,24.0
4413,6011,2024-11-29,24.0
4414,6011,2024-12-29,24.0
4415,6013,2024-01-19,12.0
4416,6013,2024-02-18,12.0
4417,6013,2024-03-19,12.0
4418,6013,2024-04-18,12.0
4419,6013,2024-05-18,12.0
4420,6013,2024-06-17,12.0
4421,6013,2024-07-17,12.0
4422,6013,2024-08-16,12.0
4423,6013,2024-09-15,12.0
4424,6013,2024-10-15,12.0
4425,6013,2024-11-14,12.0
4426,6013,2024-12-14,12.0
4427,6014,2024-09-12,12.0
4428,6014,2024-10-12,12.0
4429,6014,2024-11-11,12.0
4430,6014,2024-12-11,12.0
4431,6019,2024-10-24,24.0
4432,6019,2024-11-23,24.0
4433,6019,2024-12-23,24.0
4434,6044,2025-01-13,12.0
4435,6047,2024-06-23,12.0
4436,6047,2024-07-23,12.0
4437,6047,2024-08-22,12.0
4438,6047,2024-09-21,12.0
4439,6047,2024-10-21,12.0
4440,6047,2024-11-20,12.0
4441,6047,2024-12-20,12.0
4442,6051,2024-07-07,24.0
4443,6057,2024-03-12,24.0
4444,6060,2024-12-10,24.0
4445,6062,2024-06-25,12.0
4446,6062,2024-07-25,12.0
4447,6062,2024-08-24,12.0
4448,6062,2024-09-23,12.0
4449,6062,2024-10-23,12.0
4450,6062,2024-11-22,12.0
4451,6062,2024-12-22,12.0
4452,6063,2024-03-21,12.0
4453,6063,2024-04-20,12.0
4454,6063,2024-05-20,12.0
4455,6063,2024-06-19,12.0
4456,6063,2024-07-19,12.0
4457,6063,2024-08-18,12.0
4458,6063,2024-09-17,12.0
4459,6063,2024-10-17,12.0
4460,6063,2024-11-16,12.0
4461,6063,2024-12-16,12.0
4462,6089,2024-06-05,12.0
4463,6089,2024-07-05,12.0
4464,6089,2024-08-04,12.0
4465,6089,2024-09-03,12.0
4466,6089,2024-10-03,12.0
4467,6089,2024-11-02,12.0
4468,6089,2024-12-02,12.0
4469,6098,2024-08-14,12.0
4470,6102,2024-04-08,12.0
4471,6102,2024-05-08,12.0
4472,6102,2024-06-07,12.0
4473,6102,2024-07-07,12.0
4474,6102,2024-08-06,12.0
4475,6102,2024-09-05,12.0
4476,6102,2024-10-05,12.0
4477,6102,2024-11-04,12.0
4478,6102,2024-12-04,12.0
4479,6104,2024-11-22,12.0
4480,6104,2024-12-22,12.0
4481,6110,2024-09-06,12.0
4482,6128,2024-01-17,12.0
4483,6128,2024-02-16,12.0
4484,6128,2024-03-17,12.0
4485,6128,2024-04-16,12.0
4486,6128,2024-05-16,12.0
4487,6128,2024-06-15,12.0
4488,6128,2024-07-15,12.0
4489,6128,2024-08-14,12.0
4490,6128,2024-09-13,12.0
4491,6128,2024-10-13,12.0
4492,6128,2024-11-12,12.0
4493,6128,2024-12-12,12.0
4494,6131,2024-05-12,12.0
4495,6132,2024-09-18,24.0
4496,6133,2024-10-17,12.0
4497,6133,2024-11-16,12.0
4498,6133,2024-12-16,12.0
4499,6136,2024-04-27,24.0
4500,6138,2024-04-05,24.0
4501,6138,2024-05-05,24.0
4502,6138,2024-06-04,24.0
4503,6138,2024-07-04,24.0
4504,6138,2024-08-03,24.0
4505,6138,2024-09-02,24.0
4506,6138,2024-10-02,24.0
4507,6138,2024-11-01,24.0
4508,6138,2024-12-01,24.0
4509,6138,2024-12-31,24.0
4510,6139,2024-04-01,12.0
4511,6139,2024-05-01,12.0
4512,6139,2024-05-31,12.0
4513,6139,2024-06-30,12.0
4514,6139,2024-07-30,12.0
4515,6139,2024-08-29,12.0
4516,6139,2024-09-28,12.0
4517,6139,2024-10-28,12.0
4518,6139,2024-11-27,12.0
4519,6139,2024-12-27,12.0
4520,6142,2024-03-20,12.0
4521,6142,2024-04-19,12.0
4522,6142,2024-05-19,12.0
4523,6142,2024-06-18,12.0
4524,6142,2024-07-18,12.0
4525,6142,2024-08-17,12.0
4526,6142,2024-09-16,12.0
4527,6142,2024-10-16,12.0
4528,6142,2024-11-15,12.0
4529,6142,2024-12-15,12.0
4530,6152,2024-10-17,12.0
4531,6152,2024-11-16,12.0
4532,6152,2024-12-16,12.0
4533,6154,2024-05-10,12.0
4534,6154,2024-06-09,12.0
4535,6154,2024-07-09,12.0
4536,6154,2024-08-08,12.0
4537,6154,2024-09-07,12.0
4538,6154,2024-10-07,12.0
4539,6154,2024-11-06,12.0
4540,6154,2024-12-06,12.0
4541,6161,2024-10-05,12.0
4542,6163,2024-06-02,24.0
4543,6165,2024-12-12,12.0
4544,6169,2024-06-05,12.0
4545,6169,2024-07-05,12.0
4546,6169,2024-08-04,12.0
4547,6169,2024-09-03,12.0
4548,6169,2024-10-03,12.0
4549,6169,2024-11-02,12.0
4550,6169,2024-12-02,12.0
4551,6170,2024-10-07,12.0
4552,6170,2024-11-06,12.0
4553,6170,2024-12-06,12.0
4554,6177,2024-10-11,24.0
4555,6178,2024-06-09,12.0
4556,6178,2024-07-09,12.0
4557,6178,2024-08-08,12.0
4558,6178,2024-09-07,12.0
4559,6178,2024-10-07,12.0
4560,6178,2024-11-06,12.0
4561,6178,2024-12-06,12.0
4562,6180,2024-07-05,24.0
4563,6183,2024-11-15,24.0
4564,6185,2024-04-08,24.0
4565,6185,2024-05-08,24.0
4566,6185,2024-06-07,24.0
4567,6185,2024-07-07,24.0
4568,6185,2024-08-06,24.0
4569,6185,2024-09-05,24.0
4570,6185,2024-10-05,24.0
4571,6185,2024-11-04,24.0
4572,6185,2024-12-04,24.0
4573,6186,2024-10-19,12.0
4574,6186,2024-11-18,12.0
4575,6186,2024-12-18,12.0
4576,6206,2024-09-30,12.0
4577,6214,2024-09-04,12.0
4578,6214,2024-10-04,12.0
4579,6214,2024-11-03,12.0
4580,6214,2024-12-03,12.0
4581,6219,2024-04-06,12.0
4582,6219,2024-05-06,12.0
4583,6219,2024-06-05,12.0
4584,6219,2024-07-05,12.0
4585,6219,2024-08-04,12.0
4586,6219,2024-09-03,12.0
4587,6219,2024-10-03,12.0
4588,6219,2024-11-02,12.0
4589,6219,2024-12-02,12.0
4590,6222,2024-04-14,12.0
4591,6233,2024-11-17,24.0
4592,6245,2024-03-27,24.0
4593,6246,2024-02-23,24.0
4594,6246,2024-03-24,24.0
4595,6246,2024-04-23,24.0
4596,6246,2024-05-23,24.0
4597,6246,2024-06-22,24.0
4598,6246,2024-07-22,24.0
4599,6246,2024-08-21,24.0
4600,6246,2024-09-20,24.0
4601,6246,2024-10-20,24.0
4602,6246,2024-11-19,24.0
4603,6246,2024-12-19,24.0
4604,6255,2024-12-18,24.0
4605,6258,2024-03-03,24.0
4606,6258,2024-04-02,24.0
4607,6258,2024-05-02,24.0
4608,6258,2024-06-01,24.0
4609,6258,2024-07-01,24.0
4610,6258,2024-07-31,24.0
4611,6258,2024-08-30,24.0
4612,6258,2024-09-29,24.0
4613,6258,2024-10-29,24.0
4614,6258,2024-11-28,24.0
4615,6258,2024-12-28,24.0
4616,6260,2024-04-27,12.0
4617,6260,2024-05-27,12.0
4618,6260,2024-06-26,12.0
4619,6260,2024-07-26,12.0
4620,6260,2024-08-25,12.0
4621,6260,2024-09-24,12.0
4622,6260,2024-10-24,12.0
4623,6260,2024-11-23,12.0
4624,6260,2024-12-23,12.0
4625,6264,2024-10-11,12.0
4626,6279,2024-10-24,12.0
4627,6280,2024-02-10,12.0
4628,6280,2024-03-11,12.0
4629,6280,2024-04-10,12.0
4630,6280,2024-05-10,12.0
4631,6280,2024-06-09,12.0
4632,6280,2024-07-09,12.0
4633,6280,2024-08-08,12.0
4634,6280,2024-09-07,12.0
4635,6280,2024-10-07,12.0
4636,6280,2024-11-06,12.0
4637,6280,2024-12-06,12.0
4638,6284,2024-02-21,24.0
4639,6284,2024-03-22,24.0
4640,6284,2024-04-21,24.0
4641,6284,2024-05-21,24.0
4642,6284,2024-06-20,24.0
4643,6284,2024-07-20,24.0
4644,6284,2024-08-19,24.0
4645,6284,2024-09-18,24.0
4646,6284,2024-10-18,24.0
4647,6284,2024-11-17,24.0
4648,6284,2024-12-17,24.0
4649,6285,2024-11-25,12.0
4650,6285,2024-12-25,12.0
4651,6290,2024-12-12,12.0
4652,6292,2024-12-24,12.0
4653,6297,2024-11-13,12.0
4654,6299,2024-05-09,12.0
4655,6299,2024-06-08,12.0
4656,6299,2024-07-08,12.0
4657,6299,2024-08-07,12.0
4658,6299,2024-09-06,12.0
4659,6299,2024-10-06,12.0
4660,6299,2024-11-05,12.0
4661,6299,2024-12-05,12.0
4662,6304,2024-03-24,24.0
4663,6311,2024-03-22,12.0
4664,6311,2024-04-21,12.0
4665,6311,2024-05-21,12.0
4666,6311,2024-06-20,12.0
4667,6311,2024-07-20,12.0
4668,6311,2024-08-19,12.0
4669,6311,2024-09-18,12.0
4670,6311,2024-10-18,12.0
4671,6311,2024-11-17,12.0
4672,6311,2024-12-17,12.0
4673,6317,2024-08-10,12.0
4674,6317,2024-09-09,12.0
4675,6317,2024-10-09,12.0
4676,6317,2024-11-08,12.0
4677,6317,2024-12-08,12.0
4678,6328,2024-08-28,24.0
4679,6330,2024-04-29,12.0
4680,6330,2024-05-29,12.0
4681,6330,2024-06-28,12.0
4682,6330,2024-07-28,12.0
4683,6330,2024-08-27,12.0
4684,6330,2024-09-26,12.0
4685,6330,2024-10-26,12.0
4686,6330,2024-11-25,12.0
4687,6330,2024-12-25,12.0
4688,6335,2024-10-24,12.0
4689,6335,2024-11-23,12.0
4690,6335,2024-12-23,12.0
4691,6338,2024-06-01,24.0
4692,6339,2024-03-20,12.0
4693,6339,2024-04-19,12.0
4694,6339,2024-05-19,12.0
4695,6339,2024-06-18,12.0
4696,6339,2024-07-18,12.0
4697,6339,2024-08-17,12.0
4698,6339,2024-09-16,12.0
4699,6339,2024-10-16,12.0
4700,6339,2024-11-15,12.0
4701,6339,2024-12-15,12.0
4702,6340,2024-10-13,12.0
4703,6340,2024-11-12,12.0
4704,6340,2024-12-12,12.0
4705,6348,2024-10-17,12.0
4706,6348,2024-11-16,12.0
4707,6348,2024-12-16,12.0
4708,6354,2024-07-08,24.0
4709,6354,2024-08-07,24.0
4710,6354,2024-09-06,24.0
4711,6354,2024-10-06,24.0
4712,6354,2024-11-05,24.0
4713,6354,2024-12-05,24.0
4714,6361,2024-06-05,12.0
4715,6361,2024-07-05,12.0
4716,6361,2024-08-04,12.0
4717,6361,2024-09-03,12.0
4718,6361,2024-10-03,12.0
4719,6361,2024-11-02,12.0
4720,6361,2024-12-02,12.0
4721,6362,2024-09-19,12.0
4722,6362,2024-10-19,12.0
4723,6362,2024-11-18,12.0
4724,6362,2024-12-18,12.0
4725,6364,2024-03-10,24.0
4726,6365,2024-12-04,12.0
4727,6369,2024-08-20,12.0
4728,6369,2024-09-19,12.0
4729,6369,2024-10-19,12.0
4730,6369,2024-11-18,12.0
4731,6369,2024-12-18,12.0
4732,6371,2024-12-07,12.0
4733,6375,2024-05-12,12.0
4734,6376,2024-04-10,12.0
4735,6376,2024-05-10,12.0
4736,6376,2024-06-09,12.0
4737,6376,2024-07-09,12.0
4738,6376,2024-08-08,12.0
4739,6376,2024-09-07,12.0
4740,6376,2024-10-07,12.0
4741,6376,2024-11-06,12.0
4742,6376,2024-12-06,12.0
4743,6389,2025-01-06,12.0
4744,6391,2024-03-14,12.0
4745,6391,2024-04-13,12.0
4746,6391,2024-05-13,12.0
4747,6391,2024-06-12,12.0
4748,6391,2024-07-12,12.0
4749,6391,2024-08-11,12.0
4750,6391,2024-09-10,12.0
4751,6391,2024-10-10,12.0
4752,6391,2024-11-09,12.0
4753,6391,2024-12-09,12.0
4754,6393,2024-05-25,12.0
4755,6393,2024-06-24,12.0
4756,6393,2024-07-24,12.0
4757,6393,2024-08-23,12.0
4758,6393,2024-09-22,12.0
4759,6393,2024-10-22,12.0
4760,6393,2024-11-21,12.0
4761,6393,2024-12-21,12.0
4762,6399,2024-08-20,24.0
4763,6400,2024-11-16,12.0
4764,6404,2024-08-08,12.0
4765,6404,2024-09-07,12.0
4766,6404,2024-10-07,12.0
4767,6404,2024-11-06,12.0
4768,6404,2024-12-06,12.0
4769,6406,2024-10-17,12.0
4770,6418,2024-04-10,12.0
4771,6423,2024-09-29,12.0
4772,6423,2024-10-29,12.0
4773,6423,2024-11-28,12.0
4774,6423,2024-12-28,12.0
4775,6427,2024-03-05,24.0
4776,6427,2024-04-04,24.0
4777,6427,2024-05-04,24.0
4778,6427,2024-06-03,24.0
4779,6427,2024-07-03,24.0
4780,6427,2024-08-02,24.0
4781,6427,2024-09-01,24.0
4782,6427,2024-10-01,24.0
4783,6427,2024-10-31,24.0
4784,6427,2024-11-30,24.0
4785,6427,2024-12-30,24.0
4786,6432,2024-07-11,12.0
4787,6437,2024-08-02,24.0
4788,6445,2024-04-19,12.0
4789,6448,2024-07-20,24.0
4790,6449,2024-10-02,24.0
4791,6451,2024-05-16,24.0
4792,6451,2024-06-15,24.0
4793,6451,2024-07-15,24.0
4794,6451,2024-08-14,24.0
4795,6451,2024-09-13,24.0
4796,6451,2024-10-13,24.0
4797,6451,2024-11-12,24.0
4798,6451,2024-12-12,24.0
4799,6452,2024-05-12,12.0
4800,6452,2024-06-11,12.0
4801,6452,2024-07-11,12.0
4802,6452,2024-08-10,12.0
4803,6452,2024-09-09,12.0
4804,6452,2024-10-09,12.0
4805,6452,2024-11-08,12.0
4806,6452,2024-12-08,12.0
4807,6454,2024-05-08,12.0
4808,6455,2024-09-28,12.0
4809,6455,2024-10-28,12.0
4810,6455,2024-11-27,12.0
4811,6455,2024-12-27,12.0
4812,6462,2024-10-21,12.0
4813,6462,2024-11-20,12.0
4814,6462,2024-12-20,12.0
4815,6463,2024-10-14,12.0
4816,6467,2024-04-28,24.0
4817,6467,2024-05-28,24.0
4818,6467,2024-06-27,24.0
4819,6467,2024-07-27,24.0
4820,6467,2024-08-26,24.0
4821,6467,2024-09-25,24.0
4822,6467,2024-10-25,24.0
4823,6467,2024-11-24,24.0
4824,6467,2024-12-24,24.0
4825,6468,2024-10-20,12.0
4826,6470,2024-12-02,12.0
4827,6491,2024-05-01,12.0
4828,6491,2024-05-31,12.0
4829,6491,2024-06-30,12.0
4830,6491,2024-07-30,12.0
4831,6491,2024-08-29,12.0
4832,6491,2024-09-28,12.0
4833,6491,2024-10-28,12.0
4834,6491,2024-11-27,12.0
4835,6491,2024-12-27,12.0
4836,6501,2024-12-18,24.0
4837,6503,2024-08-28,12.0
4838,6506,2024-02-03,12.0
4839,6506,2024-03-04,12.0
4840,6506,2024-04-03,12.0
4841,6506,2024-05-03,12.0
4842,6506,2024-06-02,12.0
4843,6506,2024-07-02,12.0
4844,6506,2024-08-01,12.0
4845,6506,2024-08-31,12.0
4846,6506,2024-09-30,12.0
4847,6506,2024-10-30,12.0
4848,6506,2024-11-29,12.0
4849,6506,2024-12-29,12.0
4850,6509,2024-09-01,24.0
4851,6521,2025-01-05,12.0
4852,6523,2024-02-03,12.0
4853,6523,2024-03-04,12.0
4854,6523,2024-04-03,12.0
4855,6523,2024-05-03,12.0
4856,6523,2024-06-02,12.0
4857,6523,2024-07-02,12.0
4858,6523,2024-08-01,12.0
4859,6523,2024-08-31,12.0
4860,6523,2024-09-30,12.0
4861,6523,2024-10-30,12.0
4862,6523,2024-11-29,12.0
4863,6523,2024-12-29,12.0
4864,6526,2025-01-14,12.0
4865,6528,2024-01-28,12.0
4866,6528,2024-02-27,12.0
4867,6528,2024-03-28,12.0
4868,6528,2024-04-27,12.0
4869,6528,2024-05-27,12.0
4870,6528,2024-06-26,12.0
4871,6528,2024-07-26,12.0
4872,6528,2024-08-25,12.0
4873,6528,2024-09-24,12.0
4874,6528,2024-10-24,12.0
4875,6528,2024-11-23,12.0
4876,6528,2024-12-23,12.0
4877,6537,2024-03-07,24.0
4878,6537,2024-04-06,24.0
4879,6537,2024-05-06,24.0
4880,6537,2024-06-05,24.0
4881,6537,2024-07-05,24.0
4882,6537,2024-08-04,24.0
4883,6537,2024-09-03,24.0
4884,6537,2024-10-03,24.0
4885,6537,2024-11-02,24.0
4886,6537,2024-12-02,24.0
4887,6544,2024-08-06,12.0
4888,6544,2024-09-05,12.0
4889,6544,2024-10-05,12.0
4890,6544,2024-11-04,12.0
4891,6544,2024-12-04,12.0
4892,6547,2024-01-31,24.0
4893,6547,2024-03-01,24.0
4894,6547,2024-03-31,24.0
4895,6547,2024-04-30,24.0
4896,6547,2024-05-30,24.0
4897,6547,2024-06-29,24.0
4898,6547,2024-07-29,24.0
4899,6547,2024-08-28,24.0
4900,6547,2024-09-27,24.0
4901,6547,2024-10-27,24.0
4902,6547,2024-11-26,24.0
4903,6547,2024-12-26,24.0
4904,6548,2024-08-22,12.0
4905,6548,2024-09-21,12.0
4906,6548,2024-10-21,12.0
4907,6548,2024-11-20,12.0
4908,6548,2024-12-20,12.0
4909,6550,2024-05-09,12.0
4910,6554,2024-02-18,24.0
4911,6554,2024-03-19,24.0
4912,6554,2024-04-18,24.0
4913,6554,2024-05-18,24.0
4914,6554,2024-06-17,24.0
4915,6554,2024-07-17,24.0
4916,6554,2024-08-16,24.0
4917,6554,2024-09-15,24.0
4918,6554,2024-10-15,24.0
4919,6554,2024-11-14,24.0
4920,6554,2024-12-14,24.0
4921,6556,2024-06-18,24.0
4922,6557,2024-11-30,12.0
4923,6557,2024-12-30,12.0
4924,6558,2024-03-17,12.0
4925,6569,2024-09-10,12.0
4926,6569,2024-10-10,12.0
4927,6569,2024-11-09,12.0
4928,6569,2024-12-09,12.0
4929,6581,2024-11-18,12.0
4930,6581,2024-12-18,12.0
4931,6585,2024-07-23,12.0
4932,6592,2024-10-06,12.0
4933,6592,2024-11-05,12.0
4934,6592,2024-12-05,12.0
4935,6593,2024-07-08,12.0
4936,6593,2024-08-07,12.0
4937,6593,2024-09-06,12.0
4938,6593,2024-10-06,12.0
4939,6593,2024-11-05,12.0
4940,6593,2024-12-05,12.0
4941,6594,2024-11-13,12.0
4942,6600,2024-06-23,12.0
4943,6600,2024-07-23,12.0
4944,6600,2024-08-22,12.0
4945,6600,2024-09-21,12.0
4946,6600,2024-10-21,12.0
4947,6600,2024-11-20,12.0
4948,6600,2024-12-20,12.0
4949,6601,2024-01-24,24.0
4950,6601,2024-02-23,24.0
4951,6601,2024-03-24,24.0
4952,6601,2024-04-23,24.0
4953,6601,2024-05-23,24.0
4954,6601,2024-06-22,24.0
4955,6601,2024-07-22,24.0
4956,6601,2024-08-21,24.0
4957,6601,2024-09-20,24.0
4958,6601,2024-10-20,24.0
4959,6601,2024-11-19,24.0
4960,6601,2024-12-19,24.0
4961,6602,2024-03-04,12.0
4962,6602,2024-04-03,12.0
4963,6602,2024-05-03,12.0
4964,6602,2024-06-02,12.0
4965,6602,2024-07-02,12.0
4966,6602,2024-08-01,12.0
4967,6602,2024-08-31,12.0
4968,6602,2024-09-30,12.0
4969,6602,2024-10-30,12.0
4970,6602,2024-11-29,12.0
4971,6602,2024-12-29,12.0
4972,6603,2024-05-06,12.0
4973,6604,2024-03-24,12.0
4974,6605,2024-10-21,12.0
4975,6607,2024-12-03,12.0
4976,6609,2024-03-02,12.0
4977,6610,2024-01-19,12.0
4978,6610,2024-02-18,12.0
4979,6610,2024-03-19,12.0
4980,6610,2024-04-18,12.0
4981,6610,2024-05-18,12.0
4982,6610,2024-06-17,12.0
4983,6610,2024-07-17,12.0
4984,6610,2024-08-16,12.0
4985,6610,2024-09-15,12.0
4986,6610,2024-10-15,12.0
4987,6610,2024-11-14,12.0
4988,6610,2024-12-14,12.0
4989,6612,2024-05-01,12.0
4990,6612,2024-05-31,12.0
4991,6612,2024-06-30,12.0
4992,6612,2024-07-30,12.0
4993,6612,2024-08-29,12.0
4994,6612,2024-09-28,12.0
4995,6612,2024-10-28,12.0
4996,6612,2024-11-27,12.0
4997,6612,2024-12-27,12.0
4998,6613,2024-08-02,12.0
4999,6613,2024-09-01,12.0
5000,6613,2024-10-01,12.0
5001,6613,2024-10-31,12.0
5002,6613,2024-11-30,12.0
5003,6613,2024-12-30,12.0
5004,6628,2024-08-29,12.0
5005,6630,2024-10-09,12.0
5006,6631,2024-10-02,12.0
5007,6635,2024-11-10,12.0
5008,6635,2024-12-10,12.0
5009,6636,2024-05-04,12.0
5010,6636,2024-06-03,12.0
5011,6636,2024-07-03,12.0
5012,6636,2024-08-02,12.0
5013,6636,2024-09-01,12.0
5014,6636,2024-10-01,12.0
5015,6636,2024-10-31,12.0
5016,6636,2024-11-30,12.0
5017,6636,2024-12-30,12.0
5018,6641,2024-01-25,12.0
5019,6641,2024-02-24,12.0
5020,6641,2024-03-25,12.0
5021,6641,2024-04-24,12.0
5022,6641,2024-05-24,12.0
5023,6641,2024-06-23,12.0
5024,6641,2024-07-23,12.0
5025,6641,2024-08-22,12.0
5026,6641,2024-09-21,12.0
5027,6641,2024-10-21,12.0
5028,6641,2024-11-20,12.0
5029,6641,2024-12-20,12.0
5030,6644,2024-06-01,12.0
5031,6644,2024-07-01,12.0
5032,6644,2024-07-31,12.0
5033,6644,2024-08-30,12.0
5034,6644,2024-09-29,12.0
5035,6644,2024-10-29,12.0
5036,6644,2024-11-28,12.0
5037,6644,2024-12-28,12.0
5038,6647,2024-02-14,12.0
5039,6647,2024-03-15,12.0
5040,6647,2024-04-14,12.0
5041,6647,2024-05-14,12.0
5042,6647,2024-06-13,12.0
5043,6647,2024-07-13,12.0
5044,6647,2024-08-12,12.0
5045,6647,2024-09-11,12.0
5046,6647,2024-10-11,12.0
5047,6647,2024-11-10,12.0
5048,6647,2024-12-10,12.0
5049,6652,2025-01-12,12.0
5050,6670,2024-11-26,12.0
5051,6670,2024-12-26,12.0
5052,6672,2024-05-26,12.0
5053,6672,2024-06-25,12.0
5054,6672,2024-07-25,12.0
5055,6672,2024-08-24,12.0
5056,6672,2024-09-23,12.0
5057,6672,2024-10-23,12.0
5058,6672,2024-11-22,12.0
5059,6672,2024-12-22,12.0
5060,6689,2024-08-21,12.0
5061,6689,2024-09-20,12.0
5062,6689,2024-10-20,12.0
5063,6689,2024-11-19,12.0
5064,6689,2024-12-19,12.0
5065,6703,2025-01-09,12.0
5066,6704,2024-03-08,24.0
5067,6704,2024-04-07,24.0
5068,6704,2024-05-07,24.0
5069,6704,2024-06-06,24.0
5070,6704,2024-07-06,24.0
5071,6704,2024-08-05,24.0
5072,6704,2024-09-04,24.0
5073,6704,2024-10-04,24.0
5074,6704,2024-11-03,24.0
5075,6704,2024-12-03,24.0
5076,6712,2024-11-28,12.0
5077,6712,2024-12-28,12.0
5078,6715,2024-09-15,12.0
5079,6715,2024-10-15,12.0
5080,6715,2024-11-14,12.0
5081,6715,2024-12-14,12.0
5082,6716,2024-11-24,24.0
5083,6724,2024-03-11,24.0
5084,6724,2024-04-10,24.0
5085,6724,2024-05-10,24.0
5086,6724,2024-06-09,24.0
5087,6724,2024-07-09,24.0
5088,6724,2024-08-08,24.0
5089,6724,2024-09-07,24.0
5090,6724,2024-10-07,24.0
5091,6724,2024-11-06,24.0
5092,6724,2024-12-06,24.0
5093,6729,2024-10-25,24.0
5094,6734,2024-11-11,12.0
5095,6734,2024-12-11,12.0
5096,6743,2024-02-09,24.0
5097,6743,2024-03-10,24.0
5098,6743,2024-04-09,24.0
5099,6743,2024-05-09,24.0
5100,6743,2024-06-08,24.0
5101,6743,2024-07-08,24.0
5102,6743,2024-08-07,24.0
5103,6743,2024-09-06,24.0
5104,6743,2024-10-06,24.0
5105,6743,2024-11-05,24.0
5106,6743,2024-12-05,24.0
5107,6746,2024-02-28,12.0
5108,6746,2024-03-29,12.0
5109,6746,2024-04-28,12.0
5110,6746,2024-05-28,12.0
5111,6746,2024-06-27,12.0
5112,6746,2024-07-27,12.0
5113,6746,2024-08-26,12.0
5114,6746,2024-09-25,12.0
5115,6746,2024-10-25,12.0
5116,6746,2024-11-24,12.0
5117,6746,2024-12-24,12.0
5118,6750,2024-10-05,12.0
5119,6750,2024-11-04,12.0
5120,6750,2024-12-04,12.0
5121,6758,2024-12-09,24.0
5122,6765,2024-05-23,12.0
5123,6774,2025-01-06,12.0
5124,6776,2024-06-20,12.0
5125,6776,2024-07-20,12.0
5126,6776,2024-08-19,12.0
5127,6776,2024-09-18,12.0
5128,6776,2024-10-18,12.0
5129,6776,2024-11-17,12.0
5130,6776,2024-12-17,12.0
5131,6777,2024-06-22,12.0
5132,6780,2024-10-17,12.0
5133,6780,2024-11-16,12.0
5134,6780,2024-12-16,12.0
5135,6789,2024-10-28,12.0
5136,6789,2024-11-27,12.0
5137,6789,2024-12-27,12.0
5138,6791,2024-06-15,24.0
5139,6791,2024-07-15,24.0
5140,6791,2024-08-14,24.0
5141,6791,2024-09-13,24.0
5142,6791,2024-10-13,24.0
5143,6791,2024-11-12,24.0
5144,6791,2024-12-12,24.0
5145,6812,2024-05-12,12.0
5146,6812,2024-06-11,12.0
5147,6812,2024-07-11,12.0
5148,6812,2024-08-10,12.0
5149,6812,2024-09-09,12.0
5150,6812,2024-10-09,12.0
5151,6812,2024-11-08,12.0
5152,6812,2024-12-08,12.0
5153,6813,2024-06-02,12.0
5154,6813,2024-07-02,12.0
5155,6813,2024-08-01,12.0
5156,6813,2024-08-31,12.0
5157,6813,2024-09-30,12.0
5158,6813,2024-10-30,12.0
5159,6813,2024-11-29,12.0
5160,6813,2024-12-29,12.0
5161,6814,2024-02-29,12.0
5162,6814,2024-03-30,12.0
5163,6814,2024-04-29,12.0
5164,6814,2024-05-29,12.0
5165,6814,2024-06-28,12.0
5166,6814,2024-07-28,12.0
5167,6814,2024-08-27,12.0
5168,6814,2024-09-26,12.0
5169,6814,2024-10-26,12.0
5170,6814,2024-11-25,12.0
5171,6814,2024-12-25,12.0
5172,6825,2024-08-27,24.0
5173,6825,2024-09-26,24.0
5174,6825,2024-10-26,24.0
5175,6825,2024-11-25,24.0
5176,6825,2024-12-25,24.0
5177,6831,2024-07-29,12.0
5178,6831,2024-08-28,12.0
5179,6831,2024-09-27,12.0
5180,6831,2024-10-27,12.0
5181,6831,2024-11-26,12.0
5182,6831,2024-12-26,12.0
5183,6833,2024-05-02,24.0
5184,6833,2024-06-01,24.0
5185,6833,2024-07-01,24.0
5186,6833,2024-07-31,24.0
5187,6833,2024-08-30,24.0
5188,6833,2024-09-29,24.0
5189,6833,2024-10-29,24.0
5190,6833,2024-11-28,24.0
5191,6833,2024-12-28,24.0
5192,6843,2024-10-16,12.0
5193,6843,2024-11-15,12.0
5194,6843,2024-12-15,12.0
5195,6847,2024-04-18,12.0
5196,6847,2024-05-18,12.0
5197,6847,2024-06-17,12.0
5198,6847,2024-07-17,12.0
5199,6847,2024-08-16,12.0
5200,6847,2024-09-15,12.0
5201,6847,2024-10-15,12.0
5202,6847,2024-11-14,12.0
5203,6847,2024-12-14,12.0
5204,6849,2024-04-09,12.0
5205,6849,2024-05-09,12.0
5206,6849,2024-06-08,12.0
5207,6849,2024-07-08,12.0
5208,6849,2024-08-07,12.0
5209,6849,2024-09-06,12.0
5210,6849,2024-10-06,12.0
5211,6849,2024-11-05,12.0
5212,6849,2024-12-05,12.0
5213,6863,2024-02-20,24.0
5214,6863,2024-03-21,24.0
5215,6863,2024-04-20,24.0
5216,6863,2024-05-20,24.0
5217,6863,2024-06-19,24.0
5218,6863,2024-07-19,24.0
5219,6863,2024-08-18,24.0
5220,6863,2024-09-17,24.0
5221,6863,2024-10-17,24.0
5222,6863,2024-11-16,24.0
5223,6863,2024-12-16,24.0
5224,6876,2024-08-01,24.0
5225,6878,2024-05-27,12.0
5226,6878,2024-06-26,12.0
5227,6878,2024-07-26,12.0
5228,6878,2024-08-25,12.0
5229,6878,2024-09-24,12.0
5230,6878,2024-10-24,12.0
5231,6878,2024-11-23,12.0
5232,6878,2024-12-23,12.0
5233,6882,2024-09-23,24.0
5234,6882,2024-10-23,24.0
5235,6882,2024-11-22,24.0
5236,6882,2024-12-22,24.0
5237,6884,2024-11-12,12.0
5238,6887,2024-07-04,12.0
5239,6889,2024-09-07,12.0
5240,6889,2024-10-07,12.0
5241,6889,2024-11-06,12.0
5242,6889,2024-12-06,12.0
5243,6891,2024-09-13,24.0
5244,6891,2024-10-13,24.0
5245,6891,2024-11-12,24.0
5246,6891,2024-12-12,24.0
5247,6894,2024-04-12,24.0
5248,6894,2024-05-12,24.0
5249,6894,2024-06-11,24.0
5250,6894,2024-07-11,24.0
5251,6894,2024-08-10,24.0
5252,6894,2024-09-09,24.0
5253,6894,2024-10-09,24.0
5254,6894,2024-11-08,24.0
5255,6894,2024-12-08,24.0
5256,6896,2024-03-07,24.0
5257,6896,2024-04-06,24.0
5258,6896,2024-05-06,24.0
5259,6896,2024-06-05,24.0
5260,6896,2024-07-05,24.0
5261,6896,2024-08-04,24.0
5262,6896,2024-09-03,24.0
5263,6896,2024-10-03,24.0
5264,6896,2024-11-02,24.0
5265,6896,2024-12-02,24.0
5266,6897,2024-12-23,12.0
5267,6908,2024-11-14,24.0
5268,6908,2024-12-14,24.0
5269,6912,2024-09-04,12.0
5270,6912,2024-10-04,12.0
5271,6912,2024-11-03,12.0
5272,6912,2024-12-03,12.0
5273,6919,2024-05-10,12.0
5274,6919,2024-06-09,12.0
5275,6919,2024-07-09,12.0
5276,6919,2024-08-08,12.0
5277,6919,2024-09-07,12.0
5278,6919,2024-10-07,12.0
5279,6919,2024-11-06,12.0
5280,6919,2024-12-06,12.0
5281,6921,2024-10-25,12.0
5282,6921,2024-11-24,12.0
5283,6921,2024-12-24,12.0
5284,6922,2024-11-08,12.0
5285,6922,2024-12-08,12.0
5286,6923,2024-07-03,12.0
5287,6923,2024-08-02,12.0
5288,6923,2024-09-01,12.0
5289,6923,2024-10-01,12.0
5290,6923,2024-10-31,12.0
5291,6923,2024-11-30,12.0
5292,6923,2024-12-30,12.0
5293,6926,2024-03-27,12.0
5294,6926,2024-04-26,12.0
5295,6926,2024-05-26,12.0
5296,6926,2024-06-25,12.0
5297,6926,2024-07-25,12.0
5298,6926,2024-08-24,12.0
5299,6926,2024-09-23,12.0
5300,6926,2024-10-23,12.0
5301,6926,2024-11-22,12.0
5302,6926,2024-12-22,12.0
5303,6937,2024-12-15,12.0
5304,6943,2024-08-18,12.0
5305,6943,2024-09-17,12.0
5306,6943,2024-10-17,12.0
5307,6943,2024-11-16,12.0
5308,6943,2024-12-16,12.0
5309,6945,2024-06-18,12.0
5310,6945,2024-07-18,12.0
5311,6945,2024-08-17,12.0
5312,6945,2024-09-16,12.0
5313,6945,2024-10-16,12.0
5314,6945,2024-11-15,12.0
5315,6945,2024-12-15,12.0
5316,6949,2024-10-14,12.0
5317,6953,2024-03-07,24.0
5318,6953,2024-04-06,24.0
5319,6953,2024-05-06,24.0
5320,6953,2024-06-05,24.0
5321,6953,2024-07-05,24.0
5322,6953,2024-08-04,24.0
5323,6953,2024-09-03,24.0
5324,6953,2024-10-03,24.0
5325,6953,2024-11-02,24.0
5326,6953,2024-12-02,24.0
5327,6956,2024-07-22,24.0
5328,6956,2024-08-21,24.0
5329,6956,2024-09-20,24.0
5330,6956,2024-10-20,24.0
5331,6956,2024-11-19,24.0
5332,6956,2024-12-19,24.0
5333,6969,2024-09-03,24.0
5334,6969,2024-10-03,24.0
5335,6969,2024-11-02,24.0
5336,6969,2024-12-02,24.0
5337,6982,2025-01-02,12.0
5338,6984,2024-10-30,24.0
5339,6984,2024-11-29,24.0
5340,6984,2024-12-29,24.0
5341,6988,2024-02-08,12.0
5342,6988,2024-03-09,12.0
5343,6988,2024-04-08,12.0
5344,6988,2024-05-08,12.0
5345,6988,2024-06-07,12.0
5346,6988,2024-07-07,12.0
5347,6988,2024-08-06,12.0
5348,6988,2024-09-05,12.0
5349,6988,2024-10-05,12.0
5350,6988,2024-11-04,12.0
5351,6988,2024-12-04,12.0
5352,6992,2024-04-30,12.0
5353,6992,2024-05-30,12.0
5354,6992,2024-06-29,12.0
5355,6992,2024-07-29,12.0
5356,6992,2024-08-28,12.0
5357,6992,2024-09-27,12.0
5358,6992,2024-10-27,12.0
5359,6992,2024-11-26,12.0
5360,6992,2024-12-26,12.0
5361,6994,2024-08-08,12.0
5362,6999,2024-12-03,24.0
5363,7000,2024-10-22,12.0
5364,7019,2024-01-28,24.0
5365,7019,2024-02-27,24.0
5366,7019,2024-03-28,24.0
5367,7019,2024-04-27,24.0
5368,7019,2024-05-27,24.0
5369,7019,2024-06-26,24.0
5370,7019,2024-07-26,24.0
5371,7019,2024-08-25,24.0
5372,7019,2024-09-24,24.0
5373,7019,2024-10-24,24.0
5374,7019,2024-11-23,24.0
5375,7019,2024-12-23,24.0
5376,7028,2024-04-28,12.0
5377,7028,2024-05-28,12.0
5378,7028,2024-06-27,12.0
5379,7028,2024-07-27,12.0
5380,7028,2024-08-26,12.0
5381,7028,2024-09-25,12.0
5382,7028,2024-10-25,12.0
5383,7028,2024-11-24,12.0
5384,7028,2024-12-24,12.0
5385,7039,2024-12-10,12.0
5386,7041,2024-09-26,12.0
5387,7045,2025-01-03,24.0
5388,7048,2024-05-29,12.0
5389,7048,2024-06-28,12.0
5390,7048,2024-07-28,12.0
5391,7048,2024-08-27,12.0
5392,7048,2024-09-26,12.0
5393,7048,2024-10-26,12.0
5394,7048,2024-11-25,12.0
5395,7048,2024-12-25,12.0
5396,7061,2024-03-27,12.0
5397,7062,2024-01-20,24.0
5398,7062,2024-02-19,24.0
5399,7062,2024-03-20,24.0
5400,7062,2024-04-19,24.0
5401,7062,2024-05-19,24.0
5402,7062,2024-06-18,24.0
5403,7062,2024-07-18,24.0
5404,7062,2024-08-17,24.0
5405,7062,2024-09-16,24.0
5406,7062,2024-10-16,24.0
5407,7062,2024-11-15,24.0
5408,7062,2024-12-15,24.0
5409,7084,2024-04-12,12.0
5410,7090,2024-05-29,12.0
5411,7090,2024-06-28,12.0
5412,7090,2024-07-28,12.0
5413,7090,2024-08-27,12.0
5414,7090,2024-09-26,12.0
5415,7090,2024-10-26,12.0
5416,7090,2024-11-25,12.0
5417,7090,2024-12-25,12.0
5418,7091,2024-07-23,12.0
5419,7091,2024-08-22,12.0
5420,7091,2024-09-21,12.0
5421,7091,2024-10-21,12.0
5422,7091,2024-11-20,12.0
5423,7091,2024-12-20,12.0
5424,7101,2024-06-01,12.0
5425,7102,2024-05-02,12.0
5426,7102,2024-06-01,12.0
5427,7102,2024-07-01,12.0
5428,7102,2024-07-31,12.0
5429,7102,2024-08-30,12.0
5430,7102,2024-09-29,12.0
5431,7102,2024-10-29,12.0
5432,7102,2024-11-28,12.0
5433,7102,2024-12-28,12.0
5434,7103,2024-08-25,12.0
5435,7104,2024-02-12,24.0
5436,7104,2024-03-13,24.0
5437,7104,2024-04-12,24.0
5438,7104,2024-05-12,24.0
5439,7104,2024-06-11,24.0
5440,7104,2024-07-11,24.0
5441,7104,2024-08-10,24.0
5442,7104,2024-09-09,24.0
5443,7104,2024-10-09,24.0
5444,7104,2024-11-08,24.0
5445,7104,2024-12-08,24.0
5446,7105,2024-05-06,12.0
5447,7105,2024-06-05,12.0
5448,7105,2024-07-05,12.0
5449,7105,2024-08-04,12.0
5450,7105,2024-09-03,12.0
5451,7105,2024-10-03,12.0
5452,7105,2024-11-02,12.0
5453,7105,2024-12-02,12.0
5454,7106,2024-02-05,12.0
5455,7106,2024-03-06,12.0
5456,7106,2024-04-05,12.0
5457,7106,2024-05-05,12.0
5458,7106,2024-06-04,12.0
5459,7106,2024-07-04,12.0
5460,7106,2024-08-03,12.0
5461,7106,2024-09-02,12.0
5462,7106,2024-10-02,12.0
5463,7106,2024-11-01,12.0
5464,7106,2024-12-01,12.0
5465,7106,2024-12-31,12.0
5466,7109,2024-06-01,24.0
5467,7109,2024-07-01,24.0
5468,7109,2024-07-31,24.0
5469,7109,2024-08-30,24.0
5470,7109,2024-09-29,24.0
5471,7109,2024-10-29,24.0
5472,7109,2024-11-28,24.0
5473,7109,2024-12-28,24.0
5474,7111,2025-01-02,12.0
5475,7117,2024-06-18,12.0
5476,7117,2024-07-18,12.0
5477,7117,2024-08-17,12.0
5478,7117,2024-09-16,12.0
5479,7117,2024-10-16,12.0
5480,7117,2024-11-15,12.0
5481,7117,2024-12-15,12.0
5482,7122,2024-01-17,12.0
5483,7127,2024-05-23,12.0
5484,7133,2024-03-12,12.0
5485,7133,2024-04-11,12.0
5486,7133,2024-05-11,12.0
5487,7133,2024-06-10,12.0
5488,7133,2024-07-10,12.0
5489,7133,2024-08-09,12.0
5490,7133,2024-09-08,12.0
5491,7133,2024-10-08,12.0
5492,7133,2024-11-07,12.0
5493,7133,2024-12-07,12.0
5494,7140,2024-03-21,12.0
5495,7140,2024-04-20,12.0
5496,7140,2024-05-20,12.0
5497,7140,2024-06-19,12.0
5498,7140,2024-07-19,12.0
5499,7140,2024-08-18,12.0
5500,7140,2024-09-17,12.0
5501,7140,2024-10-17,12.0
5502,7140,2024-11-16,12.0
5503,7140,2024-12-16,12.0
5504,7141,2024-07-04,24.0
5505,7141,2024-08-03,24.0
5506,7141,2024-09-02,24.0
5507,7141,2024-10-02,24.0
5508,7141,2024-11-01,24.0
5509,7141,2024-12-01,24.0
5510,7141,2024-12-31,24.0
5511,7142,2024-10-14,12.0
5512,7150,2024-09-06,12.0
5513,7161,2024-08-31,12.0
5514,7162,2024-07-13,12.0
5515,7172,2024-08-16,12.0
5516,7179,2024-12-22,12.0
5517,7180,2024-05-28,12.0
5518,7180,2024-06-27,12.0
5519,7180,2024-07-27,12.0
5520,7180,2024-08-26,12.0
5521,7180,2024-09-25,12.0
5522,7180,2024-10-25,12.0
5523,7180,2024-11-24,12.0
5524,7180,2024-12-24,12.0
5525,7188,2024-05-28,24.0
5526,7188,2024-06-27,24.0
5527,7188,2024-07-27,24.0
5528,7188,2024-08-26,24.0
5529,7188,2024-09-25,24.0
5530,7188,2024-10-25,24.0
5531,7188,2024-11-24,24.0
5532,7188,2024-12-24,24.0
5533,7193,2024-08-20,12.0
5534,7196,2025-01-01,24.0
5535,7201,2024-06-16,12.0
5536,7201,2024-07-16,12.0
5537,7201,2024-08-15,12.0
5538,7201,2024-09-14,12.0
5539,7201,2024-10-14,12.0
5540,7201,2024-11-13,12.0
5541,7201,2024-12-13,12.0
5542,7205,2024-09-07,12.0
5543,7208,2024-02-02,24.0
5544,7208,2024-03-03,24.0
5545,7208,2024-04-02,24.0
5546,7208,2024-05-02,24.0
5547,7208,2024-06-01,24.0
5548,7208,2024-07-01,24.0
5549,7208,2024-07-31,24.0
5550,7208,2024-08-30,24.0
5551,7208,2024-09-29,24.0
5552,7208,2024-10-29,24.0
5553,7208,2024-11-28,24.0
5554,7208,2024-12-28,24.0
5555,7215,2024-11-15,12.0
5556,7215,2024-12-15,12.0
5557,7231,2024-05-20,12.0
5558,7232,2024-04-17,24.0
5559,7232,2024-05-17,24.0
5560,7232,2024-06-16,24.0
5561,7232,2024-07-16,24.0
5562,7232,2024-08-15,24.0
5563,7232,2024-09-14,24.0
5564,7232,2024-10-14,24.0
5565,7232,2024-11-13,24.0
5566,7232,2024-12-13,24.0
5567,7240,2024-11-27,12.0
5568,7240,2024-12-27,12.0
5569,7244,2024-11-17,12.0
5570,7244,2024-12-17,12.0
5571,7248,2024-04-08,24.0
5572,7248,2024-05-08,24.0
5573,7248,2024-06-07,24.0
5574,7248,2024-07-07,24.0
5575,7248,2024-08-06,24.0
5576,7248,2024-09-05,24.0
5577,7248,2024-10-05,24.0
5578,7248,2024-11-04,24.0
5579,7248,2024-12-04,24.0
5580,7255,2024-08-13,12.0
5581,7255,2024-09-12,12.0
5582,7255,2024-10-12,12.0
5583,7255,2024-11-11,12.0
5584,7255,2024-12-11,12.0
5585,7260,2024-02-06,12.0
5586,7260,2024-03-07,12.0
5587,7260,2024-04-06,12.0
5588,7260,2024-05-06,12.0
5589,7260,2024-06-05,12.0
5590,7260,2024-07-05,12.0
5591,7260,2024-08-04,12.0
5592,7260,2024-09-03,12.0
5593,7260,2024-10-03,12.0
5594,7260,2024-11-02,12.0
5595,7260,2024-12-02,12.0
5596,7269,2024-12-19,12.0
5597,7273,2024-01-25,24.0
5598,7273,2024-02-24,24.0
5599,7273,2024-03-25,24.0
5600,7273,2024-04-24,24.0
5601,7273,2024-05-24,24.0
5602,7273,2024-06-23,24.0
5603,7273,2024-07-23,24.0
5604,7273,2024-08-22,24.0
5605,7273,2024-09-21,24.0
5606,7273,2024-10-21,24.0
5607,7273,2024-11-20,24.0
5608,7273,2024-12-20,24.0
5609,7282,2024-02-21,12.0
5610,7282,2024-03-22,12.0
5611,7282,2024-04-21,12.0
5612,7282,2024-05-21,12.0
5613,7282,2024-06-20,12.0
5614,7282,2024-07-20,12.0
5615,7282,2024-08-19,12.0
5616,7282,2024-09-18,12.0
5617,7282,2024-10-18,12.0
5618,7282,2024-11-17,12.0
5619,7282,2024-12-17,12.0
5620,7289,2024-08-28,12.0
5621,7289,2024-09-27,12.0
5622,7289,2024-10-27,12.0
5623,7289,2024-11-26,12.0
5624,7289,2024-12-26,12.0
5625,7295,2024-09-21,12.0
5626,7295,2024-10-21,12.0
5627,7295,2024-11-20,12.0
5628,7295,2024-12-20,12.0
5629,7328,2024-07-05,12.0
5630,7328,2024-08-04,12.0
5631,7328,2024-09-03,12.0
5632,7328,2024-10-03,12.0
5633,7328,2024-11-02,12.0
5634,7328,2024-12-02,12.0
5635,7335,2024-06-19,12.0
5636,7335,2024-07-19,12.0
5637,7335,2024-08-18,12.0
5638,7335,2024-09-17,12.0
5639,7335,2024-10-17,12.0
5640,7335,2024-11-16,12.0
5641,7335,2024-12-16,12.0
5642,7338,2024-07-28,24.0
5643,7339,2024-03-11,12.0
5644,7339,2024-04-10,12.0
5645,7339,2024-05-10,12.0
5646,7339,2024-06-09,12.0
5647,7339,2024-07-09,12.0
5648,7339,2024-08-08,12.0
5649,7339,2024-09-07,12.0
5650,7339,2024-10-07,12.0
5651,7339,2024-11-06,12.0
5652,7339,2024-12-06,12.0
5653,7342,2024-05-12,24.0
5654,7345,2024-05-24,12.0
5655,7345,2024-06-23,12.0
5656,7345,2024-07-23,12.0
5657,7345,2024-08-22,12.0
5658,7345,2024-09-21,12.0
5659,7345,2024-10-21,12.0
5660,7345,2024-11-20,12.0
5661,7345,2024-12-20,12.0
5662,7347,2024-06-02,12.0
5663,7356,2024-06-19,24.0
5664,7364,2024-11-19,12.0
5665,7364,2024-12-19,12.0
5666,7367,2024-03-28,24.0
5667,7367,2024-04-27,24.0
5668,7367,2024-05-27,24.0
5669,7367,2024-06-26,24.0
5670,7367,2024-07-26,24.0
5671,7367,2024-08-25,24.0
5672,7367,2024-09-24,24.0
5673,7367,2024-10-24,24.0
5674,7367,2024-11-23,24.0
5675,7367,2024-12-23,24.0
5676,7368,2024-11-05,24.0
5677,7368,2024-12-05,24.0
5678,7370,2024-12-23,12.0
5679,7373,2024-08-13,12.0
5680,7380,2024-06-05,12.0
5681,7380,2024-07-05,12.0
5682,7380,2024-08-04,12.0
5683,7380,2024-09-03,12.0
5684,7380,2024-10-03,12.0
5685,7380,2024-11-02,12.0
5686,7380,2024-12-02,12.0
5687,7381,2024-06-07,12.0
5688,7383,2024-12-28,24.0
5689,7385,2024-03-06,12.0
5690,7385,2024-04-05,12.0
5691,7385,2024-05-05,12.0
5692,7385,2024-06-04,12.0
5693,7385,2024-07-04,12.0
5694,7385,2024-08-03,12.0
5695,7385,2024-09-02,12.0
5696,7385,2024-10-02,12.0
5697,7385,2024-11-01,12.0
5698,7385,2024-12-01,12.0
5699,7385,2024-12-31,12.0
5700,7390,2024-04-18,12.0
5701,7390,2024-05-18,12.0
5702,7390,2024-06-17,12.0
5703,7390,2024-07-17,12.0
5704,7390,2024-08-16,12.0
5705,7390,2024-09-15,12.0
5706,7390,2024-10-15,12.0
5707,7390,2024-11-14,12.0
5708,7390,2024-12-14,12.0
5709,7391,2024-05-03,24.0
5710,7397,2024-06-22,12.0
5711,7400,2024-11-02,12.0
5712,7402,2024-05-01,12.0
5713,7415,2024-09-24,24.0
5714,7417,2024-04-12,12.0
5715,7417,2024-05-12,12.0
5716,7417,2024-06-11,12.0
5717,7417,2024-07-11,12.0
5718,7417,2024-08-10,12.0
5719,7417,2024-09-09,12.0
5720,7417,2024-10-09,12.0
5721,7417,2024-11-08,12.0
5722,7417,2024-12-08,12.0
5723,7424,2024-07-29,12.0
5724,7424,2024-08-28,12.0
5725,7424,2024-09-27,12.0
5726,7424,2024-10-27,12.0
5727,7424,2024-11-26,12.0
5728,7424,2024-12-26,12.0
5729,7428,2024-03-24,12.0
5730,7428,2024-04-23,12.0
5731,7428,2024-05-23,12.0
5732,7428,2024-06-22,12.0
5733,7428,2024-07-22,12.0
5734,7428,2024-08-21,12.0
5735,7428,2024-09-20,12.0
5736,7428,2024-10-20,12.0
5737,7428,2024-11-19,12.0
5738,7428,2024-12-19,12.0
5739,7436,2024-07-08,12.0
5740,7436,2024-08-07,12.0
5741,7436,2024-09-06,12.0
5742,7436,2024-10-06,12.0
5743,7436,2024-11-05,12.0
5744,7436,2024-12-05,12.0
5745,7437,2024-02-23,24.0
5746,7449,2024-07-22,24.0
5747,7451,2024-04-23,12.0
5748,7453,2024-06-30,24.0
5749,7453,2024-07-30,24.0
5750,7453,2024-08-29,24.0
5751,7453,2024-09-28,24.0
5752,7453,2024-10-28,24.0
5753,7453,2024-11-27,24.0
5754,7453,2024-12-27,24.0
5755,7461,2024-07-24,24.0
5756,7461,2024-08-23,24.0
5757,7461,2024-09-22,24.0
5758,7461,2024-10-22,24.0
5759,7461,2024-11-21,24.0
5760,7461,2024-12-21,24.0
5761,7467,2024-04-13,12.0
5762,7467,2024-05-13,12.0
5763,7467,2024-06-12,12.0
5764,7467,2024-07-12,12.0
5765,7467,2024-08-11,12.0
5766,7467,2024-09-10,12.0
5767,7467,2024-10-10,12.0
5768,7467,2024-11-09,12.0
5769,7467,2024-12-09,12.0
5770,7468,2024-04-01,12.0
5771,7468,2024-05-01,12.0
5772,7468,2024-05-31,12.0
5773,7468,2024-06-30,12.0
5774,7468,2024-07-30,12.0
5775,7468,2024-08-29,12.0
5776,7468,2024-09-28,12.0
5777,7468,2024-10-28,12.0
5778,7468,2024-11-27,12.0
5779,7468,2024-12-27,12.0
5780,7474,2024-07-17,24.0
5781,7474,2024-08-16,24.0
5782,7474,2024-09-15,24.0
5783,7474,2024-10-15,24.0
5784,7474,2024-11-14,24.0
5785,7474,2024-12-14,24.0
5786,7479,2024-07-05,24.0
5787,7479,2024-08-04,24.0
5788,7479,2024-09-03,24.0
5789,7479,2024-10-03,24.0
5790,7479,2024-11-02,24.0
5791,7479,2024-12-02,24.0
5792,7480,2024-12-16,24.0
5793,7482,2024-12-18,12.0
5794,7484,2024-11-02,12.0
5795,7484,2024-12-02,12.0
5796,7498,2024-08-02,12.0
5797,7498,2024-09-01,12.0
5798,7498,2024-10-01,12.0
5799,7498,2024-10-31,12.0
5800,7498,2024-11-30,12.0
5801,7498,2024-12-30,12.0
5802,7501,2024-08-02,12.0
5803,7501,2024-09-01,12.0
5804,7501,2024-10-01,12.0
5805,7501,2024-10-31,12.0
5806,7501,2024-11-30,12.0
5807,7501,2024-12-30,12.0
5808,7509,2024-09-12,12.0
5809,7509,2024-10-12,12.0
5810,7509,2024-11-11,12.0
5811,7509,2024-12-11,12.0
5812,7513,2024-02-10,12.0
5813,7513,2024-03-11,12.0
5814,7513,2024-04-10,12.0
5815,7513,2024-05-10,12.0
5816,7513,2024-06-09,12.0
5817,7513,2024-07-09,12.0
5818,7513,2024-08-08,12.0
5819,7513,2024-09-07,12.0
5820,7513,2024-10-07,12.0
5821,7513,2024-11-06,12.0
5822,7513,2024-12-06,12.0
5823,7516,2024-08-03,12.0
5824,7518,2024-09-30,12.0
5825,7518,2024-10-30,12.0
5826,7518,2024-11-29,12.0
5827,7518,2024-12-29,12.0
5828,7520,2024-01-25,24.0
5829,7522,2024-06-05,12.0
5830,7522,2024-07-05,12.0
5831,7522,2024-08-04,12.0
5832,7522,2024-09-03,12.0
5833,7522,2024-10-03,12.0
5834,7522,2024-11-02,12.0
5835,7522,2024-12-02,12.0
5836,7529,2024-06-17,24.0
5837,7529,2024-07-17,24.0
5838,7529,2024-08-16,24.0
5839,7529,2024-09-15,24.0
5840,7529,2024-10-15,24.0
5841,7529,2024-11-14,24.0
5842,7529,2024-12-14,24.0
5843,7535,2024-05-29,12.0
5844,7535,2024-06-28,12.0
5845,7535,2024-07-28,12.0
5846,7535,2024-08-27,12.0
5847,7535,2024-09-26,12.0
5848,7535,2024-10-26,12.0
5849,7535,2024-11-25,12.0
5850,7535,2024-12-25,12.0
5851,7537,2024-08-03,12.0
5852,7537,2024-09-02,12.0
5853,7537,2024-10-02,12.0
5854,7537,2024-11-01,12.0
5855,7537,2024-12-01,12.0
5856,7537,2024-12-31,12.0
5857,7545,2024-08-18,12.0
5858,7545,2024-09-17,12.0
5859,7545,2024-10-17,12.0
5860,7545,2024-11-16,12.0
5861,7545,2024-12-16,12.0
5862,7550,2024-01-18,12.0
5863,7551,2024-12-08,12.0
5864,7562,2024-05-14,12.0
5865,7562,2024-06-13,12.0
5866,7562,2024-07-13,12.0
5867,7562,2024-08-12,12.0
5868,7562,2024-09-11,12.0
5869,7562,2024-10-11,12.0
5870,7562,2024-11-10,12.0
5871,7562,2024-12-10,12.0
5872,7563,2024-03-07,12.0
5873,7563,2024-04-06,12.0
5874,7563,2024-05-06,12.0
5875,7563,2024-06-05,12.0
5876,7563,2024-07-05,12.0
5877,7563,2024-08-04,12.0
5878,7563,2024-09-03,12.0
5879,7563,2024-10-03,12.0
5880,7563,2024-11-02,12.0
5881,7563,2024-12-02,12.0
5882,7567,2024-01-30,12.0
5883,7567,2024-02-29,12.0
5884,7567,2024-03-30,12.0
5885,7567,2024-04-29,12.0
5886,7567,2024-05-29,12.0
5887,7567,2024-06-28,12.0
5888,7567,2024-07-28,12.0
5889,7567,2024-08-27,12.0
5890,7567,2024-09-26,12.0
5891,7567,2024-10-26,12.0
5892,7567,2024-11-25,12.0
5893,7567,2024-12-25,12.0
5894,7572,2024-12-31,12.0
5895,7577,2024-12-15,12.0
5896,7592,2024-12-15,24.0
5897,7595,2024-09-09,24.0
5898,7595,2024-10-09,24.0
5899,7595,2024-11-08,24.0
5900,7595,2024-12-08,24.0
5901,7597,2024-05-17,12.0
5902,7598,2024-10-09,24.0
5903,7598,2024-11-08,24.0
5904,7598,2024-12-08,24.0
5905,7602,2025-01-10,24.0
5906,7607,2024-11-05,12.0
5907,7617,2024-05-16,12.0
5908,7617,2024-06-15,12.0
5909,7617,2024-07-15,12.0
5910,7617,2024-08-14,12.0
5911,7617,2024-09-13,12.0
5912,7617,2024-10-13,12.0
5913,7617,2024-11-12,12.0
5914,7617,2024-12-12,12.0
5915,7619,2024-10-17,12.0
5916,7622,2024-10-22,24.0
5917,7622,2024-11-21,24.0
5918,7622,2024-12-21,24.0
5919,7625,2024-06-30,12.0
5920,7625,2024-07-30,12.0
5921,7625,2024-08-29,12.0
5922,7625,2024-09-28,12.0
5923,7625,2024-10-28,12.0
5924,7625,2024-11-27,12.0
5925,7625,2024-12-27,12.0
5926,7626,2024-02-08,12.0
5927,7626,2024-03-09,12.0
5928,7626,2024-04-08,12.0
5929,7626,2024-05-08,12.0
5930,7626,2024-06-07,12.0
5931,7626,2024-07-07,12.0
5932,7626,2024-08-06,12.0
5933,7626,2024-09-05,12.0
5934,7626,2024-10-05,12.0
5935,7626,2024-11-04,12.0
5936,7626,2024-12-04,12.0
5937,7627,2024-12-30,12.0
5938,7628,2024-12-13,24.0
5939,7632,2024-10-08,12.0
5940,7634,2024-08-26,24.0
5941,7634,2024-09-25,24.0
5942,7634,2024-10-25,24.0
5943,7634,2024-11-24,24.0
5944,7634,2024-12-24,24.0
5945,7637,2024-07-29,12.0
5946,7637,2024-08-28,12.0
5947,7637,2024-09-27,12.0
5948,7637,2024-10-27,12.0
5949,7637,2024-11-26,12.0
5950,7637,2024-12-26,12.0
5951,7639,2024-08-26,24.0
5952,7639,2024-09-25,24.0
5953,7639,2024-10-25,24.0
5954,7639,2024-11-24,24.0
5955,7639,2024-12-24,24.0
5956,7646,2024-04-30,12.0
5957,7655,2024-04-13,12.0
5958,7655,2024-05-13,12.0
5959,7655,2024-06-12,12.0
5960,7655,2024-07-12,12.0
5961,7655,2024-08-11,12.0
5962,7655,2024-09-10,12.0
5963,7655,2024-10-10,12.0
5964,7655,2024-11-09,12.0
5965,7655,2024-12-09,12.0
5966,7659,2024-03-16,12.0
5967,7659,2024-04-15,12.0
5968,7659,2024-05-15,12.0
5969,7659,2024-06-14,12.0
5970,7659,2024-07-14,12.0
5971,7659,2024-08-13,12.0
5972,7659,2024-09-12,12.0
5973,7659,2024-10-12,12.0
5974,7659,2024-11-11,12.0
5975,7659,2024-12-11,12.0
5976,7675,2024-07-19,24.0
5977,7675,2024-08-18,24.0
5978,7675,2024-09-17,24.0
5979,7675,2024-10-17,24.0
5980,7675,2024-11-16,24.0
5981,7675,2024-12-16,24.0
5982,7679,2024-12-17,12.0
5983,7680,2025-01-05,12.0
5984,7683,2024-07-14,12.0
5985,7683,2024-08-13,12.0
5986,7683,2024-09-12,12.0
5987,7683,2024-10-12,12.0
5988,7683,2024-11-11,12.0
5989,7683,2024-12-11,12.0
5990,7712,2024-11-03,24.0
5991,7713,2024-07-03,12.0
5992,7713,2024-08-02,12.0
5993,7713,2024-09-01,12.0
5994,7713,2024-10-01,12.0
5995,7713,2024-10-31,12.0
5996,7713,2024-11-30,12.0
5997,7713,2024-12-30,12.0
5998,7721,2024-04-05,24.0
5999,7722,2024-12-02,24.0
6000,7724,2024-06-24,24.0
6001,7724,2024-07-24,24.0
6002,7724,2024-08-23,24.0
6003,7724,2024-09-22,24.0
6004,7724,2024-10-22,24.0
6005,7724,2024-11-21,24.0
6006,7724,2024-12-21,24.0
6007,7733,2024-05-31,12.0
6008,7733,2024-06-30,12.0
6009,7733,2024-07-30,12.0
6010,7733,2024-08-29,12.0
6011,7733,2024-09-28,12.0
6012,7733,2024-10-28,12.0
6013,7733,2024-11-27,12.0
6014,7733,2024-12-27,12.0
6015,7734,2024-04-24,12.0
6016,7734,2024-05-24,12.0
6017,7734,2024-06-23,12.0
6018,7734,2024-07-23,12.0
6019,7734,2024-08-22,12.0
6020,7734,2024-09-21,12.0
6021,7734,2024-10-21,12.0
6022,7734,2024-11-20,12.0
6023,7734,2024-12-20,12.0
6024,7737,2024-10-23,12.0
6025,7741,2024-08-04,12.0
6026,7741,2024-09-03,12.0
6027,7741,2024-10-03,12.0
6028,7741,2024-11-02,12.0
6029,7741,2024-12-02,12.0
6030,7755,2024-07-04,12.0
6031,7755,2024-08-03,12.0
6032,7755,2024-09-02,12.0
6033,7755,2024-10-02,12.0
6034,7755,2024-11-01,12.0
6035,7755,2024-12-01,12.0
6036,7755,2024-12-31,12.0
6037,7763,2024-04-30,24.0
6038,7767,2024-10-18,24.0
6039,7767,2024-11-17,24.0
6040,7767,2024-12-17,24.0
6041,7769,2025-01-09,24.0
6042,7778,2024-12-05,12.0
6043,7794,2024-06-28,12.0
6044,7803,2024-06-07,24.0
6045,7803,2024-07-07,24.0
6046,7803,2024-08-06,24.0
6047,7803,2024-09-05,24.0
6048,7803,2024-10-05,24.0
6049,7803,2024-11-04,24.0
6050,7803,2024-12-04,24.0
6051,7809,2024-12-28,12.0
6052,7812,2024-08-30,12.0
6053,7812,2024-09-29,12.0
6054,7812,2024-10-29,12.0
6055,7812,2024-11-28,12.0
6056,7812,2024-12-28,12.0
6057,7813,2024-10-09,12.0
6058,7813,2024-11-08,12.0
6059,7813,2024-12-08,12.0
6060,7825,2025-01-09,12.0
6061,7829,2024-11-13,12.0
6062,7829,2024-12-13,12.0
6063,7838,2024-10-14,24.0
6064,7838,2024-11-13,24.0
6065,7838,2024-12-13,24.0
6066,7839,2024-10-22,12.0
6067,7840,2024-05-28,24.0
6068,7848,2024-05-12,12.0
6069,7849,2024-04-15,12.0
6070,7849,2024-05-15,12.0
6071,7849,2024-06-14,12.0
6072,7849,2024-07-14,12.0
6073,7849,2024-08-13,12.0
6074,7849,2024-09-12,12.0
6075,7849,2024-10-12,12.0
6076,7849,2024-11-11,12.0
6077,7849,2024-12-11,12.0
6078,7850,2024-10-09,12.0
6079,7850,2024-11-08,12.0
6080,7850,2024-12-08,12.0
6081,7851,2024-08-18,12.0
6082,7851,2024-09-17,12.0
6083,7851,2024-10-17,12.0
6084,7851,2024-11-16,12.0
6085,7851,2024-12-16,12.0
6086,7855,2024-05-02,12.0
6087,7855,2024-06-01,12.0
6088,7855,2024-07-01,12.0
6089,7855,2024-07-31,12.0
6090,7855,2024-08-30,12.0
6091,7855,2024-09-29,12.0
6092,7855,2024-10-29,12.0
6093,7855,2024-11-28,12.0
6094,7855,2024-12-28,12.0
6095,7857,2024-04-08,24.0
6096,7857,2024-05-08,24.0
6097,7857,2024-06-07,24.0
6098,7857,2024-07-07,24.0
6099,7857,2024-08-06,24.0
6100,7857,2024-09-05,24.0
6101,7857,2024-10-05,24.0
6102,7857,2024-11-04,24.0
6103,7857,2024-12-04,24.0
6104,7865,2024-10-25,12.0
6105,7872,2024-02-02,24.0
6106,7882,2024-01-27,12.0
6107,7882,2024-02-26,12.0
6108,7882,2024-03-27,12.0
6109,7882,2024-04-26,12.0
6110,7882,2024-05-26,12.0
6111,7882,2024-06-25,12.0
6112,7882,2024-07-25,12.0
6113,7882,2024-08-24,12.0
6114,7882,2024-09-23,12.0
6115,7882,2024-10-23,12.0
6116,7882,2024-11-22,12.0
6117,7882,2024-12-22,12.0
6118,7883,2024-05-29,12.0
6119,7891,2024-08-12,12.0
6120,7891,2024-09-11,12.0
6121,7891,2024-10-11,12.0
6122,7891,2024-11-10,12.0
6123,7891,2024-12-10,12.0
6124,7896,2024-09-25,12.0
6125,7896,2024-10-25,12.0
6126,7896,2024-11-24,12.0
6127,7896,2024-12-24,12.0
6128,7897,2024-08-29,24.0
6129,7897,2024-09-28,24.0
6130,7897,2024-10-28,24.0
6131,7897,2024-11-27,24.0
6132,7897,2024-12-27,24.0
6133,7898,2024-02-16,12.0
6134,7898,2024-03-17,12.0
6135,7898,2024-04-16,12.0
6136,7898,2024-05-16,12.0
6137,7898,2024-06-15,12.0
6138,7898,2024-07-15,12.0
6139,7898,2024-08-14,12.0
6140,7898,2024-09-13,12.0
6141,7898,2024-10-13,12.0
6142,7898,2024-11-12,12.0
6143,7898,2024-12-12,12.0
6144,7907,2024-09-10,12.0
6145,7907,2024-10-10,12.0
6146,7907,2024-11-09,12.0
6147,7907,2024-12-09,12.0
6148,7920,2024-07-06,12.0
6149,7920,2024-08-05,12.0
6150,7920,2024-09-04,12.0
6151,7920,2024-10-04,12.0
6152,7920,2024-11-03,12.0
6153,7920,2024-12-03,12.0
6154,7927,2024-04-02,12.0
6155,7927,2024-05-02,12.0
6156,7927,2024-06-01,12.0
6157,7927,2024-07-01,12.0
6158,7927,2024-07-31,12.0
6159,7927,2024-08-30,12.0
6160,7927,2024-09-29,12.0
6161,7927,2024-10-29,12.0
6162,7927,2024-11-28,12.0
6163,7927,2024-12-28,12.0
6164,7931,2024-05-15,12.0
6165,7931,2024-06-14,12.0
6166,7931,2024-07-14,12.0
6167,7931,2024-08-13,12.0
6168,7931,2024-09-12,12.0
6169,7931,2024-10-12,12.0
6170,7931,2024-11-11,12.0
6171,7931,2024-12-11,12.0
6172,7947,2024-12-25,12.0
6173,7949,2024-05-11,12.0
6174,7949,2024-06-10,12.0
6175,7949,2024-07-10,12.0
6176,7949,2024-08-09,12.0
6177,7949,2024-09-08,12.0
6178,7949,2024-10-08,12.0
6179,7949,2024-11-07,12.0
6180,7949,2024-12-07,12.0
6181,7955,2024-11-22,24.0
6182,7955,2024-12-22,24.0
6183,7959,2024-03-01,12.0
6184,7962,2024-05-02,12.0
6185,7966,2024-11-15,12.0
6186,7966,2024-12-15,12.0
6187,7974,2024-01-22,24.0
6188,7974,2024-02-21,24.0
6189,7974,2024-03-22,24.0
6190,7974,2024-04-21,24.0
6191,7974,2024-05-21,24.0
6192,7974,2024-06-20,24.0
6193,7974,2024-07-20,24.0
6194,7974,2024-08-19,24.0
6195,7974,2024-09-18,24.0
6196,7974,2024-10-18,24.0
6197,7974,2024-11-17,24.0
6198,7974,2024-12-17,24.0
6199,7978,2024-12-31,12.0
6200,7990,2024-11-29,24.0
6201,7998,2024-07-25,12.0
6202,7998,2024-08-24,12.0
6203,7998,2024-09-23,12.0
6204,7998,2024-10-23,12.0
6205,7998,2024-11-22,12.0
6206,7998,2024-12-22,12.0
6207,8000,2024-12-29,12.0
6208,8001,2024-08-22,12.0
6209,8003,2024-05-10,12.0
6210,8013,2024-10-01,12.0
6211,8014,2024-06-10,24.0
6212,8014,2024-07-10,24.0
6213,8014,2024-08-09,24.0
6214,8014,2024-09-08,24.0
6215,8014,2024-10-08,24.0
6216,8014,2024-11-07,24.0
6217,8014,2024-12-07,24.0
6218,8016,2024-04-25,24.0
6219,8016,2024-05-25,24.0
6220,8016,2024-06-24,24.0
6221,8016,2024-07-24,24.0
6222,8016,2024-08-23,24.0
6223,8016,2024-09-22,24.0
6224,8016,2024-10-22,24.0
6225,8016,2024-11-21,24.0
6226,8016,2024-12-21,24.0
6227,8020,2024-09-12,12.0
6228,8020,2024-10-12,12.0
6229,8020,2024-11-11,12.0
6230,8020,2024-12-11,12.0
6231,8026,2024-07-25,12.0
6232,8026,2024-08-24,12.0
6233,8026,2024-09-23,12.0
6234,8026,2024-10-23,12.0
6235,8026,2024-11-22,12.0
6236,8026,2024-12-22,12.0
6237,8041,2024-03-27,12.0
6238,8041,2024-04-26,12.0
6239,8041,2024-05-26,12.0
6240,8041,2024-06-25,12.0
6241,8041,2024-07-25,12.0
6242,8041,2024-08-24,12.0
6243,8041,2024-09-23,12.0
6244,8041,2024-10-23,12.0
6245,8041,2024-11-22,12.0
6246,8041,2024-12-22,12.0
6247,8042,2024-06-28,12.0
6248,8043,2024-11-24,12.0
6249,8043,2024-12-24,12.0
6250,8044,2024-07-17,12.0
6251,8049,2024-08-17,12.0
6252,8049,2024-09-16,12.0
6253,8049,2024-10-16,12.0
6254,8049,2024-11-15,12.0
6255,8049,2024-12-15,12.0
6256,8052,2024-10-25,12.0
6257,8052,2024-11-24,12.0
6258,8052,2024-12-24,12.0
6259,8061,2024-09-20,12.0
6260,8065,2024-12-27,12.0
6261,8066,2024-03-21,12.0
6262,8066,2024-04-20,12.0
6263,8066,2024-05-20,12.0
6264,8066,2024-06-19,12.0
6265,8066,2024-07-19,12.0
6266,8066,2024-08-18,12.0
6267,8066,2024-09-17,12.0
6268,8066,2024-10-17,12.0
6269,8066,2024-11-16,12.0
6270,8066,2024-12-16,12.0
6271,8067,2024-03-10,12.0
6272,8069,2024-03-10,12.0
6273,8069,2024-04-09,12.0
6274,8069,2024-05-09,12.0
6275,8069,2024-06-08,12.0
6276,8069,2024-07-08,12.0
6277,8069,2024-08-07,12.0
6278,8069,2024-09-06,12.0
6279,8069,2024-10-06,12.0
6280,8069,2024-11-05,12.0
6281,8069,2024-12-05,12.0
6282,8072,2024-08-11,24.0
6283,8072,2024-09-10,24.0
6284,8072,2024-10-10,24.0
6285,8072,2024-11-09,24.0
6286,8072,2024-12-09,24.0
6287,8083,2024-02-17,12.0
6288,8083,2024-03-18,12.0
6289,8083,2024-04-17,12.0
6290,8083,2024-05-17,12.0
6291,8083,2024-06-16,12.0
6292,8083,2024-07-16,12.0
6293,8083,2024-08-15,12.0
6294,8083,2024-09-14,12.0
6295,8083,2024-10-14,12.0
6296,8083,2024-11-13,12.0
6297,8083,2024-12-13,12.0
6298,8089,2024-07-18,12.0
6299,8089,2024-08-17,12.0
6300,8089,2024-09-16,12.0
6301,8089,2024-10-16,12.0
6302,8089,2024-11-15,12.0
6303,8089,2024-12-15,12.0
6304,8092,2024-02-12,24.0
6305,8094,2025-01-10,24.0
6306,8101,2024-04-09,12.0
6307,8101,2024-05-09,12.0
6308,8101,2024-06-08,12.0
6309,8101,2024-07-08,12.0
6310,8101,2024-08-07,12.0
6311,8101,2024-09-06,12.0
6312,8101,2024-10-06,12.0
6313,8101,2024-11-05,12.0
6314,8101,2024-12-05,12.0
6315,8102,2024-03-31,12.0
6316,8106,2024-01-26,12.0
6317,8107,2024-05-02,12.0
6318,8107,2024-06-01,12.0
6319,8107,2024-07-01,12.0
6320,8107,2024-07-31,12.0
6321,8107,2024-08-30,12.0
6322,8107,2024-09-29,12.0
6323,8107,2024-10-29,12.0
6324,8107,2024-11-28,12.0
6325,8107,2024-12-28,12.0
6326,8113,2024-12-28,12.0
6327,8117,2024-08-28,12.0
6328,8117,2024-09-27,12.0
6329,8117,2024-10-27,12.0
6330,8117,2024-11-26,12.0
6331,8117,2024-12-26,12.0
6332,8131,2024-09-21,12.0
6333,8131,2024-10-21,12.0
6334,8131,2024-11-20,12.0
6335,8131,2024-12-20,12.0
6336,8132,2024-12-15,12.0
6337,8135,2024-04-30,12.0
6338,8135,2024-05-30,12.0
6339,8135,2024-06-29,12.0
6340,8135,2024-07-29,12.0
6341,8135,2024-08-28,12.0
6342,8135,2024-09-27,12.0
6343,8135,2024-10-27,12.0
6344,8135,2024-11-26,12.0
6345,8135,2024-12-26,12.0
6346,8136,2024-07-02,24.0
6347,8136,2024-08-01,24.0
6348,8136,2024-08-31,24.0
6349,8136,2024-09-30,24.0
6350,8136,2024-10-30,24.0
6351,8136,2024-11-29,24.0
6352,8136,2024-12-29,24.0
6353,8146,2024-08-31,12.0
6354,8146,2024-09-30,12.0
6355,8146,2024-10-30,12.0
6356,8146,2024-11-29,12.0
6357,8146,2024-12-29,12.0
6358,8148,2024-04-10,24.0
6359,8148,2024-05-10,24.0
6360,8148,2024-06-09,24.0
6361,8148,2024-07-09,24.0
6362,8148,2024-08-08,24.0
6363,8148,2024-09-07,24.0
6364,8148,2024-10-07,24.0
6365,8148,2024-11-06,24.0
6366,8148,2024-12-06,24.0
6367,8149,2024-11-20,12.0
6368,8151,2024-08-05,24.0
6369,8151,2024-09-04,24.0
6370,8151,2024-10-04,24.0
6371,8151,2024-11-03,24.0
6372,8151,2024-12-03,24.0
6373,8158,2024-04-15,12.0
6374,8159,2024-04-26,24.0
6375,8159,2024-05-26,24.0
6376,8159,2024-06-25,24.0
6377,8159,2024-07-25,24.0
6378,8159,2024-08-24,24.0
6379,8159,2024-09-23,24.0
6380,8159,2024-10-23,24.0
6381,8159,2024-11-22,24.0
6382,8159,2024-12-22,24.0
6383,8167,2024-10-06,24.0
6384,8167,2024-11-05,24.0
6385,8167,2024-12-05,24.0
6386,8171,2025-01-03,12.0
6387,8172,2024-10-05,12.0
6388,8175,2024-02-17,12.0
6389,8175,2024-03-18,12.0
6390,8175,2024-04-17,12.0
6391,8175,2024-05-17,12.0
6392,8175,2024-06-16,12.0
6393,8175,2024-07-16,12.0
6394,8175,2024-08-15,12.0
6395,8175,2024-09-14,12.0
6396,8175,2024-10-14,12.0
6397,8175,2024-11-13,12.0
6398,8175,2024-12-13,12.0
6399,8191,2024-09-27,12.0
6400,8200,2024-04-10,24.0
6401,8200,2024-05-10,24.0
6402,8200,2024-06-09,24.0
6403,8200,2024-07-09,24.0
6404,8200,2024-08-08,24.0
6405,8200,2024-09-07,24.0
6406,8200,2024-10-07,24.0
6407,8200,2024-11-06,24.0
6408,8200,2024-12-06,24.0
6409,8209,2024-09-18,12.0
6410,8209,2024-10-18,12.0
6411,8209,2024-11-17,12.0
6412,8209,2024-12-17,12.0
6413,8213,2024-09-29,12.0
6414,8222,2024-11-05,12.0
6415,8232,2024-04-11,24.0
6416,8232,2024-05-11,24.0
6417,8232,2024-06-10,24.0
6418,8232,2024-07-10,24.0
6419,8232,2024-08-09,24.0
6420,8232,2024-09-08,24.0
6421,8232,2024-10-08,24.0
6422,8232,2024-11-07,24.0
6423,8232,2024-12-07,24.0
6424,8242,2025-01-01,24.0
6425,8244,2024-06-11,12.0
6426,8244,2024-07-11,12.0
6427,8244,2024-08-10,12.0
6428,8244,2024-09-09,12.0
6429,8244,2024-10-09,12.0
6430,8244,2024-11-08,12.0
6431,8244,2024-12-08,12.0
6432,8246,2024-03-25,12.0
6433,8246,2024-04-24,12.0
6434,8246,2024-05-24,12.0
6435,8246,2024-06-23,12.0
6436,8246,2024-07-23,12.0
6437,8246,2024-08-22,12.0
6438,8246,2024-09-21,12.0
6439,8246,2024-10-21,12.0
6440,8246,2024-11-20,12.0
6441,8246,2024-12-20,12.0
6442,8260,2024-08-23,12.0
6443,8260,2024-09-22,12.0
6444,8260,2024-10-22,12.0
6445,8260,2024-11-21,12.0
6446,8260,2024-12-21,12.0
6447,8262,2024-02-21,12.0
6448,8262,2024-03-22,12.0
6449,8262,2024-04-21,12.0
6450,8262,2024-05-21,12.0
6451,8262,2024-06-20,12.0
6452,8262,2024-07-20,12.0
6453,8262,2024-08-19,12.0
6454,8262,2024-09-18,12.0
6455,8262,2024-10-18,12.0
6456,8262,2024-11-17,12.0
6457,8262,2024-12-17,12.0
6458,8264,2024-12-26,12.0
6459,8270,2024-06-04,12.0
6460,8270,2024-07-04,12.0
6461,8270,2024-08-03,12.0
6462,8270,2024-09-02,12.0
6463,8270,2024-10-02,12.0
6464,8270,2024-11-01,12.0
6465,8270,2024-12-01,12.0
6466,8270,2024-12-31,12.0
6467,8272,2024-03-22,12.0
6468,8272,2024-04-21,12.0
6469,8272,2024-05-21,12.0
6470,8272,2024-06-20,12.0
6471,8272,2024-07-20,12.0
6472,8272,2024-08-19,12.0
6473,8272,2024-09-18,12.0
6474,8272,2024-10-18,12.0
6475,8272,2024-11-17,12.0
6476,8272,2024-12-17,12.0
6477,8274,2024-10-17,12.0
6478,8291,2024-10-23,12.0
6479,8291,2024-11-22,12.0
6480,8291,2024-12-22,12.0
6481,8292,2024-12-28,24.0
6482,8293,2024-07-17,24.0
6483,8293,2024-08-16,24.0
6484,8293,2024-09-15,24.0
6485,8293,2024-10-15,24.0
6486,8293,2024-11-14,24.0
6487,8293,2024-12-14,24.0
6488,8301,2024-10-10,12.0
6489,8301,2024-11-09,12.0
6490,8301,2024-12-09,12.0
6491,8308,2024-09-29,12.0
6492,8308,2024-10-29,12.0
6493,8308,2024-11-28,12.0
6494,8308,2024-12-28,12.0
6495,8310,2025-01-04,12.0
6496,8314,2024-05-21,24.0
6497,8314,2024-06-20,24.0
6498,8314,2024-07-20,24.0
6499,8314,2024-08-19,24.0
6500,8314,2024-09-18,24.0
6501,8314,2024-10-18,24.0
6502,8314,2024-11-17,24.0
6503,8314,2024-12-17,24.0
6504,8316,2024-08-18,12.0
6505,8316,2024-09-17,12.0
6506,8316,2024-10-17,12.0
6507,8316,2024-11-16,12.0
6508,8316,2024-12-16,12.0
6509,8322,2024-08-17,24.0
6510,8322,2024-09-16,24.0
6511,8322,2024-10-16,24.0
6512,8322,2024-11-15,24.0
6513,8322,2024-12-15,24.0
6514,8329,2024-11-11,12.0
6515,8329,2024-12-11,12.0
6516,8334,2024-08-31,12.0
6517,8334,2024-09-30,12.0
6518,8334,2024-10-30,12.0
6519,8334,2024-11-29,12.0
6520,8334,2024-12-29,12.0
6521,8340,2024-10-21,24.0
6522,8344,2024-06-08,12.0
6523,8348,2024-03-14,12.0
6524,8350,2024-02-07,12.0
6525,8350,2024-03-08,12.0
6526,8350,2024-04-07,12.0
6527,8350,2024-05-07,12.0
6528,8350,2024-06-06,12.0
6529,8350,2024-07-06,12.0
6530,8350,2024-08-05,12.0
6531,8350,2024-09-04,12.0
6532,8350,2024-10-04,12.0
6533,8350,2024-11-03,12.0
6534,8350,2024-12-03,12.0
6535,8351,2024-12-15,12.0
6536,8355,2024-08-09,12.0
6537,8355,2024-09-08,12.0
6538,8355,2024-10-08,12.0
6539,8355,2024-11-07,12.0
6540,8355,2024-12-07,12.0
6541,8357,2024-09-29,12.0
6542,8358,2024-03-05,12.0
6543,8358,2024-04-04,12.0
6544,8358,2024-05-04,12.0
6545,8358,2024-06-03,12.0
6546,8358,2024-07-03,12.0
6547,8358,2024-08-02,12.0
6548,8358,2024-09-01,12.0
6549,8358,2024-10-01,12.0
6550,8358,2024-10-31,12.0
6551,8358,2024-11-30,12.0
6552,8358,2024-12-30,12.0
6553,8361,2024-03-28,12.0
6554,8361,2024-04-27,12.0
6555,8361,2024-05-27,12.0
6556,8361,2024-06-26,12.0
6557,8361,2024-07-26,12.0
6558,8361,2024-08-25,12.0
6559,8361,2024-09-24,12.0
6560,8361,2024-10-24,12.0
6561,8361,2024-11-23,12.0
6562,8361,2024-12-23,12.0
6563,8365,2024-08-19,12.0
6564,8365,2024-09-18,12.0
6565,8365,2024-10-18,12.0
6566,8365,2024-11-17,12.0
6567,8365,2024-12-17,12.0
6568,8368,2024-10-28,12.0
6569,8368,2024-11-27,12.0
6570,8368,2024-12-27,12.0
6571,8375,2024-09-18,12.0
6572,8375,2024-10-18,12.0
6573,8375,2024-11-17,12.0
6574,8375,2024-12-17,12.0
6575,8380,2024-07-04,12.0
6576,8380,2024-08-03,12.0
6577,8380,2024-09-02,12.0
6578,8380,2024-10-02,12.0
6579,8380,2024-11-01,12.0
6580,8380,2024-12-01,12.0
6581,8380,2024-12-31,12.0
6582,8383,2024-02-29,12.0
6583,8384,2024-05-23,12.0
6584,8392,2024-07-08,12.0
6585,8392,2024-08-07,12.0
6586,8392,2024-09-06,12.0
6587,8392,2024-10-06,12.0
6588,8392,2024-11-05,12.0
6589,8392,2024-12-05,12.0
6590,8394,2024-10-09,12.0
6591,8401,2024-08-01,12.0
6592,8401,2024-08-31,12.0
6593,8401,2024-09-30,12.0
6594,8401,2024-10-30,12.0
6595,8401,2024-11-29,12.0
6596,8401,2024-12-29,12.0
6597,8402,2024-03-28,12.0
6598,8402,2024-04-27,12.0
6599,8402,2024-05-27,12.0
6600,8402,2024-06-26,12.0
6601,8402,2024-07-26,12.0
6602,8402,2024-08-25,12.0
6603,8402,2024-09-24,12.0
6604,8402,2024-10-24,12.0
6605,8402,2024-11-23,12.0
6606,8402,2024-12-23,12.0
6607,8403,2024-08-30,12.0
6608,8403,2024-09-29,12.0
6609,8403,2024-10-29,12.0
6610,8403,2024-11-28,12.0
6611,8403,2024-12-28,12.0
6612,8404,2024-11-22,12.0
6613,8410,2024-10-02,24.0
6614,8412,2024-07-31,12.0
6615,8412,2024-08-30,12.0
6616,8412,2024-09-29,12.0
6617,8412,2024-10-29,12.0
6618,8412,2024-11-28,12.0
6619,8412,2024-12-28,12.0
6620,8413,2024-09-16,12.0
6621,8413,2024-10-16,12.0
6622,8413,2024-11-15,12.0
6623,8413,2024-12-15,12.0
6624,8419,2024-05-31,24.0
6625,8422,2024-11-25,12.0
6626,8422,2024-12-25,12.0
6627,8427,2024-11-09,12.0
6628,8427,2024-12-09,12.0
6629,8431,2024-01-18,12.0
6630,8431,2024-02-17,12.0
6631,8431,2024-03-18,12.0
6632,8431,2024-04-17,12.0
6633,8431,2024-05-17,12.0
6634,8431,2024-06-16,12.0
6635,8431,2024-07-16,12.0
6636,8431,2024-08-15,12.0
6637,8431,2024-09-14,12.0
6638,8431,2024-10-14,12.0
6639,8431,2024-11-13,12.0
6640,8431,2024-12-13,12.0
6641,8455,2024-04-07,12.0
6642,8455,2024-05-07,12.0
6643,8455,2024-06-06,12.0
6644,8455,2024-07-06,12.0
6645,8455,2024-08-05,12.0
6646,8455,2024-09-04,12.0
6647,8455,2024-10-04,12.0
6648,8455,2024-11-03,12.0
6649,8455,2024-12-03,12.0
6650,8458,2024-12-10,12.0
6651,8461,2024-12-20,12.0
6652,8471,2024-07-13,12.0
6653,8477,2024-11-09,24.0
6654,8489,2024-11-10,24.0
6655,8489,2024-12-10,24.0
6656,8491,2024-04-11,24.0
6657,8512,2024-08-09,24.0
6658,8529,2024-10-24,12.0
6659,8529,2024-11-23,12.0
6660,8529,2024-12-23,12.0
6661,8533,2024-04-07,24.0
6662,8533,2024-05-07,24.0
6663,8533,2024-06-06,24.0
6664,8533,2024-07-06,24.0
6665,8533,2024-08-05,24.0
6666,8533,2024-09-04,24.0
6667,8533,2024-10-04,24.0
6668,8533,2024-11-03,24.0
6669,8533,2024-12-03,24.0
6670,8536,2024-04-21,24.0
6671,8536,2024-05-21,24.0
6672,8536,2024-06-20,24.0
6673,8536,2024-07-20,24.0
6674,8536,2024-08-19,24.0
6675,8536,2024-09-18,24.0
6676,8536,2024-10-18,24.0
6677,8536,2024-11-17,24.0
6678,8536,2024-12-17,24.0
6679,8541,2024-04-01,12.0
6680,8541,2024-05-01,12.0
6681,8541,2024-05-31,12.0
6682,8541,2024-06-30,12.0
6683,8541,2024-07-30,12.0
6684,8541,2024-08-29,12.0
6685,8541,2024-09-28,12.0
6686,8541,2024-10-28,12.0
6687,8541,2024-11-27,12.0
6688,8541,2024-12-27,12.0
6689,8548,2024-08-19,12.0
6690,8548,2024-09-18,12.0
6691,8548,2024-10-18,12.0
6692,8548,2024-11-17,12.0
6693,8548,2024-12-17,12.0
6694,8553,2024-11-10,24.0
6695,8559,2024-05-18,12.0
6696,8559,2024-06-17,12.0
6697,8559,2024-07-17,12.0
6698,8559,2024-08-16,12.0
6699,8559,2024-09-15,12.0
6700,8559,2024-10-15,12.0
6701,8559,2024-11-14,12.0
6702,8559,2024-12-14,12.0
6703,8562,2024-04-25,24.0
6704,8562,2024-05-25,24.0
6705,8562,2024-06-24,24.0
6706,8562,2024-07-24,24.0
6707,8562,2024-08-23,24.0
6708,8562,2024-09-22,24.0
6709,8562,2024-10-22,24.0
6710,8562,2024-11-21,24.0
6711,8562,2024-12-21,24.0
6712,8574,2024-06-24,12.0
6713,8574,2024-07-24,12.0
6714,8574,2024-08-23,12.0
6715,8574,2024-09-22,12.0
6716,8574,2024-10-22,12.0
6717,8574,2024-11-21,12.0
6718,8574,2024-12-21,12.0
6719,8578,2024-05-01,12.0
6720,8578,2024-05-31,12.0
6721,8578,2024-06-30,12.0
6722,8578,2024-07-30,12.0
6723,8578,2024-08-29,12.0
6724,8578,2024-09-28,12.0
6725,8578,2024-10-28,12.0
6726,8578,2024-11-27,12.0
6727,8578,2024-12-27,12.0
6728,8602,2024-02-06,24.0
6729,8602,2024-03-07,24.0
6730,8602,2024-04-06,24.0
6731,8602,2024-05-06,24.0
6732,8602,2024-06-05,24.0
6733,8602,2024-07-05,24.0
6734,8602,2024-08-04,24.0
6735,8602,2024-09-03,24.0
6736,8602,2024-10-03,24.0
6737,8602,2024-11-02,24.0
6738,8602,2024-12-02,24.0
6739,8607,2024-04-17,24.0
6740,8607,2024-05-17,24.0
6741,8607,2024-06-16,24.0
6742,8607,2024-07-16,24.0
6743,8607,2024-08-15,24.0
6744,8607,2024-09-14,24.0
6745,8607,2024-10-14,24.0
6746,8607,2024-11-13,24.0
6747,8607,2024-12-13,24.0
6748,8609,2024-05-03,12.0
6749,8609,2024-06-02,12.0
6750,8609,2024-07-02,12.0
6751,8609,2024-08-01,12.0
6752,8609,2024-08-31,12.0
6753,8609,2024-09-30,12.0
6754,8609,2024-10-30,12.0
6755,8609,2024-11-29,12.0
6756,8609,2024-12-29,12.0
6757,8612,2024-10-20,12.0
6758,8612,2024-11-19,12.0
6759,8612,2024-12-19,12.0
6760,8617,2024-08-26,12.0
6761,8621,2024-12-26,24.0
6762,8626,2024-02-07,24.0
6763,8626,2024-03-08,24.0
6764,8626,2024-04-07,24.0
6765,8626,2024-05-07,24.0
6766,8626,2024-06-06,24.0
6767,8626,2024-07-06,24.0
6768,8626,2024-08-05,24.0
6769,8626,2024-09-04,24.0
6770,8626,2024-10-04,24.0
6771,8626,2024-11-03,24.0
6772,8626,2024-12-03,24.0
6773,8635,2024-03-02,12.0
6774,8639,2024-08-14,24.0
6775,8639,2024-09-13,24.0
6776,8639,2024-10-13,24.0
6777,8639,2024-11-12,24.0
6778,8639,2024-12-12,24.0
6779,8641,2024-05-12,12.0
6780,8641,2024-06-11,12.0
6781,8641,2024-07-11,12.0
6782,8641,2024-08-10,12.0
6783,8641,2024-09-09,12.0
6784,8641,2024-10-09,12.0
6785,8641,2024-11-08,12.0
6786,8641,2024-12-08,12.0
6787,8644,2024-05-24,12.0
6788,8644,2024-06-23,12.0
6789,8644,2024-07-23,12.0
6790,8644,2024-08-22,12.0
6791,8644,2024-09-21,12.0
6792,8644,2024-10-21,12.0
6793,8644,2024-11-20,12.0
6794,8644,2024-12-20,12.0
6795,8648,2024-04-26,12.0
6796,8651,2024-05-26,12.0
6797,8651,2024-06-25,12.0
6798,8651,2024-07-25,12.0
6799,8651,2024-08-24,12.0
6800,8651,2024-09-23,12.0
6801,8651,2024-10-23,12.0
6802,8651,2024-11-22,12.0
6803,8651,2024-12-22,12.0
6804,8653,2025-01-07,24.0
6805,8655,2024-06-03,12.0
6806,8655,2024-07-03,12.0
6807,8655,2024-08-02,12.0
6808,8655,2024-09-01,12.0
6809,8655,2024-10-01,12.0
6810,8655,2024-10-31,12.0
6811,8655,2024-11-30,12.0
6812,8655,2024-12-30,12.0
6813,8656,2024-04-10,12.0
6814,8658,2024-07-28,12.0
6815,8658,2024-08-27,12.0
6816,8658,2024-09-26,12.0
6817,8658,2024-10-26,12.0
6818,8658,2024-11-25,12.0
6819,8658,2024-12-25,12.0
6820,8659,2024-08-24,12.0
6821,8660,2024-07-04,24.0
6822,8660,2024-08-03,24.0
6823,8660,2024-09-02,24.0
6824,8660,2024-10-02,24.0
6825,8660,2024-11-01,24.0
6826,8660,2024-12-01,24.0
6827,8660,2024-12-31,24.0
6828,8663,2025-01-13,12.0
6829,8665,2024-02-17,12.0
6830,8671,2024-02-12,12.0
6831,8671,2024-03-13,12.0
6832,8671,2024-04-12,12.0
6833,8671,2024-05-12,12.0
6834,8671,2024-06-11,12.0
6835,8671,2024-07-11,12.0
6836,8671,2024-08-10,12.0
6837,8671,2024-09-09,12.0
6838,8671,2024-10-09,12.0
6839,8671,2024-11-08,12.0
6840,8671,2024-12-08,12.0
6841,8672,2024-06-05,12.0
6842,8676,2024-10-19,12.0
6843,8676,2024-11-18,12.0
6844,8676,2024-12-18,12.0
6845,8684,2024-12-02,12.0
6846,8688,2024-05-02,12.0
6847,8700,2024-03-03,24.0
6848,8707,2024-03-10,12.0
6849,8710,2024-06-05,12.0
6850,8711,2024-10-14,24.0
6851,8714,2024-10-15,24.0
6852,8715,2024-01-17,24.0
6853,8721,2024-11-12,12.0
6854,8725,2024-08-02,12.0
6855,8725,2024-09-01,12.0
6856,8725,2024-10-01,12.0
6857,8725,2024-10-31,12.0
6858,8725,2024-11-30,12.0
6859,8725,2024-12-30,12.0
6860,8727,2025-01-11,12.0
6861,8728,2024-06-08,24.0
6862,8733,2024-06-16,24.0
6863,8733,2024-07-16,24.0
6864,8733,2024-08-15,24.0
6865,8733,2024-09-14,24.0
6866,8733,2024-10-14,24.0
6867,8733,2024-11-13,24.0
6868,8733,2024-12-13,24.0
6869,8738,2024-05-30,24.0
6870,8742,2024-09-26,24.0
6871,8748,2024-11-29,12.0
6872,8748,2024-12-29,12.0
6873,8751,2024-10-17,12.0
6874,8754,2024-11-21,24.0
6875,8754,2024-12-21,24.0
6876,8755,2024-03-15,12.0
6877,8756,2024-04-24,12.0
6878,8770,2024-02-17,12.0
6879,8770,2024-03-18,12.0
6880,8770,2024-04-17,12.0
6881,8770,2024-05-17,12.0
6882,8770,2024-06-16,12.0
6883,8770,2024-07-16,12.0
6884,8770,2024-08-15,12.0
6885,8770,2024-09-14,12.0
6886,8770,2024-10-14,12.0
6887,8770,2024-11-13,12.0
6888,8770,2024-12-13,12.0
6889,8771,2024-02-28,12.0
6890,8771,2024-03-29,12.0
6891,8771,2024-04-28,12.0
6892,8771,2024-05-28,12.0
6893,8771,2024-06-27,12.0
6894,8771,2024-07-27,12.0
6895,8771,2024-08-26,12.0
6896,8771,2024-09-25,12.0
6897,8771,2024-10-25,12.0
6898,8771,2024-11-24,12.0
6899,8771,2024-12-24,12.0
6900,8777,2024-07-12,24.0
6901,8780,2024-04-24,12.0
6902,8780,2024-05-24,12.0
6903,8780,2024-06-23,12.0
6904,8780,2024-07-23,12.0
6905,8780,2024-08-22,12.0
6906,8780,2024-09-21,12.0
6907,8780,2024-10-21,12.0
6908,8780,2024-11-20,12.0
6909,8780,2024-12-20,12.0
6910,8787,2024-09-11,12.0
6911,8787,2024-10-11,12.0
6912,8787,2024-11-10,12.0
6913,8787,2024-12-10,12.0
6914,8790,2024-11-16,12.0
6915,8790,2024-12-16,12.0
6916,8792,2024-11-28,24.0
6917,8792,2024-12-28,24.0
6918,8796,2024-09-01,24.0
6919,8799,2024-03-13,24.0
6920,8799,2024-04-12,24.0
6921,8799,2024-05-12,24.0
6922,8799,2024-06-11,24.0
6923,8799,2024-07-11,24.0
6924,8799,2024-08-10,24.0
6925,8799,2024-09-09,24.0
6926,8799,2024-10-09,24.0
6927,8799,2024-11-08,24.0
6928,8799,2024-12-08,24.0
6929,8813,2024-08-31,24.0
6930,8813,2024-09-30,24.0
6931,8813,2024-10-30,24.0
6932,8813,2024-11-29,24.0
6933,8813,2024-12-29,24.0
6934,8834,2024-08-25,12.0
6935,8834,2024-09-24,12.0
6936,8834,2024-10-24,12.0
6937,8834,2024-11-23,12.0
6938,8834,2024-12-23,12.0
6939,8837,2024-09-21,12.0
6940,8846,2024-09-04,24.0
6941,8846,2024-10-04,24.0
6942,8846,2024-11-03,24.0
6943,8846,2024-12-03,24.0
6944,8861,2024-04-14,12.0
6945,8861,2024-05-14,12.0
6946,8861,2024-06-13,12.0
6947,8861,2024-07-13,12.0
6948,8861,2024-08-12,12.0
6949,8861,2024-09-11,12.0
6950,8861,2024-10-11,12.0
6951,8861,2024-11-10,12.0
6952,8861,2024-12-10,12.0
6953,8867,2024-02-22,24.0
6954,8867,2024-03-23,24.0
6955,8867,2024-04-22,24.0
6956,8867,2024-05-22,24.0
6957,8867,2024-06-21,24.0
6958,8867,2024-07-21,24.0
6959,8867,2024-08-20,24.0
6960,8867,2024-09-19,24.0
6961,8867,2024-10-19,24.0
6962,8867,2024-11-18,24.0
6963,8867,2024-12-18,24.0
6964,8876,2024-05-18,24.0
6965,8876,2024-06-17,24.0
6966,8876,2024-07-17,24.0
6967,8876,2024-08-16,24.0
6968,8876,2024-09-15,24.0
6969,8876,2024-10-15,24.0
6970,8876,2024-11-14,24.0
6971,8876,2024-12-14,24.0
6972,8883,2024-09-17,12.0
6973,8883,2024-10-17,12.0
6974,8883,2024-11-16,12.0
6975,8883,2024-12-16,12.0
6976,8884,2024-01-27,12.0
6977,8886,2024-03-20,12.0
6978,8886,2024-04-19,12.0
6979,8886,2024-05-19,12.0
6980,8886,2024-06-18,12.0
6981,8886,2024-07-18,12.0
6982,8886,2024-08-17,12.0
6983,8886,2024-09-16,12.0
6984,8886,2024-10-16,12.0
6985,8886,2024-11-15,12.0
6986,8886,2024-12-15,12.0
6987,8891,2024-11-06,12.0
6988,8891,2024-12-06,12.0
6989,8892,2024-10-10,24.0
6990,8892,2024-11-09,24.0
6991,8892,2024-12-09,24.0
6992,8903,2024-11-06,24.0
6993,8903,2024-12-06,24.0
6994,8908,2024-11-17,24.0
6995,8912,2024-07-31,12.0
6996,8912,2024-08-30,12.0
6997,8912,2024-09-29,12.0
6998,8912,2024-10-29,12.0
6999,8912,2024-11-28,12.0
7000,8912,2024-12-28,12.0
7001,8916,2024-05-03,24.0
7002,8917,2024-08-13,24.0
7003,8917,2024-09-12,24.0
7004,8917,2024-10-12,24.0
7005,8917,2024-11-11,24.0
7006,8917,2024-12-11,24.0
7007,8921,2024-06-28,12.0
7008,8921,2024-07-28,12.0
7009,8921,2024-08-27,12.0
7010,8921,2024-09-26,12.0
7011,8921,2024-10-26,12.0
7012,8921,2024-11-25,12.0
7013,8921,2024-12-25,12.0
7014,8922,2024-10-24,12.0
7015,8922,2024-11-23,12.0
7016,8922,2024-12-23,12.0
7017,8931,2024-09-07,12.0
7018,8931,2024-10-07,12.0
7019,8931,2024-11-06,12.0
7020,8931,2024-12-06,12.0
7021,8933,2024-03-14,12.0
7022,8935,2024-11-13,12.0
7023,8936,2025-01-01,12.0
7024,8939,2024-07-08,12.0
7025,8939,2024-08-07,12.0
7026,8939,2024-09-06,12.0
7027,8939,2024-10-06,12.0
7028,8939,2024-11-05,12.0
7029,8939,2024-12-05,12.0
7030,8941,2024-03-13,24.0
7031,8941,2024-04-12,24.0
7032,8941,2024-05-12,24.0
7033,8941,2024-06-11,24.0
7034,8941,2024-07-11,24.0
7035,8941,2024-08-10,24.0
7036,8941,2024-09-09,24.0
7037,8941,2024-10-09,24.0
7038,8941,2024-11-08,24.0
7039,8941,2024-12-08,24.0
7040,8946,2024-10-07,12.0
7041,8946,2024-11-06,12.0
7042,8946,2024-12-06,12.0
7043,8949,2024-07-13,24.0
7044,8949,2024-08-12,24.0
7045,8949,2024-09-11,24.0
7046,8949,2024-10-11,24.0
7047,8949,2024-11-10,24.0
7048,8949,2024-12-10,24.0
7049,8957,2024-09-29,12.0
7050,8957,2024-10-29,12.0
7051,8957,2024-11-28,12.0
7052,8957,2024-12-28,12.0
7053,8958,2024-09-23,12.0
7054,8960,2024-09-11,24.0
7055,8965,2024-06-13,12.0
7056,8972,2024-06-22,12.0
7057,8989,2024-01-30,24.0
7058,8991,2024-12-09,12.0
7059,9008,2024-08-16,12.0
7060,9008,2024-09-15,12.0
7061,9008,2024-10-15,12.0
7062,9008,2024-11-14,12.0
7063,9008,2024-12-14,12.0
7064,9015,2025-01-06,12.0
7065,9016,2024-11-27,24.0
7066,9016,2024-12-27,24.0
7067,9017,2024-09-22,12.0
7068,9018,2024-06-20,12.0
7069,9027,2024-10-28,24.0
7070,9031,2024-05-31,12.0
7071,9032,2024-12-19,12.0
7072,9033,2024-06-25,12.0
7073,9037,2024-12-13,24.0
7074,9047,2024-05-05,12.0
7075,9047,2024-06-04,12.0
7076,9047,2024-07-04,12.0
7077,9047,2024-08-03,12.0
7078,9047,2024-09-02,12.0
7079,9047,2024-10-02,12.0
7080,9047,2024-11-01,12.0
7081,9047,2024-12-01,12.0
7082,9047,2024-12-31,12.0
7083,9054,2024-11-08,12.0
7084,9055,2024-11-22,12.0
7085,9055,2024-12-22,12.0
7086,9056,2024-12-23,24.0
7087,9061,2024-11-29,12.0
7088,9062,2024-12-19,12.0
7089,9079,2024-01-30,12.0
7090,9088,2024-11-18,24.0
7091,9091,2024-09-27,12.0
7092,9106,2024-10-19,12.0
7093,9108,2024-07-13,12.0
7094,9109,2024-11-15,24.0
7095,9109,2024-12-15,24.0
7096,9111,2025-01-08,12.0
7097,9112,2024-06-11,24.0
7098,9113,2024-07-29,12.0
7099,9115,2024-07-06,12.0
7100,9115,2024-08-05,12.0
7101,9115,2024-09-04,12.0
7102,9115,2024-10-04,12.0
7103,9115,2024-11-03,12.0
7104,9115,2024-12-03,12.0
7105,9126,2024-12-31,12.0
7106,9129,2024-05-09,12.0
7107,9133,2024-07-03,12.0
7108,9133,2024-08-02,12.0
7109,9133,2024-09-01,12.0
7110,9133,2024-10-01,12.0
7111,9133,2024-10-31,12.0
7112,9133,2024-11-30,12.0
7113,9133,2024-12-30,12.0
7114,9170,2024-05-18,12.0
7115,9175,2024-12-15,24.0
7116,9176,2025-01-14,24.0
7117,9181,2024-07-04,12.0
7118,9181,2024-08-03,12.0
7119,9181,2024-09-02,12.0
7120,9181,2024-10-02,12.0
7121,9181,2024-11-01,12.0
7122,9181,2024-12-01,12.0
7123,9181,2024-12-31,12.0
7124,9185,2024-10-28,12.0
7125,9188,2024-09-06,12.0
7126,9188,2024-10-06,12.0
7127,9188,2024-11-05,12.0
7128,9188,2024-12-05,12.0
7129,9190,2024-09-24,24.0
7130,9194,2024-05-01,12.0
7131,9194,2024-05-31,12.0
7132,9194,2024-06-30,12.0
7133,9194,2024-07-30,12.0
7134,9194,2024-08-29,12.0
7135,9194,2024-09-28,12.0
7136,9194,2024-10-28,12.0
7137,9194,2024-11-27,12.0
7138,9194,2024-12-27,12.0
7139,9196,2024-03-18,12.0
7140,9197,2024-08-24,24.0
7141,9198,2024-04-27,24.0
7142,9198,2024-05-27,24.0
7143,9198,2024-06-26,24.0
7144,9198,2024-07-26,24.0
7145,9198,2024-08-25,24.0
7146,9198,2024-09-24,24.0
7147,9198,2024-10-24,24.0
7148,9198,2024-11-23,24.0
7149,9198,2024-12-23,24.0
7150,9203,2024-07-13,12.0
7151,9203,2024-08-12,12.0
7152,9203,2024-09-11,12.0
7153,9203,2024-10-11,12.0
7154,9203,2024-11-10,12.0
7155,9203,2024-12-10,12.0
7156,9209,2024-04-25,12.0
7157,9209,2024-05-25,12.0
7158,9209,2024-06-24,12.0
7159,9209,2024-07-24,12.0
7160,9209,2024-08-23,12.0
7161,9209,2024-09-22,12.0
7162,9209,2024-10-22,12.0
7163,9209,2024-11-21,12.0
7164,9209,2024-12-21,12.0
7165,9211,2024-12-27,24.0
7166,9214,2024-03-02,12.0
7167,9214,2024-04-01,12.0
7168,9214,2024-05-01,12.0
7169,9214,2024-05-31,12.0
7170,9214,2024-06-30,12.0
7171,9214,2024-07-30,12.0
7172,9214,2024-08-29,12.0
7173,9214,2024-09-28,12.0
7174,9214,2024-10-28,12.0
7175,9214,2024-11-27,12.0
7176,9214,2024-12-27,12.0
7177,9215,2024-01-17,24.0
7178,9215,2024-02-16,24.0
7179,9215,2024-03-17,24.0
7180,9215,2024-04-16,24.0
7181,9215,2024-05-16,24.0
7182,9215,2024-06-15,24.0
7183,9215,2024-07-15,24.0
7184,9215,2024-08-14,24.0
7185,9215,2024-09-13,24.0
7186,9215,2024-10-13,24.0
7187,9215,2024-11-12,24.0
7188,9215,2024-12-12,24.0
7189,9222,2024-05-29,12.0
7190,9222,2024-06-28,12.0
7191,9222,2024-07-28,12.0
7192,9222,2024-08-27,12.0
7193,9222,2024-09-26,12.0
7194,9222,2024-10-26,12.0
7195,9222,2024-11-25,12.0
7196,9222,2024-12-25,12.0
7197,9223,2024-05-31,12.0
7198,9223,2024-06-30,12.0
7199,9223,2024-07-30,12.0
7200,9223,2024-08-29,12.0
7201,9223,2024-09-28,12.0
7202,9223,2024-10-28,12.0
7203,9223,2024-11-27,12.0
7204,9223,2024-12-27,12.0
7205,9226,2024-11-21,24.0
7206,9226,2024-12-21,24.0
7207,9227,2025-01-13,12.0
7208,9234,2024-12-17,24.0
7209,9238,2024-10-04,24.0
7210,9238,2024-11-03,24.0
7211,9238,2024-12-03,24.0
7212,9245,2024-06-15,24.0
7213,9246,2024-09-01,12.0
7214,9246,2024-10-01,12.0
7215,9246,2024-10-31,12.0
7216,9246,2024-11-30,12.0
7217,9246,2024-12-30,12.0
7218,9247,2024-07-21,24.0
7219,9247,2024-08-20,24.0
7220,9247,2024-09-19,24.0
7221,9247,2024-10-19,24.0
7222,9247,2024-11-18,24.0
7223,9247,2024-12-18,24.0
7224,9248,2024-06-12,24.0
7225,9248,2024-07-12,24.0
7226,9248,2024-08-11,24.0
7227,9248,2024-09-10,24.0
7228,9248,2024-10-10,24.0
7229,9248,2024-11-09,24.0
7230,9248,2024-12-09,24.0
7231,9252,2024-06-03,12.0
7232,9253,2024-10-09,12.0
7233,9255,2024-11-19,12.0
7234,9256,2024-04-13,12.0
7235,9256,2024-05-13,12.0
7236,9256,2024-06-12,12.0
7237,9256,2024-07-12,12.0
7238,9256,2024-08-11,12.0
7239,9256,2024-09-10,12.0
7240,9256,2024-10-10,12.0
7241,9256,2024-11-09,12.0
7242,9256,2024-12-09,12.0
7243,9257,2024-08-13,12.0
7244,9257,2024-09-12,12.0
7245,9257,2024-10-12,12.0
7246,9257,2024-11-11,12.0
7247,9257,2024-12-11,12.0
7248,9261,2025-01-10,12.0
7249,9265,2024-03-20,12.0
7250,9265,2024-04-19,12.0
7251,9265,2024-05-19,12.0
7252,9265,2024-06-18,12.0
7253,9265,2024-07-18,12.0
7254,9265,2024-08-17,12.0
7255,9265,2024-09-16,12.0
7256,9265,2024-10-16,12.0
7257,9265,2024-11-15,12.0
7258,9265,2024-12-15,12.0
7259,9266,2024-10-14,12.0
7260,9266,2024-11-13,12.0
7261,9266,2024-12-13,12.0
7262,9268,2024-11-27,24.0
7263,9274,2024-09-13,12.0
7264,9274,2024-10-13,12.0
7265,9274,2024-11-12,12.0
7266,9274,2024-12-12,12.0
7267,9283,2024-07-24,12.0
7268,9283,2024-08-23,12.0
7269,9283,2024-09-22,12.0
7270,9283,2024-10-22,12.0
7271,9283,2024-11-21,12.0
7272,9283,2024-12-21,12.0
7273,9287,2024-12-05,12.0
7274,9303,2024-04-25,12.0
7275,9312,2024-08-20,12.0
7276,9312,2024-09-19,12.0
7277,9312,2024-10-19,12.0
7278,9312,2024-11-18,12.0
7279,9312,2024-12-18,12.0
7280,9314,2024-08-24,12.0
7281,9314,2024-09-23,12.0
7282,9314,2024-10-23,12.0
7283,9314,2024-11-22,12.0
7284,9314,2024-12-22,12.0
7285,9319,2024-11-04,24.0
7286,9320,2024-02-24,24.0
7287,9323,2024-03-14,12.0
7288,9323,2024-04-13,12.0
7289,9323,2024-05-13,12.0
7290,9323,2024-06-12,12.0
7291,9323,2024-07-12,12.0
7292,9323,2024-08-11,12.0
7293,9323,2024-09-10,12.0
7294,9323,2024-10-10,12.0
7295,9323,2024-11-09,12.0
7296,9323,2024-12-09,12.0
7297,9335,2024-09-25,12.0
7298,9349,2024-10-07,24.0
7299,9349,2024-11-06,24.0
7300,9349,2024-12-06,24.0
7301,9353,2024-06-04,24.0
7302,9353,2024-07-04,24.0
7303,9353,2024-08-03,24.0
7304,9353,2024-09-02,24.0
7305,9353,2024-10-02,24.0
7306,9353,2024-11-01,24.0
7307,9353,2024-12-01,24.0
7308,9353,2024-12-31,24.0
7309,9355,2024-10-04,12.0
7310,9355,2024-11-03,12.0
7311,9355,2024-12-03,12.0
7312,9357,2025-01-08,24.0
7313,9363,2024-09-14,12.0
7314,9363,2024-10-14,12.0
7315,9363,2024-11-13,12.0
7316,9363,2024-12-13,12.0
7317,9367,2024-10-09,24.0
7318,9367,2024-11-08,24.0
7319,9367,2024-12-08,24.0
7320,9370,2024-11-01,12.0
7321,9370,2024-12-01,12.0
7322,9370,2024-12-31,12.0
7323,9373,2024-10-08,24.0
7324,9373,2024-11-07,24.0
7325,9373,2024-12-07,24.0
7326,9378,2024-03-28,12.0
7327,9383,2024-07-27,12.0
7328,9383,2024-08-26,12.0
7329,9383,2024-09-25,12.0
7330,9383,2024-10-25,12.0
7331,9383,2024-11-24,12.0
7332,9383,2024-12-24,12.0
7333,9384,2024-12-22,12.0
7334,9386,2024-08-04,24.0
7335,9386,2024-09-03,24.0
7336,9386,2024-10-03,24.0
7337,9386,2024-11-02,24.0
7338,9386,2024-12-02,24.0
7339,9411,2024-06-03,12.0
7340,9415,2024-11-30,12.0
7341,9415,2024-12-30,12.0
7342,9416,2024-08-21,24.0
7343,9416,2024-09-20,24.0
7344,9416,2024-10-20,24.0
7345,9416,2024-11-19,24.0
7346,9416,2024-12-19,24.0
7347,9417,2024-06-26,12.0
7348,9417,2024-07-26,12.0
7349,9417,2024-08-25,12.0
7350,9417,2024-09-24,12.0
7351,9417,2024-10-24,12.0
7352,9417,2024-11-23,12.0
7353,9417,2024-12-23,12.0
7354,9421,2024-02-09,12.0
7355,9421,2024-03-10,12.0
7356,9421,2024-04-09,12.0
7357,9421,2024-05-09,12.0
7358,9421,2024-06-08,12.0
7359,9421,2024-07-08,12.0
7360,9421,2024-08-07,12.0
7361,9421,2024-09-06,12.0
7362,9421,2024-10-06,12.0
7363,9421,2024-11-05,12.0
7364,9421,2024-12-05,12.0
7365,9425,2024-09-05,12.0
7366,9425,2024-10-05,12.0
7367,9425,2024-11-04,12.0
7368,9425,2024-12-04,12.0
7369,9433,2024-08-30,12.0
7370,9433,2024-09-29,12.0
7371,9433,2024-10-29,12.0
7372,9433,2024-11-28,12.0
7373,9433,2024-12-28,12.0
7374,9436,2024-08-20,12.0
7375,9436,2024-09-19,12.0
7376,9436,2024-10-19,12.0
7377,9436,2024-11-18,12.0
7378,9436,2024-12-18,12.0
7379,9440,2024-03-31,24.0
7380,9440,2024-04-30,24.0
7381,9440,2024-05-30,24.0
7382,9440,2024-06-29,24.0
7383,9440,2024-07-29,24.0
7384,9440,2024-08-28,24.0
7385,9440,2024-09-27,24.0
7386,9440,2024-10-27,24.0
7387,9440,2024-11-26,24.0
7388,9440,2024-12-26,24.0
7389,9447,2024-08-15,12.0
7390,9447,2024-09-14,12.0
7391,9447,2024-10-14,12.0
7392,9447,2024-11-13,12.0
7393,9447,2024-12-13,12.0
7394,9450,2024-06-04,12.0
7395,9450,2024-07-04,12.0
7396,9450,2024-08-03,12.0
7397,9450,2024-09-02,12.0
7398,9450,2024-10-02,12.0
7399,9450,2024-11-01,12.0
7400,9450,2024-12-01,12.0
7401,9450,2024-12-31,12.0
7402,9455,2024-08-11,12.0
7403,9455,2024-09-10,12.0
7404,9455,2024-10-10,12.0
7405,9455,2024-11-09,12.0
7406,9455,2024-12-09,12.0
7407,9456,2024-03-13,12.0
7408,9456,2024-04-12,12.0
7409,9456,2024-05-12,12.0
7410,9456,2024-06-11,12.0
7411,9456,2024-07-11,12.0
7412,9456,2024-08-10,12.0
7413,9456,2024-09-09,12.0
7414,9456,2024-10-09,12.0
7415,9456,2024-11-08,12.0
7416,9456,2024-12-08,12.0
7417,9458,2024-03-31,12.0
7418,9458,2024-04-30,12.0
7419,9458,2024-05-30,12.0
7420,9458,2024-06-29,12.0
7421,9458,2024-07-29,12.0
7422,9458,2024-08-28,12.0
7423,9458,2024-09-27,12.0
7424,9458,2024-10-27,12.0
7425,9458,2024-11-26,12.0
7426,9458,2024-12-26,12.0
7427,9470,2024-04-17,12.0
7428,9470,2024-05-17,12.0
7429,9470,2024-06-16,12.0
7430,9470,2024-07-16,12.0
7431,9470,2024-08-15,12.0
7432,9470,2024-09-14,12.0
7433,9470,2024-10-14,12.0
7434,9470,2024-11-13,12.0
7435,9470,2024-12-13,12.0
7436,9474,2024-02-21,12.0
7437,9474,2024-03-22,12.0
7438,9474,2024-04-21,12.0
7439,9474,2024-05-21,12.0
7440,9474,2024-06-20,12.0
7441,9474,2024-07-20,12.0
7442,9474,2024-08-19,12.0
7443,9474,2024-09-18,12.0
7444,9474,2024-10-18,12.0
7445,9474,2024-11-17,12.0
7446,9474,2024-12-17,12.0
7447,9477,2024-08-18,24.0
7448,9477,2024-09-17,24.0
7449,9477,2024-10-17,24.0
7450,9477,2024-11-16,24.0
7451,9477,2024-12-16,24.0
7452,9481,2025-01-03,12.0
7453,9486,2024-04-30,12.0
7454,9486,2024-05-30,12.0
7455,9486,2024-06-29,12.0
7456,9486,2024-07-29,12.0
7457,9486,2024-08-28,12.0
7458,9486,2024-09-27,12.0
7459,9486,2024-10-27,12.0
7460,9486,2024-11-26,12.0
7461,9486,2024-12-26,12.0
7462,9498,2024-02-29,12.0
7463,9498,2024-03-30,12.0
7464,9498,2024-04-29,12.0
7465,9498,2024-05-29,12.0
7466,9498,2024-06-28,12.0
7467,9498,2024-07-28,12.0
7468,9498,2024-08-27,12.0
7469,9498,2024-09-26,12.0
7470,9498,2024-10-26,12.0
7471,9498,2024-11-25,12.0
7472,9498,2024-12-25,12.0
7473,9506,2024-09-14,24.0
7474,9506,2024-10-14,24.0
7475,9506,2024-11-13,24.0
7476,9506,2024-12-13,24.0
7477,9507,2024-08-26,12.0
7478,9507,2024-09-25,12.0
7479,9507,2024-10-25,12.0
7480,9507,2024-11-24,12.0
7481,9507,2024-12-24,12.0
7482,9519,2024-05-18,12.0
7483,9519,2024-06-17,12.0
7484,9519,2024-07-17,12.0
7485,9519,2024-08-16,12.0
7486,9519,2024-09-15,12.0
7487,9519,2024-10-15,12.0
7488,9519,2024-11-14,12.0
7489,9519,2024-12-14,12.0
7490,9520,2024-03-15,12.0
7491,9522,2024-09-15,24.0
7492,9522,2024-10-15,24.0
7493,9522,2024-11-14,24.0
7494,9522,2024-12-14,24.0
7495,9529,2024-11-15,12.0
7496,9538,2024-04-24,12.0
7497,9538,2024-05-24,12.0
7498,9538,2024-06-23,12.0
7499,9538,2024-07-23,12.0
7500,9538,2024-08-22,12.0
7501,9538,2024-09-21,12.0
7502,9538,2024-10-21,12.0
7503,9538,2024-11-20,12.0
7504,9538,2024-12-20,12.0
7505,9539,2024-10-10,12.0
7506,9539,2024-11-09,12.0
7507,9539,2024-12-09,12.0
7508,9543,2024-07-10,24.0
7509,9554,2024-02-28,12.0
7510,9554,2024-03-29,12.0
7511,9554,2024-04-28,12.0
7512,9554,2024-05-28,12.0
7513,9554,2024-06-27,12.0
7514,9554,2024-07-27,12.0
7515,9554,2024-08-26,12.0
7516,9554,2024-09-25,12.0
7517,9554,2024-10-25,12.0
7518,9554,2024-11-24,12.0
7519,9554,2024-12-24,12.0
7520,9562,2024-03-16,12.0
7521,9562,2024-04-15,12.0
7522,9562,2024-05-15,12.0
7523,9562,2024-06-14,12.0
7524,9562,2024-07-14,12.0
7525,9562,2024-08-13,12.0
7526,9562,2024-09-12,12.0
7527,9562,2024-10-12,12.0
7528,9562,2024-11-11,12.0
7529,9562,2024-12-11,12.0
7530,9563,2024-02-10,24.0
7531,9563,2024-03-11,24.0
7532,9563,2024-04-10,24.0
7533,9563,2024-05-10,24.0
7534,9563,2024-06-09,24.0
7535,9563,2024-07-09,24.0
7536,9563,2024-08-08,24.0
7537,9563,2024-09-07,24.0
7538,9563,2024-10-07,24.0
7539,9563,2024-11-06,24.0
7540,9563,2024-12-06,24.0
7541,9566,2024-08-21,12.0
7542,9568,2024-11-16,12.0
7543,9568,2024-12-16,12.0
7544,9569,2024-02-17,24.0
7545,9578,2024-10-04,12.0
7546,9581,2024-10-12,12.0
7547,9581,2024-11-11,12.0
7548,9581,2024-12-11,12.0
7549,9584,2024-11-18,12.0
7550,9588,2024-08-11,12.0
7551,9588,2024-09-10,12.0
7552,9588,2024-10-10,12.0
7553,9588,2024-11-09,12.0
7554,9588,2024-12-09,12.0
7555,9592,2024-02-25,12.0
7556,9592,2024-03-26,12.0
7557,9592,2024-04-25,12.0
7558,9592,2024-05-25,12.0
7559,9592,2024-06-24,12.0
7560,9592,2024-07-24,12.0
7561,9592,2024-08-23,12.0
7562,9592,2024-09-22,12.0
7563,9592,2024-10-22,12.0
7564,9592,2024-11-21,12.0
7565,9592,2024-12-21,12.0
7566,9594,2024-09-18,12.0
7567,9594,2024-10-18,12.0
7568,9594,2024-11-17,12.0
7569,9594,2024-12-17,12.0
7570,9595,2024-07-28,12.0
7571,9595,2024-08-27,12.0
7572,9595,2024-09-26,12.0
7573,9595,2024-10-26,12.0
7574,9595,2024-11-25,12.0
7575,9595,2024-12-25,12.0
7576,9599,2024-10-19,24.0
7577,9599,2024-11-18,24.0
7578,9599,2024-12-18,24.0
7579,9607,2024-08-03,12.0
7580,9607,2024-09-02,12.0
7581,9607,2024-10-02,12.0
7582,9607,2024-11-01,12.0
7583,9607,2024-12-01,12.0
7584,9607,2024-12-31,12.0
7585,9616,2024-07-09,12.0
7586,9616,2024-08-08,12.0
7587,9616,2024-09-07,12.0
7588,9616,2024-10-07,12.0
7589,9616,2024-11-06,12.0
7590,9616,2024-12-06,12.0
7591,9620,2024-10-18,24.0
7592,9620,2024-11-17,24.0
7593,9620,2024-12-17,24.0
7594,9622,2024-10-20,24.0
7595,9622,2024-11-19,24.0
7596,9622,2024-12-19,24.0
7597,9623,2024-12-29,24.0
7598,9629,2024-12-28,24.0
7599,9638,2024-11-13,12.0
7600,9640,2024-05-15,12.0
7601,9640,2024-06-14,12.0
7602,9640,2024-07-14,12.0
7603,9640,2024-08-13,12.0
7604,9640,2024-09-12,12.0
7605,9640,2024-10-12,12.0
7606,9640,2024-11-11,12.0
7607,9640,2024-12-11,12.0
7608,9643,2024-12-12,24.0
7609,9647,2024-07-06,12.0
7610,9657,2024-07-03,24.0
7611,9666,2024-10-22,12.0
7612,9666,2024-11-21,12.0
7613,9666,2024-12-21,12.0
7614,9667,2025-01-04,12.0
7615,9686,2024-01-17,24.0
7616,9687,2024-11-30,24.0
7617,9693,2024-10-22,12.0
7618,9693,2024-11-21,12.0
7619,9693,2024-12-21,12.0
7620,9695,2024-08-18,12.0
7621,9695,2024-09-17,12.0
7622,9695,2024-10-17,12.0
7623,9695,2024-11-16,12.0
7624,9695,2024-12-16,12.0
7625,9697,2024-07-19,24.0
7626,9697,2024-08-18,24.0
7627,9697,2024-09-17,24.0
7628,9697,2024-10-17,24.0
7629,9697,2024-11-16,24.0
7630,9697,2024-12-16,24.0
7631,9699,2024-03-20,12.0
7632,9703,2025-01-07,24.0
7633,9707,2024-10-27,12.0
7634,9715,2024-01-16,12.0
7635,9715,2024-02-15,12.0
7636,9715,2024-03-16,12.0
7637,9715,2024-04-15,12.0
7638,9715,2024-05-15,12.0
7639,9715,2024-06-14,12.0
7640,9715,2024-07-14,12.0
7641,9715,2024-08-13,12.0
7642,9715,2024-09-12,12.0
7643,9715,2024-10-12,12.0
7644,9715,2024-11-11,12.0
7645,9715,2024-12-11,12.0
7646,9716,2024-07-26,12.0
7647,9716,2024-08-25,12.0
7648,9716,2024-09-24,12.0
7649,9716,2024-10-24,12.0
7650,9716,2024-11-23,12.0
7651,9716,2024-12-23,12.0
7652,9737,2024-01-25,12.0
7653,9737,2024-02-24,12.0
7654,9737,2024-03-25,12.0
7655,9737,2024-04-24,12.0
7656,9737,2024-05-24,12.0
7657,9737,2024-06-23,12.0
7658,9737,2024-07-23,12.0
7659,9737,2024-08-22,12.0
7660,9737,2024-09-21,12.0
7661,9737,2024-10-21,12.0
7662,9737,2024-11-20,12.0
7663,9737,2024-12-20,12.0
7664,9739,2024-09-12,12.0
7665,9739,2024-10-12,12.0
7666,9739,2024-11-11,12.0
7667,9739,2024-12-11,12.0
7668,9742,2024-06-18,24.0
7669,9742,2024-07-18,24.0
7670,9742,2024-08-17,24.0
7671,9742,2024-09-16,24.0
7672,9742,2024-10-16,24.0
7673,9742,2024-11-15,24.0
7674,9742,2024-12-15,24.0
7675,9743,2024-08-26,12.0
7676,9746,2024-11-10,12.0
7677,9746,2024-12-10,12.0
7678,9750,2024-03-11,12.0
7679,9750,2024-04-10,12.0
7680,9750,2024-05-10,12.0
7681,9750,2024-06-09,12.0
7682,9750,2024-07-09,12.0
7683,9750,2024-08-08,12.0
7684,9750,2024-09-07,12.0
7685,9750,2024-10-07,12.0
7686,9750,2024-11-06,12.0
7687,9750,2024-12-06,12.0
7688,9753,2024-05-24,12.0
7689,9753,2024-06-23,12.0
7690,9753,2024-07-23,12.0
7691,9753,2024-08-22,12.0
7692,9753,2024-09-21,12.0
7693,9753,2024-10-21,12.0
7694,9753,2024-11-20,12.0
7695,9753,2024-12-20,12.0
7696,9759,2024-02-17,24.0
7697,9759,2024-03-18,24.0
7698,9759,2024-04-17,24.0
7699,9759,2024-05-17,24.0
7700,9759,2024-06-16,24.0
7701,9759,2024-07-16,24.0
7702,9759,2024-08-15,24.0
7703,9759,2024-09-14,24.0
7704,9759,2024-10-14,24.0
7705,9759,2024-11-13,24.0
7706,9759,2024-12-13,24.0
7707,9762,2024-01-31,24.0
7708,9762,2024-03-01,24.0
7709,9762,2024-03-31,24.0
7710,9762,2024-04-30,24.0
7711,9762,2024-05-30,24.0
7712,9762,2024-06-29,24.0
7713,9762,2024-07-29,24.0
7714,9762,2024-08-28,24.0
7715,9762,2024-09-27,24.0
7716,9762,2024-10-27,24.0
7717,9762,2024-11-26,24.0
7718,9762,2024-12-26,24.0
7719,9768,2024-09-22,24.0
7720,9768,2024-10-22,24.0
7721,9768,2024-11-21,24.0
7722,9768,2024-12-21,24.0
7723,9780,2024-11-16,12.0
7724,9780,2024-12-16,12.0
7725,9785,2024-08-05,12.0
7726,9795,2024-04-06,12.0
7727,9795,2024-05-06,12.0
7728,9795,2024-06-05,12.0
7729,9795,2024-07-05,12.0
7730,9795,2024-08-04,12.0
7731,9795,2024-09-03,12.0
7732,9795,2024-10-03,12.0
7733,9795,2024-11-02,12.0
7734,9795,2024-12-02,12.0
7735,9797,2024-01-24,12.0
7736,9797,2024-02-23,12.0
7737,9797,2024-03-24,12.0
7738,9797,2024-04-23,12.0
7739,9797,2024-05-23,12.0
7740,9797,2024-06-22,12.0
7741,9797,2024-07-22,12.0
7742,9797,2024-08-21,12.0
7743,9797,2024-09-20,12.0
7744,9797,2024-10-20,12.0
7745,9797,2024-11-19,12.0
7746,9797,2024-12-19,12.0
7747,9800,2024-06-25,24.0
7748,9801,2024-02-05,24.0
7749,9801,2024-03-06,24.0
7750,9801,2024-04-05,24.0
7751,9801,2024-05-05,24.0
7752,9801,2024-06-04,24.0
7753,9801,2024-07-04,24.0
7754,9801,2024-08-03,24.0
7755,9801,2024-09-02,24.0
7756,9801,2024-10-02,24.0
7757,9801,2024-11-01,24.0
7758,9801,2024-12-01,24.0
7759,9801,2024-12-31,24.0
7760,9803,2024-10-04,24.0
7761,9803,2024-11-03,24.0
7762,9803,2024-12-03,24.0
7763,9824,2024-07-11,12.0
7764,9830,2024-08-06,12.0
7765,9830,2024-09-05,12.0
7766,9830,2024-10-05,12.0
7767,9830,2024-11-04,12.0
7768,9830,2024-12-04,12.0
7769,9832,2024-04-18,12.0
7770,9834,2024-10-13,12.0
7771,9834,2024-11-12,12.0
7772,9834,2024-12-12,12.0
7773,9843,2024-04-01,24.0
7774,9843,2024-05-01,24.0
7775,9843,2024-05-31,24.0
7776,9843,2024-06-30,24.0
7777,9843,2024-07-30,24.0
7778,9843,2024-08-29,24.0
7779,9843,2024-09-28,24.0
7780,9843,2024-10-28,24.0
7781,9843,2024-11-27,24.0
7782,9843,2024-12-27,24.0
7783,9852,2024-10-08,12.0
7784,9852,2024-11-07,12.0
7785,9852,2024-12-07,12.0
7786,9859,2024-08-08,12.0
7787,9861,2024-03-19,12.0
7788,9861,2024-04-18,12.0
7789,9861,2024-05-18,12.0
7790,9861,2024-06-17,12.0
7791,9861,2024-07-17,12.0
7792,9861,2024-08-16,12.0
7793,9861,2024-09-15,12.0
7794,9861,2024-10-15,12.0
7795,9861,2024-11-14,12.0
7796,9861,2024-12-14,12.0
7797,9864,2024-12-23,24.0
7798,9865,2024-02-10,12.0
7799,9865,2024-03-11,12.0
7800,9865,2024-04-10,12.0
7801,9865,2024-05-10,12.0
7802,9865,2024-06-09,12.0
7803,9865,2024-07-09,12.0
7804,9865,2024-08-08,12.0
7805,9865,2024-09-07,12.0
7806,9865,2024-10-07,12.0
7807,9865,2024-11-06,12.0
7808,9865,2024-12-06,12.0
7809,9866,2024-07-04,24.0
7810,9866,2024-08-03,24.0
7811,9866,2024-09-02,24.0
7812,9866,2024-10-02,24.0
7813,9866,2024-11-01,24.0
7814,9866,2024-12-01,24.0
7815,9866,2024-12-31,24.0
7816,9867,2024-01-16,12.0
7817,9867,2024-02-15,12.0
7818,9867,2024-03-16,12.0
7819,9867,2024-04-15,12.0
7820,9867,2024-05-15,12.0
7821,9867,2024-06-14,12.0
7822,9867,2024-07-14,12.0
7823,9867,2024-08-13,12.0
7824,9867,2024-09-12,12.0
7825,9867,2024-10-12,12.0
7826,9867,2024-11-11,12.0
7827,9867,2024-12-11,12.0
7828,9868,2024-11-07,12.0
7829,9868,2024-12-07,12.0
7830,9875,2024-04-08,24.0
7831,9875,2024-05-08,24.0
7832,9875,2024-06-07,24.0
7833,9875,2024-07-07,24.0
7834,9875,2024-08-06,24.0
7835,9875,2024-09-05,24.0
7836,9875,2024-10-05,24.0
7837,9875,2024-11-04,24.0
7838,9875,2024-12-04,24.0
7839,9885,2024-04-17,12.0
7840,9885,2024-05-17,12.0
7841,9885,2024-06-16,12.0
7842,9885,2024-07-16,12.0
7843,9885,2024-08-15,12.0
7844,9885,2024-09-14,12.0
7845,9885,2024-10-14,12.0
7846,9885,2024-11-13,12.0
7847,9885,2024-12-13,12.0
7848,9888,2024-11-02,12.0
7849,9888,2024-12-02,12.0
7850,9895,2024-08-17,12.0
7851,9901,2024-04-18,12.0
7852,9915,2024-05-29,12.0
7853,9921,2024-04-10,12.0
7854,9921,2024-05-10,12.0
7855,9921,2024-06-09,12.0
7856,9921,2024-07-09,12.0
7857,9921,2024-08-08,12.0
7858,9921,2024-09-07,12.0
7859,9921,2024-10-07,12.0
7860,9921,2024-11-06,12.0
7861,9921,2024-12-06,12.0
7862,9922,2024-08-13,12.0
7863,9923,2024-09-04,24.0
7864,9924,2024-02-01,12.0
7865,9924,2024-03-02,12.0
7866,9924,2024-04-01,12.0
7867,9924,2024-05-01,12.0
7868,9924,2024-05-31,12.0
7869,9924,2024-06-30,12.0
7870,9924,2024-07-30,12.0
7871,9924,2024-08-29,12.0
7872,9924,2024-09-28,12.0
7873,9924,2024-10-28,12.0
7874,9924,2024-11-27,12.0
7875,9924,2024-12-27,12.0
7876,9933,2024-07-30,12.0
7877,9933,2024-08-29,12.0
7878,9933,2024-09-28,12.0
7879,9933,2024-10-28,12.0
7880,9933,2024-11-27,12.0
7881,9933,2024-12-27,12.0
7882,9935,2024-12-07,12.0
7883,9936,2024-05-13,12.0
7884,9939,2024-10-30,12.0
7885,9939,2024-11-29,12.0
7886,9939,2024-12-29,12.0
7887,9943,2024-11-07,12.0
7888,9943,2024-12-07,12.0
7889,9952,2025-01-12,12.0
7890,9955,2024-10-02,12.0
7891,9970,2024-08-11,12.0
7892,9976,2024-03-02,12.0
7893,9986,2025-01-01,24.0
7894,9988,2024-11-16,12.0
7895,9988,2024-12-16,12.0
7896,9993,2024-06-14,24.0
7897,9993,2024-07-14,24.0
7898,9993,2024-08-13,24.0
7899,9993,2024-09-12,24.0
7900,9993,2024-10-12,24.0
7901,9993,2024-11-11,24.0
7902,9993,2024-12-11,24.0
7903,10005,2024-05-18,12.0
7904,10005,2024-06-17,12.0
7905,10005,2024-07-17,12.0
7906,10005,2024-08-16,12.0
7907,10005,2024-09-15,12.0
7908,10005,2024-10-15,12.0
7909,10005,2024-11-14,12.0
7910,10005,2024-12-14,12.0
7911,10013,2024-02-03,24.0
7912,10013,2024-03-04,24.0
7913,10013,2024-04-03,24.0
7914,10013,2024-05-03,24.0
7915,10013,2024-06-02,24.0
7916,10013,2024-07-02,24.0
7917,10013,2024-08-01,24.0
7918,10013,2024-08-31,24.0
7919,10013,2024-09-30,24.0
7920,10013,2024-10-30,24.0
7921,10013,2024-11-29,24.0
7922,10013,2024-12-29,24.0
7923,10015,2024-12-24,24.0
7924,10030,2024-09-21,12.0
7925,10030,2024-10-21,12.0
7926,10030,2024-11-20,12.0
7927,10030,2024-12-20,12.0
7928,10033,2024-10-16,12.0
7929,10033,2024-11-15,12.0
7930,10033,2024-12-15,12.0
7931,10034,2024-03-03,12.0
7932,10034,2024-04-02,12.0
7933,10034,2024-05-02,12.0
7934,10034,2024-06-01,12.0
7935,10034,2024-07-01,12.0
7936,10034,2024-07-31,12.0
7937,10034,2024-08-30,12.0
7938,10034,2024-09-29,12.0
7939,10034,2024-10-29,12.0
7940,10034,2024-11-28,12.0
7941,10034,2024-12-28,12.0
7942,10042,2024-08-01,12.0
7943,10042,2024-08-31,12.0
7944,10042,2024-09-30,12.0
7945,10042,2024-10-30,12.0
7946,10042,2024-11-29,12.0
7947,10042,2024-12-29,12.0
7948,10049,2025-01-03,24.0
7949,10052,2024-01-24,12.0
7950,10057,2024-01-22,24.0
7951,10072,2024-12-17,24.0
7952,10075,2024-03-28,12.0
7953,10075,2024-04-27,12.0
7954,10075,2024-05-27,12.0
7955,10075,2024-06-26,12.0
7956,10075,2024-07-26,12.0
7957,10075,2024-08-25,12.0
7958,10075,2024-09-24,12.0
7959,10075,2024-10-24,12.0
7960,10075,2024-11-23,12.0
7961,10075,2024-12-23,12.0
7962,10082,2024-04-17,12.0
7963,10082,2024-05-17,12.0
7964,10082,2024-06-16,12.0
7965,10082,2024-07-16,12.0
7966,10082,2024-08-15,12.0
7967,10082,2024-09-14,12.0
7968,10082,2024-10-14,12.0
7969,10082,2024-11-13,12.0
7970,10082,2024-12-13,12.0
7971,10085,2024-09-25,24.0
7972,10086,2024-11-14,12.0
7973,10086,2024-12-14,12.0
7974,10093,2024-03-18,12.0
7975,10098,2025-01-04,12.0
7976,10103,2024-12-24,12.0
7977,10104,2024-11-14,12.0
7978,10109,2024-12-02,12.0
7979,10112,2024-05-16,12.0
7980,10112,2024-06-15,12.0
7981,10112,2024-07-15,12.0
7982,10112,2024-08-14,12.0
7983,10112,2024-09-13,12.0
7984,10112,2024-10-13,12.0
7985,10112,2024-11-12,12.0
7986,10112,2024-12-12,12.0
7987,10130,2024-06-18,24.0
7988,10134,2024-11-27,24.0
7989,10134,2024-12-27,24.0
7990,10140,2024-02-03,12.0
7991,10141,2024-01-18,12.0
7992,10141,2024-02-17,12.0
7993,10141,2024-03-18,12.0
7994,10141,2024-04-17,12.0
7995,10141,2024-05-17,12.0
7996,10141,2024-06-16,12.0
7997,10141,2024-07-16,12.0
7998,10141,2024-08-15,12.0
7999,10141,2024-09-14,12.0
8000,10141,2024-10-14,12.0
8001,10141,2024-11-13,12.0
8002,10141,2024-12-13,12.0
8003,10142,2024-11-19,12.0
8004,10144,2024-03-13,12.0
8005,10147,2024-01-20,12.0
8006,10156,2024-06-02,12.0
8007,10156,2024-07-02,12.0
8008,10156,2024-08-01,12.0
8009,10156,2024-08-31,12.0
8010,10156,2024-09-30,12.0
8011,10156,2024-10-30,12.0
8012,10156,2024-11-29,12.0
8013,10156,2024-12-29,12.0
8014,10168,2024-11-21,12.0
8015,10168,2024-12-21,12.0
8016,10171,2024-08-02,12.0
8017,10176,2024-10-04,12.0
8018,10176,2024-11-03,12.0
8019,10176,2024-12-03,12.0
8020,10180,2024-09-27,12.0
8021,10180,2024-10-27,12.0
8022,10180,2024-11-26,12.0
8023,10180,2024-12-26,12.0
8024,10181,2024-12-06,12.0
8025,10182,2024-09-08,24.0
8026,10183,2024-04-14,12.0
8027,10183,2024-05-14,12.0
8028,10183,2024-06-13,12.0
8029,10183,2024-07-13,12.0
8030,10183,2024-08-12,12.0
8031,10183,2024-09-11,12.0
8032,10183,2024-10-11,12.0
8033,10183,2024-11-10,12.0
8034,10183,2024-12-10,12.0
8035,10201,2024-09-23,12.0
8036,10202,2024-11-02,12.0
8037,10202,2024-12-02,12.0
8038,10204,2024-07-28,12.0
8039,10208,2024-04-11,12.0
8040,10218,2024-01-16,12.0
8041,10218,2024-02-15,12.0
8042,10218,2024-03-16,12.0
8043,10218,2024-04-15,12.0
8044,10218,2024-05-15,12.0
8045,10218,2024-06-14,12.0
8046,10218,2024-07-14,12.0
8047,10218,2024-08-13,12.0
8048,10218,2024-09-12,12.0
8049,10218,2024-10-12,12.0
8050,10218,2024-11-11,12.0
8051,10218,2024-12-11,12.0
8052,10226,2024-10-16,12.0
8053,10226,2024-11-15,12.0
8054,10226,2024-12-15,12.0
8055,10231,2024-08-10,24.0
8056,10232,2024-10-30,24.0
8057,10237,2024-11-19,12.0
8058,10237,2024-12-19,12.0
8059,10245,2024-05-24,12.0
8060,10245,2024-06-23,12.0
8061,10245,2024-07-23,12.0
8062,10245,2024-08-22,12.0
8063,10245,2024-09-21,12.0
8064,10245,2024-10-21,12.0
8065,10245,2024-11-20,12.0
8066,10245,2024-12-20,12.0
8067,10249,2024-01-31,24.0
8068,10249,2024-03-01,24.0
8069,10249,2024-03-31,24.0
8070,10249,2024-04-30,24.0
8071,10249,2024-05-30,24.0
8072,10249,2024-06-29,24.0
8073,10249,2024-07-29,24.0
8074,10249,2024-08-28,24.0
8075,10249,2024-09-27,24.0
8076,10249,2024-10-27,24.0
8077,10249,2024-11-26,24.0
8078,10249,2024-12-26,24.0
8079,10254,2024-05-22,24.0
8080,10260,2024-12-19,12.0
8081,10264,2024-04-24,12.0
8082,10268,2024-05-13,12.0
8083,10268,2024-06-12,12.0
8084,10268,2024-07-12,12.0
8085,10268,2024-08-11,12.0
8086,10268,2024-09-10,12.0
8087,10268,2024-10-10,12.0
8088,10268,2024-11-09,12.0
8089,10268,2024-12-09,12.0
8090,10270,2024-04-16,12.0
8091,10270,2024-05-16,12.0
8092,10270,2024-06-15,12.0
8093,10270,2024-07-15,12.0
8094,10270,2024-08-14,12.0
8095,10270,2024-09-13,12.0
8096,10270,2024-10-13,12.0
8097,10270,2024-11-12,12.0
8098,10270,2024-12-12,12.0
8099,10273,2024-09-05,12.0
8100,10273,2024-10-05,12.0
8101,10273,2024-11-04,12.0
8102,10273,2024-12-04,12.0
8103,10274,2024-06-08,12.0
8104,10291,2024-05-20,12.0
8105,10296,2024-09-27,24.0
8106,10296,2024-10-27,24.0
8107,10296,2024-11-26,24.0
8108,10296,2024-12-26,24.0
8109,10305,2024-12-04,12.0
8110,10309,2024-10-11,12.0
8111,10314,2025-01-14,12.0
8112,10335,2024-04-04,24.0
8113,10337,2024-09-07,12.0
8114,10337,2024-10-07,12.0
8115,10337,2024-11-06,12.0
8116,10337,2024-12-06,12.0
8117,10338,2024-12-22,12.0
8118,10347,2024-08-17,24.0
8119,10347,2024-09-16,24.0
8120,10347,2024-10-16,24.0
8121,10347,2024-11-15,24.0
8122,10347,2024-12-15,24.0
8123,10354,2024-10-23,12.0
8124,10357,2024-07-26,12.0
8125,10357,2024-08-25,12.0
8126,10357,2024-09-24,12.0
8127,10357,2024-10-24,12.0
8128,10357,2024-11-23,12.0
8129,10357,2024-12-23,12.0
8130,10358,2024-09-24,12.0
8131,10364,2024-10-01,12.0
8132,10364,2024-10-31,12.0
8133,10364,2024-11-30,12.0
8134,10364,2024-12-30,12.0
8135,10367,2024-11-07,12.0
8136,10367,2024-12-07,12.0
8137,10369,2024-07-29,12.0
8138,10373,2024-03-03,12.0
8139,10374,2024-04-26,12.0
8140,10385,2024-10-30,24.0
8141,10392,2024-12-26,12.0
8142,10401,2024-12-23,12.0
8143,10411,2024-08-02,24.0
8144,10414,2024-08-08,24.0
8145,10437,2024-04-21,12.0
8146,10437,2024-05-21,12.0
8147,10437,2024-06-20,12.0
8148,10437,2024-07-20,12.0
8149,10437,2024-08-19,12.0
8150,10437,2024-09-18,12.0
8151,10437,2024-10-18,12.0
8152,10437,2024-11-17,12.0
8153,10437,2024-12-17,12.0
8154,10440,2024-07-02,12.0
8155,10440,2024-08-01,12.0
8156,10440,2024-08-31,12.0
8157,10440,2024-09-30,12.0
8158,10440,2024-10-30,12.0
8159,10440,2024-11-29,12.0
8160,10440,2024-12-29,12.0
8161,10443,2025-01-12,12.0
8162,10446,2024-01-31,12.0
8163,10446,2024-03-01,12.0
8164,10446,2024-03-31,12.0
8165,10446,2024-04-30,12.0
8166,10446,2024-05-30,12.0
8167,10446,2024-06-29,12.0
8168,10446,2024-07-29,12.0
8169,10446,2024-08-28,12.0
8170,10446,2024-09-27,12.0
8171,10446,2024-10-27,12.0
8172,10446,2024-11-26,12.0
8173,10446,2024-12-26,12.0
8174,10450,2024-05-08,12.0
8175,10450,2024-06-07,12.0
8176,10450,2024-07-07,12.0
8177,10450,2024-08-06,12.0
8178,10450,2024-09-05,12.0
8179,10450,2024-10-05,12.0
8180,10450,2024-11-04,12.0
8181,10450,2024-12-04,12.0
8182,10466,2024-12-03,24.0
8183,10471,2024-04-23,24.0
8184,10471,2024-05-23,24.0
8185,10471,2024-06-22,24.0
8186,10471,2024-07-22,24.0
8187,10471,2024-08-21,24.0
8188,10471,2024-09-20,24.0
8189,10471,2024-10-20,24.0
8190,10471,2024-11-19,24.0
8191,10471,2024-12-19,24.0
8192,10477,2024-07-25,12.0
8193,10483,2024-11-11,12.0
8194,10483,2024-12-11,12.0
8195,10484,2024-09-19,12.0
8196,10484,2024-10-19,12.0
8197,10484,2024-11-18,12.0
8198,10484,2024-12-18,12.0
8199,10489,2025-01-13,12.0
8200,10495,2024-12-14,24.0
8201,10499,2024-09-25,24.0
8202,10499,2024-10-25,24.0
8203,10499,2024-11-24,24.0
8204,10499,2024-12-24,24.0
8205,10506,2024-10-28,12.0
8206,10506,2024-11-27,12.0
8207,10506,2024-12-27,12.0
8208,10511,2024-08-18,24.0
8209,10516,2024-03-29,12.0
8210,10516,2024-04-28,12.0
8211,10516,2024-05-28,12.0
8212,10516,2024-06-27,12.0
8213,10516,2024-07-27,12.0
8214,10516,2024-08-26,12.0
8215,10516,2024-09-25,12.0
8216,10516,2024-10-25,12.0
8217,10516,2024-11-24,12.0
8218,10516,2024-12-24,12.0
8219,10519,2024-09-03,12.0
8220,10519,2024-10-03,12.0
8221,10519,2024-11-02,12.0
8222,10519,2024-12-02,12.0
8223,10522,2024-10-24,12.0
8224,10522,2024-11-23,12.0
8225,10522,2024-12-23,12.0
8226,10526,2024-07-08,12.0
8227,10526,2024-08-07,12.0
8228,10526,2024-09-06,12.0
8229,10526,2024-10-06,12.0
8230,10526,2024-11-05,12.0
8231,10526,2024-12-05,12.0
8232,10527,2025-01-01,24.0
8233,10546,2024-11-26,12.0
8234,10546,2024-12-26,12.0
8235,10549,2024-08-20,24.0
8236,10549,2024-09-19,24.0
8237,10549,2024-10-19,24.0
8238,10549,2024-11-18,24.0
8239,10549,2024-12-18,24.0
8240,10553,2024-12-22,12.0
8241,10554,2024-01-29,12.0
8242,10560,2024-11-26,12.0
8243,10560,2024-12-26,12.0
8244,10569,2024-05-28,12.0
8245,10570,2024-12-26,12.0
8246,10572,2024-08-06,12.0
8247,10574,2024-06-25,24.0
8248,10574,2024-07-25,24.0
8249,10574,2024-08-24,24.0
8250,10574,2024-09-23,24.0
8251,10574,2024-10-23,24.0
8252,10574,2024-11-22,24.0
8253,10574,2024-12-22,24.0
8254,10578,2024-07-03,24.0
8255,10578,2024-08-02,24.0
8256,10578,2024-09-01,24.0
8257,10578,2024-10-01,24.0
8258,10578,2024-10-31,24.0
8259,10578,2024-11-30,24.0
8260,10578,2024-12-30,24.0
8261,10580,2024-02-22,12.0
8262,10580,2024-03-23,12.0
8263,10580,2024-04-22,12.0
8264,10580,2024-05-22,12.0
8265,10580,2024-06-21,12.0
8266,10580,2024-07-21,12.0
8267,10580,2024-08-20,12.0
8268,10580,2024-09-19,12.0
8269,10580,2024-10-19,12.0
8270,10580,2024-11-18,12.0
8271,10580,2024-12-18,12.0
8272,10582,2024-06-30,24.0
8273,10582,2024-07-30,24.0
8274,10582,2024-08-29,24.0
8275,10582,2024-09-28,24.0
8276,10582,2024-10-28,24.0
8277,10582,2024-11-27,24.0
8278,10582,2024-12-27,24.0
8279,10586,2024-10-02,12.0
8280,10586,2024-11-01,12.0
8281,10586,2024-12-01,12.0
8282,10586,2024-12-31,12.0
8283,10595,2024-11-11,12.0
8284,10595,2024-12-11,12.0
8285,10608,2024-12-26,24.0
8286,10617,2024-05-19,12.0
8287,10617,2024-06-18,12.0
8288,10617,2024-07-18,12.0
8289,10617,2024-08-17,12.0
8290,10617,2024-09-16,12.0
8291,10617,2024-10-16,12.0
8292,10617,2024-11-15,12.0
8293,10617,2024-12-15,12.0
8294,10622,2024-07-09,12.0
8295,10622,2024-08-08,12.0
8296,10622,2024-09-07,12.0
8297,10622,2024-10-07,12.0
8298,10622,2024-11-06,12.0
8299,10622,2024-12-06,12.0
8300,10623,2024-12-16,12.0
8301,10625,2024-07-29,24.0
8302,10627,2024-04-24,24.0
8303,10627,2024-05-24,24.0
8304,10627,2024-06-23,24.0
8305,10627,2024-07-23,24.0
8306,10627,2024-08-22,24.0
8307,10627,2024-09-21,24.0
8308,10627,2024-10-21,24.0
8309,10627,2024-11-20,24.0
8310,10627,2024-12-20,24.0
8311,10639,2024-08-16,12.0
8312,10639,2024-09-15,12.0
8313,10639,2024-10-15,12.0
8314,10639,2024-11-14,12.0
8315,10639,2024-12-14,12.0
8316,10641,2024-10-09,24.0
8317,10645,2024-09-16,12.0
8318,10655,2024-06-01,24.0
8319,10655,2024-07-01,24.0
8320,10655,2024-07-31,24.0
8321,10655,2024-08-30,24.0
8322,10655,2024-09-29,24.0
8323,10655,2024-10-29,24.0
8324,10655,2024-11-28,24.0
8325,10655,2024-12-28,24.0
8326,10662,2024-10-08,12.0
8327,10662,2024-11-07,12.0
8328,10662,2024-12-07,12.0
8329,10671,2024-04-06,24.0
8330,10671,2024-05-06,24.0
8331,10671,2024-06-05,24.0
8332,10671,2024-07-05,24.0
8333,10671,2024-08-04,24.0
8334,10671,2024-09-03,24.0
8335,10671,2024-10-03,24.0
8336,10671,2024-11-02,24.0
8337,10671,2024-12-02,24.0
8338,10680,2024-07-05,12.0
8339,10683,2024-11-17,24.0
8340,10686,2024-08-12,24.0
8341,10686,2024-09-11,24.0
8342,10686,2024-10-11,24.0
8343,10686,2024-11-10,24.0
8344,10686,2024-12-10,24.0
8345,10690,2025-01-10,24.0
8346,10698,2024-09-05,24.0
8347,10698,2024-10-05,24.0
8348,10698,2024-11-04,24.0
8349,10698,2024-12-04,24.0
8350,10701,2024-10-29,12.0
8351,10704,2024-09-27,12.0
8352,10706,2024-08-22,24.0
8353,10706,2024-09-21,24.0
8354,10706,2024-10-21,24.0
8355,10706,2024-11-20,24.0
8356,10706,2024-12-20,24.0
8357,10708,2024-08-17,12.0
8358,10708,2024-09-16,12.0
8359,10708,2024-10-16,12.0
8360,10708,2024-11-15,12.0
8361,10708,2024-12-15,12.0
8362,10709,2024-09-19,12.0
8363,10709,2024-10-19,12.0
8364,10709,2024-11-18,12.0
8365,10709,2024-12-18,12.0
8366,10713,2024-07-30,12.0
8367,10713,2024-08-29,12.0
8368,10713,2024-09-28,12.0
8369,10713,2024-10-28,12.0
8370,10713,2024-11-27,12.0
8371,10713,2024-12-27,12.0
8372,10721,2024-03-29,12.0
8373,10721,2024-04-28,12.0
8374,10721,2024-05-28,12.0
8375,10721,2024-06-27,12.0
8376,10721,2024-07-27,12.0
8377,10721,2024-08-26,12.0
8378,10721,2024-09-25,12.0
8379,10721,2024-10-25,12.0
8380,10721,2024-11-24,12.0
8381,10721,2024-12-24,12.0
8382,10724,2024-03-27,24.0
8383,10724,2024-04-26,24.0
8384,10724,2024-05-26,24.0
8385,10724,2024-06-25,24.0
8386,10724,2024-07-25,24.0
8387,10724,2024-08-24,24.0
8388,10724,2024-09-23,24.0
8389,10724,2024-10-23,24.0
8390,10724,2024-11-22,24.0
8391,10724,2024-12-22,24.0
8392,10725,2025-01-09,12.0
8393,10729,2024-11-04,12.0
8394,10729,2024-12-04,12.0
8395,10731,2024-08-08,12.0
8396,10731,2024-09-07,12.0
8397,10731,2024-10-07,12.0
8398,10731,2024-11-06,12.0
8399,10731,2024-12-06,12.0
8400,10733,2024-10-11,12.0
8401,10733,2024-11-10,12.0
8402,10733,2024-12-10,12.0
8403,10740,2024-06-17,12.0
8404,10746,2024-08-05,12.0
8405,10750,2024-03-22,24.0
8406,10761,2024-04-02,12.0
8407,10761,2024-05-02,12.0
8408,10761,2024-06-01,12.0
8409,10761,2024-07-01,12.0
8410,10761,2024-07-31,12.0
8411,10761,2024-08-30,12.0
8412,10761,2024-09-29,12.0
8413,10761,2024-10-29,12.0
8414,10761,2024-11-28,12.0
8415,10761,2024-12-28,12.0
8416,10762,2024-10-04,24.0
8417,10762,2024-11-03,24.0
8418,10762,2024-12-03,24.0
8419,10764,2024-11-19,12.0
8420,10764,2024-12-19,12.0
8421,10772,2024-05-18,12.0
8422,10772,2024-06-17,12.0
8423,10772,2024-07-17,12.0
8424,10772,2024-08-16,12.0
8425,10772,2024-09-15,12.0
8426,10772,2024-10-15,12.0
8427,10772,2024-11-14,12.0
8428,10772,2024-12-14,12.0
8429,10774,2024-08-31,12.0
8430,10774,2024-09-30,12.0
8431,10774,2024-10-30,12.0
8432,10774,2024-11-29,12.0
8433,10774,2024-12-29,12.0
8434,10778,2024-07-23,24.0
8435,10778,2024-08-22,24.0
8436,10778,2024-09-21,24.0
8437,10778,2024-10-21,24.0
8438,10778,2024-11-20,24.0
8439,10778,2024-12-20,24.0
8440,10780,2024-07-24,24.0
8441,10783,2024-05-01,12.0
8442,10784,2024-04-28,24.0
8443,10786,2024-12-03,12.0
8444,10790,2024-03-30,12.0
8445,10790,2024-04-29,12.0
8446,10790,2024-05-29,12.0
8447,10790,2024-06-28,12.0
8448,10790,2024-07-28,12.0
8449,10790,2024-08-27,12.0
8450,10790,2024-09-26,12.0
8451,10790,2024-10-26,12.0
8452,10790,2024-11-25,12.0
8453,10790,2024-12-25,12.0
8454,10791,2024-12-26,12.0
8455,10807,2024-05-15,12.0
8456,10807,2024-06-14,12.0
8457,10807,2024-07-14,12.0
8458,10807,2024-08-13,12.0
8459,10807,2024-09-12,12.0
8460,10807,2024-10-12,12.0
8461,10807,2024-11-11,12.0
8462,10807,2024-12-11,12.0
8463,10815,2024-02-27,12.0
8464,10815,2024-03-28,12.0
8465,10815,2024-04-27,12.0
8466,10815,2024-05-27,12.0
8467,10815,2024-06-26,12.0
8468,10815,2024-07-26,12.0
8469,10815,2024-08-25,12.0
8470,10815,2024-09-24,12.0
8471,10815,2024-10-24,12.0
8472,10815,2024-11-23,12.0
8473,10815,2024-12-23,12.0
8474,10818,2024-10-19,12.0
8475,10818,2024-11-18,12.0
8476,10818,2024-12-18,12.0
8477,10821,2025-01-01,12.0
8478,10824,2024-07-06,12.0
8479,10824,2024-08-05,12.0
8480,10824,2024-09-04,12.0
8481,10824,2024-10-04,12.0
8482,10824,2024-11-03,12.0
8483,10824,2024-12-03,12.0
8484,10830,2024-07-06,12.0
8485,10830,2024-08-05,12.0
8486,10830,2024-09-04,12.0
8487,10830,2024-10-04,12.0
8488,10830,2024-11-03,12.0
8489,10830,2024-12-03,12.0
8490,10831,2024-10-28,24.0
8491,10834,2024-10-02,24.0
8492,10839,2024-03-06,24.0
8493,10839,2024-04-05,24.0
8494,10839,2024-05-05,24.0
8495,10839,2024-06-04,24.0
8496,10839,2024-07-04,24.0
8497,10839,2024-08-03,24.0
8498,10839,2024-09-02,24.0
8499,10839,2024-10-02,24.0
8500,10839,2024-11-01,24.0
8501,10839,2024-12-01,24.0
8502,10839,2024-12-31,24.0
8503,10840,2024-10-16,12.0
8504,10849,2024-11-10,24.0
8505,10849,2024-12-10,24.0
8506,10850,2024-08-02,12.0
8507,10851,2024-07-13,12.0
8508,10851,2024-08-12,12.0
8509,10851,2024-09-11,12.0
8510,10851,2024-10-11,12.0
8511,10851,2024-11-10,12.0
8512,10851,2024-12-10,12.0
8513,10873,2024-11-18,12.0
8514,10874,2024-05-03,24.0
8515,10874,2024-06-02,24.0
8516,10874,2024-07-02,24.0
8517,10874,2024-08-01,24.0
8518,10874,2024-08-31,24.0
8519,10874,2024-09-30,24.0
8520,10874,2024-10-30,24.0
8521,10874,2024-11-29,24.0
8522,10874,2024-12-29,24.0
8523,10879,2024-05-31,24.0
8524,10879,2024-06-30,24.0
8525,10879,2024-07-30,24.0
8526,10879,2024-08-29,24.0
8527,10879,2024-09-28,24.0
8528,10879,2024-10-28,24.0
8529,10879,2024-11-27,24.0
8530,10879,2024-12-27,24.0
8531,10885,2024-12-13,12.0
8532,10887,2024-08-07,12.0
8533,10887,2024-09-06,12.0
8534,10887,2024-10-06,12.0
8535,10887,2024-11-05,12.0
8536,10887,2024-12-05,12.0
8537,10890,2024-02-11,12.0
8538,10890,2024-03-12,12.0
8539,10890,2024-04-11,12.0
8540,10890,2024-05-11,12.0
8541,10890,2024-06-10,12.0
8542,10890,2024-07-10,12.0
8543,10890,2024-08-09,12.0
8544,10890,2024-09-08,12.0
8545,10890,2024-10-08,12.0
8546,10890,2024-11-07,12.0
8547,10890,2024-12-07,12.0
8548,10891,2024-05-15,12.0
8549,10891,2024-06-14,12.0
8550,10891,2024-07-14,12.0
8551,10891,2024-08-13,12.0
8552,10891,2024-09-12,12.0
8553,10891,2024-10-12,12.0
8554,10891,2024-11-11,12.0
8555,10891,2024-12-11,12.0
8556,10893,2024-12-05,24.0
8557,10904,2024-07-23,12.0
8558,10917,2024-07-05,24.0
8559,10917,2024-08-04,24.0
8560,10917,2024-09-03,24.0
8561,10917,2024-10-03,24.0
8562,10917,2024-11-02,24.0
8563,10917,2024-12-02,24.0
8564,10924,2024-06-12,12.0
8565,10924,2024-07-12,12.0
8566,10924,2024-08-11,12.0
8567,10924,2024-09-10,12.0
8568,10924,2024-10-10,12.0
8569,10924,2024-11-09,12.0
8570,10924,2024-12-09,12.0
8571,10927,2024-08-21,12.0
8572,10927,2024-09-20,12.0
8573,10927,2024-10-20,12.0
8574,10927,2024-11-19,12.0
8575,10927,2024-12-19,12.0
8576,10928,2024-12-19,12.0
8577,10938,2024-09-12,12.0
8578,10942,2024-12-22,24.0
8579,10948,2024-11-16,12.0
8580,10948,2024-12-16,12.0
8581,10952,2024-12-25,12.0
8582,10953,2024-06-12,24.0
8583,10953,2024-07-12,24.0
8584,10953,2024-08-11,24.0
8585,10953,2024-09-10,24.0
8586,10953,2024-10-10,24.0
8587,10953,2024-11-09,24.0
8588,10953,2024-12-09,24.0
8589,10961,2024-04-16,24.0
8590,10966,2024-03-13,12.0
8591,10966,2024-04-12,12.0
8592,10966,2024-05-12,12.0
8593,10966,2024-06-11,12.0
8594,10966,2024-07-11,12.0
8595,10966,2024-08-10,12.0
8596,10966,2024-09-09,12.0
8597,10966,2024-10-09,12.0
8598,10966,2024-11-08,12.0
8599,10966,2024-12-08,12.0
8600,10971,2024-08-19,24.0
8601,10971,2024-09-18,24.0
8602,10971,2024-10-18,24.0
8603,10971,2024-11-17,24.0
8604,10971,2024-12-17,24.0
8605,10979,2024-08-11,12.0
8606,10979,2024-09-10,12.0
8607,10979,2024-10-10,12.0
8608,10979,2024-11-09,12.0
8609,10979,2024-12-09,12.0
8610,10984,2024-03-15,12.0
8611,10985,2024-10-12,12.0
8612,10987,2024-03-06,12.0
8613,10989,2024-05-01,12.0
8614,10989,2024-05-31,12.0
8615,10989,2024-06-30,12.0
8616,10989,2024-07-30,12.0
8617,10989,2024-08-29,12.0
8618,10989,2024-09-28,12.0
8619,10989,2024-10-28,12.0
8620,10989,2024-11-27,12.0
8621,10989,2024-12-27,12.0
8622,10990,2024-12-11,12.0
8623,11019,2024-03-14,12.0
8624,11019,2024-04-13,12.0
8625,11019,2024-05-13,12.0
8626,11019,2024-06-12,12.0
8627,11019,2024-07-12,12.0
8628,11019,2024-08-11,12.0
8629,11019,2024-09-10,12.0
8630,11019,2024-10-10,12.0
8631,11019,2024-11-09,12.0
8632,11019,2024-12-09,12.0
8633,11022,2024-12-25,24.0
8634,11035,2024-12-02,12.0
8635,11039,2024-08-18,12.0
8636,11039,2024-09-17,12.0
8637,11039,2024-10-17,12.0
8638,11039,2024-11-16,12.0
8639,11039,2024-12-16,12.0
8640,11051,2024-03-13,12.0
8641,11051,2024-04-12,12.0
8642,11051,2024-05-12,12.0
8643,11051,2024-06-11,12.0
8644,11051,2024-07-11,12.0
8645,11051,2024-08-10,12.0
8646,11051,2024-09-09,12.0
8647,11051,2024-10-09,12.0
8648,11051,2024-11-08,12.0
8649,11051,2024-12-08,12.0
8650,11054,2024-07-01,12.0
8651,11054,2024-07-31,12.0
8652,11054,2024-08-30,12.0
8653,11054,2024-09-29,12.0
8654,11054,2024-10-29,12.0
8655,11054,2024-11-28,12.0
8656,11054,2024-12-28,12.0
8657,11062,2024-08-27,12.0
8658,11062,2024-09-26,12.0
8659,11062,2024-10-26,12.0
8660,11062,2024-11-25,12.0
8661,11062,2024-12-25,12.0
8662,11088,2024-08-31,24.0
8663,11096,2024-11-17,12.0
8664,11096,2024-12-17,12.0
8665,11120,2024-09-27,24.0
8666,11120,2024-10-27,24.0
8667,11120,2024-11-26,24.0
8668,11120,2024-12-26,24.0
8669,11124,2024-02-18,12.0
8670,11129,2024-02-22,12.0
8671,11135,2024-11-05,12.0
8672,11135,2024-12-05,12.0
8673,11144,2024-01-26,12.0
8674,11148,2024-02-04,12.0
8675,11153,2024-04-19,12.0
8676,11156,2024-01-30,12.0
8677,11156,2024-02-29,12.0
8678,11156,2024-03-30,12.0
8679,11156,2024-04-29,12.0
8680,11156,2024-05-29,12.0
8681,11156,2024-06-28,12.0
8682,11156,2024-07-28,12.0
8683,11156,2024-08-27,12.0
8684,11156,2024-09-26,12.0
8685,11156,2024-10-26,12.0
8686,11156,2024-11-25,12.0
8687,11156,2024-12-25,12.0
8688,11158,2024-12-07,12.0
8689,11165,2024-11-20,24.0
8690,11165,2024-12-20,24.0
8691,11167,2024-01-18,12.0
8692,11167,2024-02-17,12.0
8693,11167,2024-03-18,12.0
8694,11167,2024-04-17,12.0
8695,11167,2024-05-17,12.0
8696,11167,2024-06-16,12.0
8697,11167,2024-07-16,12.0
8698,11167,2024-08-15,12.0
8699,11167,2024-09-14,12.0
8700,11167,2024-10-14,12.0
8701,11167,2024-11-13,12.0
8702,11167,2024-12-13,12.0
8703,11179,2024-12-20,12.0
8704,11180,2024-09-03,12.0
8705,11181,2024-04-19,24.0
8706,11181,2024-05-19,24.0
8707,11181,2024-06-18,24.0
8708,11181,2024-07-18,24.0
8709,11181,2024-08-17,24.0
8710,11181,2024-09-16,24.0
8711,11181,2024-10-16,24.0
8712,11181,2024-11-15,24.0
8713,11181,2024-12-15,24.0
8714,11184,2024-12-03,12.0
8715,11185,2024-02-13,12.0
8716,11194,2024-09-02,24.0
8717,11204,2024-03-29,12.0
8718,11236,2024-09-01,12.0
8719,11236,2024-10-01,12.0
8720,11236,2024-10-31,12.0
8721,11236,2024-11-30,12.0
8722,11236,2024-12-30,12.0
8723,11254,2024-04-08,12.0
8724,11266,2024-03-13,24.0
8725,11266,2024-04-12,24.0
8726,11266,2024-05-12,24.0
8727,11266,2024-06-11,24.0
8728,11266,2024-07-11,24.0
8729,11266,2024-08-10,24.0
8730,11266,2024-09-09,24.0
8731,11266,2024-10-09,24.0
8732,11266,2024-11-08,24.0
8733,11266,2024-12-08,24.0
8734,11277,2024-03-13,12.0
8735,11277,2024-04-12,12.0
8736,11277,2024-05-12,12.0
8737,11277,2024-06-11,12.0
8738,11277,2024-07-11,12.0
8739,11277,2024-08-10,12.0
8740,11277,2024-09-09,12.0
8741,11277,2024-10-09,12.0
8742,11277,2024-11-08,12.0
8743,11277,2024-12-08,12.0
8744,11282,2024-09-05,12.0
8745,11282,2024-10-05,12.0
8746,11282,2024-11-04,12.0
8747,11282,2024-12-04,12.0
8748,11288,2024-12-23,12.0
8749,11311,2024-06-26,12.0
8750,11311,2024-07-26,12.0
8751,11311,2024-08-25,12.0
8752,11311,2024-09-24,12.0
8753,11311,2024-10-24,12.0
8754,11311,2024-11-23,12.0
8755,11311,2024-12-23,12.0
8756,11327,2024-10-07,24.0
8757,11327,2024-11-06,24.0
8758,11327,2024-12-06,24.0
8759,11340,2024-04-16,24.0
8760,11340,2024-05-16,24.0
8761,11340,2024-06-15,24.0
8762,11340,2024-07-15,24.0
8763,11340,2024-08-14,24.0
8764,11340,2024-09-13,24.0
8765,11340,2024-10-13,24.0
8766,11340,2024-11-12,24.0
8767,11340,2024-12-12,24.0
8768,11341,2024-09-10,12.0
8769,11341,2024-10-10,12.0
8770,11341,2024-11-09,12.0
8771,11341,2024-12-09,12.0
8772,11353,2024-02-02,12.0
8773,11353,2024-03-03,12.0
8774,11353,2024-04-02,12.0
8775,11353,2024-05-02,12.0
8776,11353,2024-06-01,12.0
8777,11353,2024-07-01,12.0
8778,11353,2024-07-31,12.0
8779,11353,2024-08-30,12.0
8780,11353,2024-09-29,12.0
8781,11353,2024-10-29,12.0
8782,11353,2024-11-28,12.0
8783,11353,2024-12-28,12.0
8784,11358,2024-12-22,12.0
8785,11359,2024-04-08,12.0
8786,11361,2024-11-21,24.0
8787,11361,2024-12-21,24.0
8788,11364,2024-05-20,24.0
8789,11364,2024-06-19,24.0
8790,11364,2024-07-19,24.0
8791,11364,2024-08-18,24.0
8792,11364,2024-09-17,24.0
8793,11364,2024-10-17,24.0
8794,11364,2024-11-16,24.0
8795,11364,2024-12-16,24.0
8796,11374,2025-01-02,24.0
8797,11387,2024-03-14,12.0
8798,11391,2024-05-31,12.0
8799,11393,2024-10-11,12.0
8800,11393,2024-11-10,12.0
8801,11393,2024-12-10,12.0
8802,11394,2024-07-04,12.0
8803,11394,2024-08-03,12.0
8804,11394,2024-09-02,12.0
8805,11394,2024-10-02,12.0
8806,11394,2024-11-01,12.0
8807,11394,2024-12-01,12.0
8808,11394,2024-12-31,12.0
8809,11411,2024-03-21,12.0
8810,11411,2024-04-20,12.0
8811,11411,2024-05-20,12.0
8812,11411,2024-06-19,12.0
8813,11411,2024-07-19,12.0
8814,11411,2024-08-18,12.0
8815,11411,2024-09-17,12.0
8816,11411,2024-10-17,12.0
8817,11411,2024-11-16,12.0
8818,11411,2024-12-16,12.0
8819,11421,2024-10-15,24.0
8820,11421,2024-11-14,24.0
8821,11421,2024-12-14,24.0
8822,11422,2024-03-01,24.0
8823,11422,2024-03-31,24.0
8824,11422,2024-04-30,24.0
8825,11422,2024-05-30,24.0
8826,11422,2024-06-29,24.0
8827,11422,2024-07-29,24.0
8828,11422,2024-08-28,24.0
8829,11422,2024-09-27,24.0
8830,11422,2024-10-27,24.0
8831,11422,2024-11-26,24.0
8832,11422,2024-12-26,24.0
8833,11427,2024-11-21,12.0
8834,11429,2024-02-16,24.0
8835,11437,2024-05-31,12.0
8836,11441,2024-05-26,12.0
8837,11441,2024-06-25,12.0
8838,11441,2024-07-25,12.0
8839,11441,2024-08-24,12.0
8840,11441,2024-09-23,12.0
8841,11441,2024-10-23,12.0
8842,11441,2024-11-22,12.0
8843,11441,2024-12-22,12.0
8844,11447,2024-11-07,12.0
8845,11450,2024-08-16,24.0
8846,11450,2024-09-15,24.0
8847,11450,2024-10-15,24.0
8848,11450,2024-11-14,24.0
8849,11450,2024-12-14,24.0
8850,11451,2024-11-22,12.0
8851,11451,2024-12-22,12.0
8852,11452,2025-01-01,12.0
8853,11467,2024-07-07,24.0
8854,11467,2024-08-06,24.0
8855,11467,2024-09-05,24.0
8856,11467,2024-10-05,24.0
8857,11467,2024-11-04,24.0
8858,11467,2024-12-04,24.0
8859,11474,2024-02-21,12.0
8860,11474,2024-03-22,12.0
8861,11474,2024-04-21,12.0
8862,11474,2024-05-21,12.0
8863,11474,2024-06-20,12.0
8864,11474,2024-07-20,12.0
8865,11474,2024-08-19,12.0
8866,11474,2024-09-18,12.0
8867,11474,2024-10-18,12.0
8868,11474,2024-11-17,12.0
8869,11474,2024-12-17,12.0
8870,11476,2024-01-25,12.0
8871,11476,2024-02-24,12.0
8872,11476,2024-03-25,12.0
8873,11476,2024-04-24,12.0
8874,11476,2024-05-24,12.0
8875,11476,2024-06-23,12.0
8876,11476,2024-07-23,12.0
8877,11476,2024-08-22,12.0
8878,11476,2024-09-21,12.0
8879,11476,2024-10-21,12.0
8880,11476,2024-11-20,12.0
8881,11476,2024-12-20,12.0
8882,11480,2024-11-27,24.0
8883,11484,2024-10-09,12.0
8884,11484,2024-11-08,12.0
8885,11484,2024-12-08,12.0
8886,11491,2024-02-29,24.0
8887,11495,2024-10-06,12.0
8888,11501,2024-08-07,12.0
8889,11501,2024-09-06,12.0
8890,11501,2024-10-06,12.0
8891,11501,2024-11-05,12.0
8892,11501,2024-12-05,12.0
8893,11502,2024-08-08,24.0
8894,11503,2024-07-19,12.0
8895,11504,2024-09-10,24.0
8896,11504,2024-10-10,24.0
8897,11504,2024-11-09,24.0
8898,11504,2024-12-09,24.0
8899,11509,2024-11-30,12.0
8900,11509,2024-12-30,12.0
8901,11510,2024-05-20,24.0
8902,11510,2024-06-19,24.0
8903,11510,2024-07-19,24.0
8904,11510,2024-08-18,24.0
8905,11510,2024-09-17,24.0
8906,11510,2024-10-17,24.0
8907,11510,2024-11-16,24.0
8908,11510,2024-12-16,24.0
8909,11520,2024-08-24,24.0
8910,11520,2024-09-23,24.0
8911,11520,2024-10-23,24.0
8912,11520,2024-11-22,24.0
8913,11520,2024-12-22,24.0
8914,11523,2024-12-01,24.0
8915,11523,2024-12-31,24.0
8916,11526,2024-11-09,12.0
8917,11526,2024-12-09,12.0
8918,11536,2024-04-25,12.0
8919,11536,2024-05-25,12.0
8920,11536,2024-06-24,12.0
8921,11536,2024-07-24,12.0
8922,11536,2024-08-23,12.0
8923,11536,2024-09-22,12.0
8924,11536,2024-10-22,12.0
8925,11536,2024-11-21,12.0
8926,11536,2024-12-21,12.0
8927,11543,2024-07-04,12.0
8928,11543,2024-08-03,12.0
8929,11543,2024-09-02,12.0
8930,11543,2024-10-02,12.0
8931,11543,2024-11-01,12.0
8932,11543,2024-12-01,12.0
8933,11543,2024-12-31,12.0
8934,11546,2024-10-08,24.0
8935,11556,2024-07-06,12.0
8936,11556,2024-08-05,12.0
8937,11556,2024-09-04,12.0
8938,11556,2024-10-04,12.0
8939,11556,2024-11-03,12.0
8940,11556,2024-12-03,12.0
8941,11558,2025-01-01,24.0
8942,11570,2024-09-03,12.0
8943,11570,2024-10-03,12.0
8944,11570,2024-11-02,12.0
8945,11570,2024-12-02,12.0
8946,11572,2025-01-13,12.0
8947,11585,2024-12-02,12.0
8948,11586,2025-01-06,12.0
8949,11590,2024-04-12,12.0
8950,11590,2024-05-12,12.0
8951,11590,2024-06-11,12.0
8952,11590,2024-07-11,12.0
8953,11590,2024-08-10,12.0
8954,11590,2024-09-09,12.0
8955,11590,2024-10-09,12.0
8956,11590,2024-11-08,12.0
8957,11590,2024-12-08,12.0
8958,11591,2024-07-03,24.0
8959,11591,2024-08-02,24.0
8960,11591,2024-09-01,24.0
8961,11591,2024-10-01,24.0
8962,11591,2024-10-31,24.0
8963,11591,2024-11-30,24.0
8964,11591,2024-12-30,24.0
8965,11592,2024-04-24,24.0
8966,11592,2024-05-24,24.0
8967,11592,2024-06-23,24.0
8968,11592,2024-07-23,24.0
8969,11592,2024-08-22,24.0
8970,11592,2024-09-21,24.0
8971,11592,2024-10-21,24.0
8972,11592,2024-11-20,24.0
8973,11592,2024-12-20,24.0
8974,11593,2024-12-14,24.0
8975,11604,2025-01-13,12.0
8976,11610,2024-01-18,24.0
8977,11610,2024-02-17,24.0
8978,11610,2024-03-18,24.0
8979,11610,2024-04-17,24.0
8980,11610,2024-05-17,24.0
8981,11610,2024-06-16,24.0
8982,11610,2024-07-16,24.0
8983,11610,2024-08-15,24.0
8984,11610,2024-09-14,24.0
8985,11610,2024-10-14,24.0
8986,11610,2024-11-13,24.0
8987,11610,2024-12-13,24.0
8988,11615,2024-11-30,12.0
8989,11615,2024-12-30,12.0
8990,11617,2024-06-02,12.0
8991,11617,2024-07-02,12.0
8992,11617,2024-08-01,12.0
8993,11617,2024-08-31,12.0
8994,11617,2024-09-30,12.0
8995,11617,2024-10-30,12.0
8996,11617,2024-11-29,12.0
8997,11617,2024-12-29,12.0
8998,11628,2025-01-07,12.0
8999,11630,2024-09-30,12.0
9000,11630,2024-10-30,12.0
9001,11630,2024-11-29,12.0
9002,11630,2024-12-29,12.0
9003,11637,2024-11-03,24.0
9004,11637,2024-12-03,24.0
9005,11639,2024-12-19,12.0
9006,11643,2024-06-26,12.0
9007,11643,2024-07-26,12.0
9008,11643,2024-08-25,12.0
9009,11643,2024-09-24,12.0
9010,11643,2024-10-24,12.0
9011,11643,2024-11-23,12.0
9012,11643,2024-12-23,12.0
9013,11646,2024-04-02,24.0
9014,11646,2024-05-02,24.0
9015,11646,2024-06-01,24.0
9016,11646,2024-07-01,24.0
9017,11646,2024-07-31,24.0
9018,11646,2024-08-30,24.0
9019,11646,2024-09-29,24.0
9020,11646,2024-10-29,24.0
9021,11646,2024-11-28,24.0
9022,11646,2024-12-28,24.0
9023,11662,2024-06-30,12.0
9024,11662,2024-07-30,12.0
9025,11662,2024-08-29,12.0
9026,11662,2024-09-28,12.0
9027,11662,2024-10-28,12.0
9028,11662,2024-11-27,12.0
9029,11662,2024-12-27,12.0
9030,11673,2024-07-22,12.0
9031,11673,2024-08-21,12.0
9032,11673,2024-09-20,12.0
9033,11673,2024-10-20,12.0
9034,11673,2024-11-19,12.0
9035,11673,2024-12-19,12.0
9036,11680,2024-06-11,12.0
9037,11683,2024-12-04,24.0
9038,11685,2024-11-27,24.0
9039,11689,2024-09-04,24.0
9040,11692,2024-10-24,12.0
9041,11692,2024-11-23,12.0
9042,11692,2024-12-23,12.0
9043,11693,2024-04-09,12.0
9044,11693,2024-05-09,12.0
9045,11693,2024-06-08,12.0
9046,11693,2024-07-08,12.0
9047,11693,2024-08-07,12.0
9048,11693,2024-09-06,12.0
9049,11693,2024-10-06,12.0
9050,11693,2024-11-05,12.0
9051,11693,2024-12-05,12.0
9052,11703,2024-04-11,12.0
9053,11703,2024-05-11,12.0
9054,11703,2024-06-10,12.0
9055,11703,2024-07-10,12.0
9056,11703,2024-08-09,12.0
9057,11703,2024-09-08,12.0
9058,11703,2024-10-08,12.0
9059,11703,2024-11-07,12.0
9060,11703,2024-12-07,12.0
9061,11707,2024-08-07,24.0
9062,11707,2024-09-06,24.0
9063,11707,2024-10-06,24.0
9064,11707,2024-11-05,24.0
9065,11707,2024-12-05,24.0
9066,11711,2024-09-09,24.0
9067,11713,2024-02-24,24.0
9068,11713,2024-03-25,24.0
9069,11713,2024-04-24,24.0
9070,11713,2024-05-24,24.0
9071,11713,2024-06-23,24.0
9072,11713,2024-07-23,24.0
9073,11713,2024-08-22,24.0
9074,11713,2024-09-21,24.0
9075,11713,2024-10-21,24.0
9076,11713,2024-11-20,24.0
9077,11713,2024-12-20,24.0
9078,11715,2024-11-25,24.0
9079,11719,2024-08-27,12.0
9080,11719,2024-09-26,12.0
9081,11719,2024-10-26,12.0
9082,11719,2024-11-25,12.0
9083,11719,2024-12-25,12.0
9084,11722,2024-08-16,12.0
9085,11734,2024-03-06,24.0
9086,11734,2024-04-05,24.0
9087,11734,2024-05-05,24.0
9088,11734,2024-06-04,24.0
9089,11734,2024-07-04,24.0
9090,11734,2024-08-03,24.0
9091,11734,2024-09-02,24.0
9092,11734,2024-10-02,24.0
9093,11734,2024-11-01,24.0
9094,11734,2024-12-01,24.0
9095,11734,2024-12-31,24.0
9096,11736,2024-12-15,24.0
9097,11739,2024-06-11,24.0
9098,11739,2024-07-11,24.0
9099,11739,2024-08-10,24.0
9100,11739,2024-09-09,24.0
9101,11739,2024-10-09,24.0
9102,11739,2024-11-08,24.0
9103,11739,2024-12-08,24.0
9104,11741,2024-08-29,12.0
9105,11741,2024-09-28,12.0
9106,11741,2024-10-28,12.0
9107,11741,2024-11-27,12.0
9108,11741,2024-12-27,12.0
9109,11750,2024-10-29,12.0
9110,11750,2024-11-28,12.0
9111,11750,2024-12-28,12.0
9112,11753,2024-09-12,12.0
9113,11756,2024-09-30,12.0
9114,11756,2024-10-30,12.0
9115,11756,2024-11-29,12.0
9116,11756,2024-12-29,12.0
9117,11759,2024-05-16,24.0
9118,11759,2024-06-15,24.0
9119,11759,2024-07-15,24.0
9120,11759,2024-08-14,24.0
9121,11759,2024-09-13,24.0
9122,11759,2024-10-13,24.0
9123,11759,2024-11-12,24.0
9124,11759,2024-12-12,24.0
9125,11769,2024-01-20,12.0
9126,11769,2024-02-19,12.0
9127,11769,2024-03-20,12.0
9128,11769,2024-04-19,12.0
9129,11769,2024-05-19,12.0
9130,11769,2024-06-18,12.0
9131,11769,2024-07-18,12.0
9132,11769,2024-08-17,12.0
9133,11769,2024-09-16,12.0
9134,11769,2024-10-16,12.0
9135,11769,2024-11-15,12.0
9136,11769,2024-12-15,12.0
9137,11775,2024-04-20,12.0
9138,11780,2024-12-29,24.0
9139,11781,2024-02-03,12.0
9140,11781,2024-03-04,12.0
9141,11781,2024-04-03,12.0
9142,11781,2024-05-03,12.0
9143,11781,2024-06-02,12.0
9144,11781,2024-07-02,12.0
9145,11781,2024-08-01,12.0
9146,11781,2024-08-31,12.0
9147,11781,2024-09-30,12.0
9148,11781,2024-10-30,12.0
9149,11781,2024-11-29,12.0
9150,11781,2024-12-29,12.0
9151,11783,2024-08-29,12.0
9152,11783,2024-09-28,12.0
9153,11783,2024-10-28,12.0
9154,11783,2024-11-27,12.0
9155,11783,2024-12-27,12.0
9156,11785,2024-09-17,12.0
9157,11785,2024-10-17,12.0
9158,11785,2024-11-16,12.0
9159,11785,2024-12-16,12.0
9160,11790,2024-04-03,12.0
9161,11790,2024-05-03,12.0
9162,11790,2024-06-02,12.0
9163,11790,2024-07-02,12.0
9164,11790,2024-08-01,12.0
9165,11790,2024-08-31,12.0
9166,11790,2024-09-30,12.0
9167,11790,2024-10-30,12.0
9168,11790,2024-11-29,12.0
9169,11790,2024-12-29,12.0
9170,11794,2024-03-28,12.0
9171,11794,2024-04-27,12.0
9172,11794,2024-05-27,12.0
9173,11794,2024-06-26,12.0
9174,11794,2024-07-26,12.0
9175,11794,2024-08-25,12.0
9176,11794,2024-09-24,12.0
9177,11794,2024-10-24,12.0
9178,11794,2024-11-23,12.0
9179,11794,2024-12-23,12.0
9180,11795,2024-09-28,24.0
9181,11795,2024-10-28,24.0
9182,11795,2024-11-27,24.0
9183,11795,2024-12-27,24.0
9184,11807,2024-09-07,12.0
9185,11808,2024-08-07,12.0
9186,11810,2024-11-25,12.0
9187,11810,2024-12-25,12.0
9188,11812,2024-07-19,24.0
9189,11824,2024-09-23,24.0
9190,11824,2024-10-23,24.0
9191,11824,2024-11-22,24.0
9192,11824,2024-12-22,24.0
9193,11825,2024-10-07,24.0
9194,11826,2024-05-11,24.0
9195,11829,2024-04-27,12.0
9196,11832,2024-04-11,12.0
9197,11832,2024-05-11,12.0
9198,11832,2024-06-10,12.0
9199,11832,2024-07-10,12.0
9200,11832,2024-08-09,12.0
9201,11832,2024-09-08,12.0
9202,11832,2024-10-08,12.0
9203,11832,2024-11-07,12.0
9204,11832,2024-12-07,12.0
9205,11836,2024-12-01,12.0
9206,11836,2024-12-31,12.0
9207,11854,2024-12-10,12.0
9208,11857,2024-04-18,12.0
9209,11857,2024-05-18,12.0
9210,11857,2024-06-17,12.0
9211,11857,2024-07-17,12.0
9212,11857,2024-08-16,12.0
9213,11857,2024-09-15,12.0
9214,11857,2024-10-15,12.0
9215,11857,2024-11-14,12.0
9216,11857,2024-12-14,12.0
9217,11859,2024-09-09,24.0
9218,11859,2024-10-09,24.0
9219,11859,2024-11-08,24.0
9220,11859,2024-12-08,24.0
9221,11863,2024-11-23,24.0
9222,11863,2024-12-23,24.0
9223,11864,2024-11-12,12.0
9224,11864,2024-12-12,12.0
9225,11866,2024-08-27,24.0
9226,11866,2024-09-26,24.0
9227,11866,2024-10-26,24.0
9228,11866,2024-11-25,24.0
9229,11866,2024-12-25,24.0
9230,11869,2024-03-27,24.0
9231,11869,2024-04-26,24.0
9232,11869,2024-05-26,24.0
9233,11869,2024-06-25,24.0
9234,11869,2024-07-25,24.0
9235,11869,2024-08-24,24.0
9236,11869,2024-09-23,24.0
9237,11869,2024-10-23,24.0
9238,11869,2024-11-22,24.0
9239,11869,2024-12-22,24.0
9240,11877,2024-11-10,24.0
9241,11877,2024-12-10,24.0
9242,11882,2024-11-20,12.0
9243,11888,2024-02-29,12.0
9244,11889,2024-11-10,24.0
9245,11889,2024-12-10,24.0
9246,11897,2024-06-03,12.0
9247,11897,2024-07-03,12.0
9248,11897,2024-08-02,12.0
9249,11897,2024-09-01,12.0
9250,11897,2024-10-01,12.0
9251,11897,2024-10-31,12.0
9252,11897,2024-11-30,12.0
9253,11897,2024-12-30,12.0
9254,11907,2024-09-12,12.0
9255,11907,2024-10-12,12.0
9256,11907,2024-11-11,12.0
9257,11907,2024-12-11,12.0
9258,11908,2024-11-14,12.0
9259,11908,2024-12-14,12.0
9260,11909,2024-06-26,24.0
9261,11912,2024-11-27,24.0
9262,11912,2024-12-27,24.0
9263,11915,2025-01-09,24.0
9264,11919,2025-01-09,12.0
9265,11922,2024-10-08,12.0
9266,11926,2024-06-06,24.0
9267,11930,2024-11-22,12.0
9268,11930,2024-12-22,12.0
9269,11936,2024-09-19,12.0
9270,11936,2024-10-19,12.0
9271,11936,2024-11-18,12.0
9272,11936,2024-12-18,12.0
9273,11952,2024-07-11,12.0
9274,11952,2024-08-10,12.0
9275,11952,2024-09-09,12.0
9276,11952,2024-10-09,12.0
9277,11952,2024-11-08,12.0
9278,11952,2024-12-08,12.0
9279,11962,2024-03-29,12.0
9280,11962,2024-04-28,12.0
9281,11962,2024-05-28,12.0
9282,11962,2024-06-27,12.0
9283,11962,2024-07-27,12.0
9284,11962,2024-08-26,12.0
9285,11962,2024-09-25,12.0
9286,11962,2024-10-25,12.0
9287,11962,2024-11-24,12.0
9288,11962,2024-12-24,12.0
9289,11967,2024-10-17,12.0
9290,11967,2024-11-16,12.0
9291,11967,2024-12-16,12.0
9292,11972,2024-04-18,12.0
9293,11972,2024-05-18,12.0
9294,11972,2024-06-17,12.0
9295,11972,2024-07-17,12.0
9296,11972,2024-08-16,12.0
9297,11972,2024-09-15,12.0
9298,11972,2024-10-15,12.0
9299,11972,2024-11-14,12.0
9300,11972,2024-12-14,12.0
9301,11973,2024-12-27,24.0
9302,11977,2024-02-15,24.0
9303,11977,2024-03-16,24.0
9304,11977,2024-04-15,24.0
9305,11977,2024-05-15,24.0
9306,11977,2024-06-14,24.0
9307,11977,2024-07-14,24.0
9308,11977,2024-08-13,24.0
9309,11977,2024-09-12,24.0
9310,11977,2024-10-12,24.0
9311,11977,2024-11-11,24.0
9312,11977,2024-12-11,24.0
9313,11978,2024-07-21,12.0
9314,11979,2024-04-29,12.0
9315,11979,2024-05-29,12.0
9316,11979,2024-06-28,12.0
9317,11979,2024-07-28,12.0
9318,11979,2024-08-27,12.0
9319,11979,2024-09-26,12.0
9320,11979,2024-10-26,12.0
9321,11979,2024-11-25,12.0
9322,11979,2024-12-25,12.0
9323,11982,2024-04-21,24.0
9324,11982,2024-05-21,24.0
9325,11982,2024-06-20,24.0
9326,11982,2024-07-20,24.0
9327,11982,2024-08-19,24.0
9328,11982,2024-09-18,24.0
9329,11982,2024-10-18,24.0
9330,11982,2024-11-17,24.0
9331,11982,2024-12-17,24.0
9332,11987,2024-03-02,12.0
9333,11987,2024-04-01,12.0
9334,11987,2024-05-01,12.0
9335,11987,2024-05-31,12.0
9336,11987,2024-06-30,12.0
9337,11987,2024-07-30,12.0
9338,11987,2024-08-29,12.0
9339,11987,2024-09-28,12.0
9340,11987,2024-10-28,12.0
9341,11987,2024-11-27,12.0
9342,11987,2024-12-27,12.0
9343,11991,2024-12-20,12.0
9344,11993,2024-12-01,12.0
9345,11993,2024-12-31,12.0
9346,11998,2024-06-26,12.0
9347,11998,2024-07-26,12.0
9348,11998,2024-08-25,12.0
9349,11998,2024-09-24,12.0
9350,11998,2024-10-24,12.0
9351,11998,2024-11-23,12.0
9352,11998,2024-12-23,12.0
9353,12002,2024-06-07,24.0
9354,12002,2024-07-07,24.0
9355,12002,2024-08-06,24.0
9356,12002,2024-09-05,24.0
9357,12002,2024-10-05,24.0
9358,12002,2024-11-04,24.0
9359,12002,2024-12-04,24.0
9360,12022,2024-07-13,12.0
9361,12022,2024-08-12,12.0
9362,12022,2024-09-11,12.0
9363,12022,2024-10-11,12.0
9364,12022,2024-11-10,12.0
9365,12022,2024-12-10,12.0
9366,12036,2024-12-02,12.0
9367,12038,2024-08-12,12.0
9368,12038,2024-09-11,12.0
9369,12038,2024-10-11,12.0
9370,12038,2024-11-10,12.0
9371,12038,2024-12-10,12.0
9372,12050,2024-10-11,12.0
9373,12050,2024-11-10,12.0
9374,12050,2024-12-10,12.0
9375,12056,2024-08-20,24.0
9376,12056,2024-09-19,24.0
9377,12056,2024-10-19,24.0
9378,12056,2024-11-18,24.0
9379,12056,2024-12-18,24.0
9380,12057,2024-06-09,12.0
9381,12057,2024-07-09,12.0
9382,12057,2024-08-08,12.0
9383,12057,2024-09-07,12.0
9384,12057,2024-10-07,12.0
9385,12057,2024-11-06,12.0
9386,12057,2024-12-06,12.0
9387,12064,2024-11-10,24.0
9388,12064,2024-12-10,24.0
9389,12069,2024-02-22,12.0
9390,12069,2024-03-23,12.0
9391,12069,2024-04-22,12.0
9392,12069,2024-05-22,12.0
9393,12069,2024-06-21,12.0
9394,12069,2024-07-21,12.0
9395,12069,2024-08-20,12.0
9396,12069,2024-09-19,12.0
9397,12069,2024-10-19,12.0
9398,12069,2024-11-18,12.0
9399,12069,2024-12-18,12.0
9400,12079,2024-03-10,12.0
9401,12080,2024-06-22,12.0
9402,12080,2024-07-22,12.0
9403,12080,2024-08-21,12.0
9404,12080,2024-09-20,12.0
9405,12080,2024-10-20,12.0
9406,12080,2024-11-19,12.0
9407,12080,2024-12-19,12.0
9408,12083,2024-05-27,12.0
9409,12086,2024-10-31,12.0
9410,12086,2024-11-30,12.0
9411,12086,2024-12-30,12.0
9412,12104,2024-09-05,12.0
9413,12107,2024-10-07,24.0
9414,12108,2024-03-01,12.0
9415,12108,2024-03-31,12.0
9416,12108,2024-04-30,12.0
9417,12108,2024-05-30,12.0
9418,12108,2024-06-29,12.0
9419,12108,2024-07-29,12.0
9420,12108,2024-08-28,12.0
9421,12108,2024-09-27,12.0
9422,12108,2024-10-27,12.0
9423,12108,2024-11-26,12.0
9424,12108,2024-12-26,12.0
9425,12115,2024-09-16,24.0
9426,12121,2024-06-21,12.0
9427,12121,2024-07-21,12.0
9428,12121,2024-08-20,12.0
9429,12121,2024-09-19,12.0
9430,12121,2024-10-19,12.0
9431,12121,2024-11-18,12.0
9432,12121,2024-12-18,12.0
9433,12123,2024-04-08,24.0
9434,12128,2024-09-25,12.0
9435,12128,2024-10-25,12.0
9436,12128,2024-11-24,12.0
9437,12128,2024-12-24,12.0
9438,12133,2024-05-29,12.0
9439,12133,2024-06-28,12.0
9440,12133,2024-07-28,12.0
9441,12133,2024-08-27,12.0
9442,12133,2024-09-26,12.0
9443,12133,2024-10-26,12.0
9444,12133,2024-11-25,12.0
9445,12133,2024-12-25,12.0
9446,12144,2024-03-19,12.0
9447,12144,2024-04-18,12.0
9448,12144,2024-05-18,12.0
9449,12144,2024-06-17,12.0
9450,12144,2024-07-17,12.0
9451,12144,2024-08-16,12.0
9452,12144,2024-09-15,12.0
9453,12144,2024-10-15,12.0
9454,12144,2024-11-14,12.0
9455,12144,2024-12-14,12.0
9456,12145,2024-06-19,12.0
9457,12153,2024-11-19,12.0
9458,12153,2024-12-19,12.0
9459,12154,2024-08-09,12.0
9460,12155,2024-10-12,24.0
9461,12158,2024-10-14,24.0
9462,12158,2024-11-13,24.0
9463,12158,2024-12-13,24.0
9464,12160,2025-01-07,24.0
9465,12169,2024-05-07,12.0
9466,12170,2024-09-09,12.0
9467,12170,2024-10-09,12.0
9468,12170,2024-11-08,12.0
9469,12170,2024-12-08,12.0
9470,12171,2024-08-08,12.0
9471,12176,2024-05-29,12.0
9472,12176,2024-06-28,12.0
9473,12176,2024-07-28,12.0
9474,12176,2024-08-27,12.0
9475,12176,2024-09-26,12.0
9476,12176,2024-10-26,12.0
9477,12176,2024-11-25,12.0
9478,12176,2024-12-25,12.0
9479,12188,2024-03-28,12.0
9480,12189,2024-03-18,24.0
9481,12189,2024-04-17,24.0
9482,12189,2024-05-17,24.0
9483,12189,2024-06-16,24.0
9484,12189,2024-07-16,24.0
9485,12189,2024-08-15,24.0
9486,12189,2024-09-14,24.0
9487,12189,2024-10-14,24.0
9488,12189,2024-11-13,24.0
9489,12189,2024-12-13,24.0
9490,12192,2024-03-13,24.0
9491,12195,2024-04-27,12.0
9492,12201,2024-11-28,24.0
9493,12201,2024-12-28,24.0
9494,12204,2024-12-17,12.0
9495,12210,2024-03-17,12.0
9496,12210,2024-04-16,12.0
9497,12210,2024-05-16,12.0
9498,12210,2024-06-15,12.0
9499,12210,2024-07-15,12.0
9500,12210,2024-08-14,12.0
9501,12210,2024-09-13,12.0
9502,12210,2024-10-13,12.0
9503,12210,2024-11-12,12.0
9504,12210,2024-12-12,12.0
9505,12225,2024-02-13,12.0
9506,12232,2024-12-21,12.0
9507,12237,2024-10-04,12.0
9508,12237,2024-11-03,12.0
9509,12237,2024-12-03,12.0
9510,12241,2024-09-30,12.0
9511,12241,2024-10-30,12.0
9512,12241,2024-11-29,12.0
9513,12241,2024-12-29,12.0
9514,12256,2024-12-14,12.0
9515,12263,2024-07-17,12.0
9516,12268,2024-03-26,12.0
9517,12268,2024-04-25,12.0
9518,12268,2024-05-25,12.0
9519,12268,2024-06-24,12.0
9520,12268,2024-07-24,12.0
9521,12268,2024-08-23,12.0
9522,12268,2024-09-22,12.0
9523,12268,2024-10-22,12.0
9524,12268,2024-11-21,12.0
9525,12268,2024-12-21,12.0
9526,12269,2024-02-06,24.0
9527,12271,2024-12-04,12.0
9528,12277,2024-12-27,12.0
9529,12283,2025-01-01,12.0
9530,12284,2024-05-08,12.0
9531,12284,2024-06-07,12.0
9532,12284,2024-07-07,12.0
9533,12284,2024-08-06,12.0
9534,12284,2024-09-05,12.0
9535,12284,2024-10-05,12.0
9536,12284,2024-11-04,12.0
9537,12284,2024-12-04,12.0
9538,12289,2024-12-26,24.0
9539,12299,2024-04-08,24.0
9540,12303,2024-12-08,12.0
9541,12305,2024-09-27,12.0
9542,12305,2024-10-27,12.0
9543,12305,2024-11-26,12.0
9544,12305,2024-12-26,12.0
9545,12306,2024-06-16,24.0
9546,12308,2024-11-22,12.0
9547,12308,2024-12-22,12.0
9548,12312,2024-07-31,12.0
9549,12312,2024-08-30,12.0
9550,12312,2024-09-29,12.0
9551,12312,2024-10-29,12.0
9552,12312,2024-11-28,12.0
9553,12312,2024-12-28,12.0
9554,12314,2024-07-24,12.0
9555,12314,2024-08-23,12.0
9556,12314,2024-09-22,12.0
9557,12314,2024-10-22,12.0
9558,12314,2024-11-21,12.0
9559,12314,2024-12-21,12.0
9560,12328,2024-03-16,12.0
9561,12328,2024-04-15,12.0
9562,12328,2024-05-15,12.0
9563,12328,2024-06-14,12.0
9564,12328,2024-07-14,12.0
9565,12328,2024-08-13,12.0
9566,12328,2024-09-12,12.0
9567,12328,2024-10-12,12.0
9568,12328,2024-11-11,12.0
9569,12328,2024-12-11,12.0
9570,12332,2024-09-17,12.0
9571,12332,2024-10-17,12.0
9572,12332,2024-11-16,12.0
9573,12332,2024-12-16,12.0
9574,12334,2024-05-18,24.0
9575,12337,2024-02-24,12.0
9576,12338,2024-08-07,12.0
9577,12343,2024-02-29,12.0
9578,12343,2024-03-30,12.0
9579,12343,2024-04-29,12.0
9580,12343,2024-05-29,12.0
9581,12343,2024-06-28,12.0
9582,12343,2024-07-28,12.0
9583,12343,2024-08-27,12.0
9584,12343,2024-09-26,12.0
9585,12343,2024-10-26,12.0
9586,12343,2024-11-25,12.0
9587,12343,2024-12-25,12.0
9588,12345,2024-11-11,12.0
9589,12345,2024-12-11,12.0
9590,12350,2024-04-23,12.0
9591,12350,2024-05-23,12.0
9592,12350,2024-06-22,12.0
9593,12350,2024-07-22,12.0
9594,12350,2024-08-21,12.0
9595,12350,2024-09-20,12.0
9596,12350,2024-10-20,12.0
9597,12350,2024-11-19,12.0
9598,12350,2024-12-19,12.0
9599,12351,2024-12-05,12.0
9600,12356,2024-07-06,12.0
9601,12361,2024-02-07,12.0
9602,12361,2024-03-08,12.0
9603,12361,2024-04-07,12.0
9604,12361,2024-05-07,12.0
9605,12361,2024-06-06,12.0
9606,12361,2024-07-06,12.0
9607,12361,2024-08-05,12.0
9608,12361,2024-09-04,12.0
9609,12361,2024-10-04,12.0
9610,12361,2024-11-03,12.0
9611,12361,2024-12-03,12.0
9612,12362,2024-08-12,12.0
9613,12377,2024-02-19,12.0
9614,12377,2024-03-20,12.0
9615,12377,2024-04-19,12.0
9616,12377,2024-05-19,12.0
9617,12377,2024-06-18,12.0
9618,12377,2024-07-18,12.0
9619,12377,2024-08-17,12.0
9620,12377,2024-09-16,12.0
9621,12377,2024-10-16,12.0
9622,12377,2024-11-15,12.0
9623,12377,2024-12-15,12.0
9624,12378,2024-12-02,12.0
9625,12381,2024-11-07,24.0
9626,12381,2024-12-07,24.0
9627,12385,2024-08-22,12.0
9628,12385,2024-09-21,12.0
9629,12385,2024-10-21,12.0
9630,12385,2024-11-20,12.0
9631,12385,2024-12-20,12.0
9632,12388,2024-08-30,12.0
9633,12392,2024-08-06,12.0
9634,12392,2024-09-05,12.0
9635,12392,2024-10-05,12.0
9636,12392,2024-11-04,12.0
9637,12392,2024-12-04,12.0
9638,12395,2024-02-15,12.0
9639,12399,2024-02-25,24.0
9640,12399,2024-03-26,24.0
9641,12399,2024-04-25,24.0
9642,12399,2024-05-25,24.0
9643,12399,2024-06-24,24.0
9644,12399,2024-07-24,24.0
9645,12399,2024-08-23,24.0
9646,12399,2024-09-22,24.0
9647,12399,2024-10-22,24.0
9648,12399,2024-11-21,24.0
9649,12399,2024-12-21,24.0
9650,12401,2024-09-30,12.0
9651,12401,2024-10-30,12.0
9652,12401,2024-11-29,12.0
9653,12401,2024-12-29,12.0
9654,12404,2024-06-23,12.0
9655,12404,2024-07-23,12.0
9656,12404,2024-08-22,12.0
9657,12404,2024-09-21,12.0
9658,12404,2024-10-21,12.0
9659,12404,2024-11-20,12.0
9660,12404,2024-12-20,12.0
9661,12409,2024-09-20,12.0
9662,12409,2024-10-20,12.0
9663,12409,2024-11-19,12.0
9664,12409,2024-12-19,12.0
9665,12411,2024-10-04,12.0
9666,12411,2024-11-03,12.0
9667,12411,2024-12-03,12.0
9668,12426,2024-01-28,12.0
9669,12426,2024-02-27,12.0
9670,12426,2024-03-28,12.0
9671,12426,2024-04-27,12.0
9672,12426,2024-05-27,12.0
9673,12426,2024-06-26,12.0
9674,12426,2024-07-26,12.0
9675,12426,2024-08-25,12.0
9676,12426,2024-09-24,12.0
9677,12426,2024-10-24,12.0
9678,12426,2024-11-23,12.0
9679,12426,2024-12-23,12.0
9680,12434,2025-01-05,12.0
9681,12442,2024-09-18,12.0
9682,12442,2024-10-18,12.0
9683,12442,2024-11-17,12.0
9684,12442,2024-12-17,12.0
9685,12444,2024-04-18,12.0
9686,12457,2024-04-18,12.0
9687,12457,2024-05-18,12.0
9688,12457,2024-06-17,12.0
9689,12457,2024-07-17,12.0
9690,12457,2024-08-16,12.0
9691,12457,2024-09-15,12.0
9692,12457,2024-10-15,12.0
9693,12457,2024-11-14,12.0
9694,12457,2024-12-14,12.0
9695,12460,2024-03-12,24.0
9696,12460,2024-04-11,24.0
9697,12460,2024-05-11,24.0
9698,12460,2024-06-10,24.0
9699,12460,2024-07-10,24.0
9700,12460,2024-08-09,24.0
9701,12460,2024-09-08,24.0
9702,12460,2024-10-08,24.0
9703,12460,2024-11-07,24.0
9704,12460,2024-12-07,24.0
9705,12488,2024-07-08,12.0
9706,12488,2024-08-07,12.0
9707,12488,2024-09-06,12.0
9708,12488,2024-10-06,12.0
9709,12488,2024-11-05,12.0
9710,12488,2024-12-05,12.0
9711,12501,2024-10-20,12.0
9712,12501,2024-11-19,12.0
9713,12501,2024-12-19,12.0
9714,12502,2024-02-18,12.0
9715,12508,2024-08-03,24.0
9716,12508,2024-09-02,24.0
9717,12508,2024-10-02,24.0
9718,12508,2024-11-01,24.0
9719,12508,2024-12-01,24.0
9720,12508,2024-12-31,24.0
9721,12524,2024-04-24,12.0
9722,12524,2024-05-24,12.0
9723,12524,2024-06-23,12.0
9724,12524,2024-07-23,12.0
9725,12524,2024-08-22,12.0
9726,12524,2024-09-21,12.0
9727,12524,2024-10-21,12.0
9728,12524,2024-11-20,12.0
9729,12524,2024-12-20,12.0
9730,12535,2024-05-21,24.0
9731,12538,2024-08-16,24.0
9732,12538,2024-09-15,24.0
9733,12538,2024-10-15,24.0
9734,12538,2024-11-14,24.0
9735,12538,2024-12-14,24.0
9736,12539,2024-11-30,12.0
9737,12540,2024-09-28,24.0
9738,12547,2024-11-26,12.0
9739,12547,2024-12-26,12.0
9740,12548,2024-04-08,24.0
9741,12554,2024-08-02,12.0
9742,12565,2024-06-05,12.0
9743,12565,2024-07-05,12.0
9744,12565,2024-08-04,12.0
9745,12565,2024-09-03,12.0
9746,12565,2024-10-03,12.0
9747,12565,2024-11-02,12.0
9748,12565,2024-12-02,12.0
9749,12567,2024-07-02,12.0
9750,12573,2024-09-14,12.0
9751,12574,2024-04-27,24.0
9752,12574,2024-05-27,24.0
9753,12574,2024-06-26,24.0
9754,12574,2024-07-26,24.0
9755,12574,2024-08-25,24.0
9756,12574,2024-09-24,24.0
9757,12574,2024-10-24,24.0
9758,12574,2024-11-23,24.0
9759,12574,2024-12-23,24.0
9760,12575,2024-09-08,12.0
9761,12575,2024-10-08,12.0
9762,12575,2024-11-07,12.0
9763,12575,2024-12-07,12.0
9764,12577,2024-07-04,12.0
9765,12577,2024-08-03,12.0
9766,12577,2024-09-02,12.0
9767,12577,2024-10-02,12.0
9768,12577,2024-11-01,12.0
9769,12577,2024-12-01,12.0
9770,12577,2024-12-31,12.0
9771,12580,2024-07-19,12.0
9772,12580,2024-08-18,12.0
9773,12580,2024-09-17,12.0
9774,12580,2024-10-17,12.0
9775,12580,2024-11-16,12.0
9776,12580,2024-12-16,12.0
9777,12586,2024-05-28,12.0
9778,12586,2024-06-27,12.0
9779,12586,2024-07-27,12.0
9780,12586,2024-08-26,12.0
9781,12586,2024-09-25,12.0
9782,12586,2024-10-25,12.0
9783,12586,2024-11-24,12.0
9784,12586,2024-12-24,12.0
9785,12595,2024-09-16,12.0
9786,12595,2024-10-16,12.0
9787,12595,2024-11-15,12.0
9788,12595,2024-12-15,12.0
9789,12601,2024-10-23,12.0
9790,12601,2024-11-22,12.0
9791,12601,2024-12-22,12.0
9792,12610,2024-11-26,12.0
9793,12618,2024-07-23,12.0
9794,12618,2024-08-22,12.0
9795,12618,2024-09-21,12.0
9796,12618,2024-10-21,12.0
9797,12618,2024-11-20,12.0
9798,12618,2024-12-20,12.0
9799,12619,2024-05-07,12.0
9800,12621,2024-10-16,24.0
9801,12621,2024-11-15,24.0
9802,12621,2024-12-15,24.0
9803,12623,2024-10-31,24.0
9804,12623,2024-11-30,24.0
9805,12623,2024-12-30,24.0
9806,12628,2024-05-08,12.0
9807,12628,2024-06-07,12.0
9808,12628,2024-07-07,12.0
9809,12628,2024-08-06,12.0
9810,12628,2024-09-05,12.0
9811,12628,2024-10-05,12.0
9812,12628,2024-11-04,12.0
9813,12628,2024-12-04,12.0
9814,12629,2024-05-09,12.0
9815,12629,2024-06-08,12.0
9816,12629,2024-07-08,12.0
9817,12629,2024-08-07,12.0
9818,12629,2024-09-06,12.0
9819,12629,2024-10-06,12.0
9820,12629,2024-11-05,12.0
9821,12629,2024-12-05,12.0
9822,12633,2024-12-30,12.0
9823,12637,2024-01-20,12.0
9824,12637,2024-02-19,12.0
9825,12637,2024-03-20,12.0
9826,12637,2024-04-19,12.0
9827,12637,2024-05-19,12.0
9828,12637,2024-06-18,12.0
9829,12637,2024-07-18,12.0
9830,12637,2024-08-17,12.0
9831,12637,2024-09-16,12.0
9832,12637,2024-10-16,12.0
9833,12637,2024-11-15,12.0
9834,12637,2024-12-15,12.0
9835,12648,2024-05-26,12.0
9836,12649,2024-04-06,12.0
9837,12649,2024-05-06,12.0
9838,12649,2024-06-05,12.0
9839,12649,2024-07-05,12.0
9840,12649,2024-08-04,12.0
9841,12649,2024-09-03,12.0
9842,12649,2024-10-03,12.0
9843,12649,2024-11-02,12.0
9844,12649,2024-12-02,12.0
9845,12668,2024-10-07,12.0
9846,12668,2024-11-06,12.0
9847,12668,2024-12-06,12.0
9848,12671,2024-05-07,24.0
9849,12671,2024-06-06,24.0
9850,12671,2024-07-06,24.0
9851,12671,2024-08-05,24.0
9852,12671,2024-09-04,24.0
9853,12671,2024-10-04,24.0
9854,12671,2024-11-03,24.0
9855,12671,2024-12-03,24.0
9856,12672,2024-12-22,24.0
9857,12676,2024-04-02,12.0
9858,12676,2024-05-02,12.0
9859,12676,2024-06-01,12.0
9860,12676,2024-07-01,12.0
9861,12676,2024-07-31,12.0
9862,12676,2024-08-30,12.0
9863,12676,2024-09-29,12.0
9864,12676,2024-10-29,12.0
9865,12676,2024-11-28,12.0
9866,12676,2024-12-28,12.0
9867,12681,2025-01-08,12.0
9868,12683,2024-02-01,12.0
9869,12683,2024-03-02,12.0
9870,12683,2024-04-01,12.0
9871,12683,2024-05-01,12.0
9872,12683,2024-05-31,12.0
9873,12683,2024-06-30,12.0
9874,12683,2024-07-30,12.0
9875,12683,2024-08-29,12.0
9876,12683,2024-09-28,12.0
9877,12683,2024-10-28,12.0
9878,12683,2024-11-27,12.0
9879,12683,2024-12-27,12.0
9880,12689,2024-03-17,12.0
9881,12697,2024-10-07,24.0
9882,12699,2024-11-02,12.0
9883,12699,2024-12-02,12.0
9884,12718,2024-10-20,12.0
9885,12718,2024-11-19,12.0
9886,12718,2024-12-19,12.0
9887,12719,2024-06-23,24.0
9888,12719,2024-07-23,24.0
9889,12719,2024-08-22,24.0
9890,12719,2024-09-21,24.0
9891,12719,2024-10-21,24.0
9892,12719,2024-11-20,24.0
9893,12719,2024-12-20,24.0
9894,12732,2024-02-28,24.0
9895,12732,2024-03-29,24.0
9896,12732,2024-04-28,24.0
9897,12732,2024-05-28,24.0
9898,12732,2024-06-27,24.0
9899,12732,2024-07-27,24.0
9900,12732,2024-08-26,24.0
9901,12732,2024-09-25,24.0
9902,12732,2024-10-25,24.0
9903,12732,2024-11-24,24.0
9904,12732,2024-12-24,24.0
9905,12736,2025-01-14,12.0
9906,12740,2024-10-15,12.0
9907,12740,2024-11-14,12.0
9908,12740,2024-12-14,12.0
9909,12746,2024-02-17,12.0
9910,12746,2024-03-18,12.0
9911,12746,2024-04-17,12.0
9912,12746,2024-05-17,12.0
9913,12746,2024-06-16,12.0
9914,12746,2024-07-16,12.0
9915,12746,2024-08-15,12.0
9916,12746,2024-09-14,12.0
9917,12746,2024-10-14,12.0
9918,12746,2024-11-13,12.0
9919,12746,2024-12-13,12.0
9920,12750,2024-06-01,24.0
9921,12751,2024-12-17,24.0
9922,12755,2024-12-24,24.0
9923,12758,2024-05-17,12.0
9924,12758,2024-06-16,12.0
9925,12758,2024-07-16,12.0
9926,12758,2024-08-15,12.0
9927,12758,2024-09-14,12.0
9928,12758,2024-10-14,12.0
9929,12758,2024-11-13,12.0
9930,12758,2024-12-13,12.0
9931,12761,2024-11-18,24.0
9932,12761,2024-12-18,24.0
9933,12767,2024-02-29,12.0
9934,12767,2024-03-30,12.0
9935,12767,2024-04-29,12.0
9936,12767,2024-05-29,12.0
9937,12767,2024-06-28,12.0
9938,12767,2024-07-28,12.0
9939,12767,2024-08-27,12.0
9940,12767,2024-09-26,12.0
9941,12767,2024-10-26,12.0
9942,12767,2024-11-25,12.0
9943,12767,2024-12-25,12.0
9944,12769,2024-09-06,12.0
9945,12769,2024-10-06,12.0
9946,12769,2024-11-05,12.0
9947,12769,2024-12-05,12.0
9948,12770,2024-03-13,12.0
9949,12770,2024-04-12,12.0
9950,12770,2024-05-12,12.0
9951,12770,2024-06-11,12.0
9952,12770,2024-07-11,12.0
9953,12770,2024-08-10,12.0
9954,12770,2024-09-09,12.0
9955,12770,2024-10-09,12.0
9956,12770,2024-11-08,12.0
9957,12770,2024-12-08,12.0
9958,12773,2024-10-08,12.0
9959,12781,2024-02-26,12.0
9960,12785,2024-09-03,12.0
9961,12785,2024-10-03,12.0
9962,12785,2024-11-02,12.0
9963,12785,2024-12-02,12.0
9964,12786,2024-05-30,12.0
9965,12801,2024-12-24,24.0
9966,12811,2024-10-16,12.0
9967,12811,2024-11-15,12.0
9968,12811,2024-12-15,12.0
9969,12814,2024-05-05,12.0
9970,12814,2024-06-04,12.0
9971,12814,2024-07-04,12.0
9972,12814,2024-08-03,12.0
9973,12814,2024-09-02,12.0
9974,12814,2024-10-02,12.0
9975,12814,2024-11-01,12.0
9976,12814,2024-12-01,12.0
9977,12814,2024-12-31,12.0
9978,12831,2024-06-14,24.0
9979,12841,2024-08-23,24.0
9980,12841,2024-09-22,24.0
9981,12841,2024-10-22,24.0
9982,12841,2024-11-21,24.0
9983,12841,2024-12-21,24.0
9984,12845,2024-04-01,12.0
9985,12845,2024-05-01,12.0
9986,12845,2024-05-31,12.0
9987,12845,2024-06-30,12.0
9988,12845,2024-07-30,12.0
9989,12845,2024-08-29,12.0
9990,12845,2024-09-28,12.0
9991,12845,2024-10-28,12.0
9992,12845,2024-11-27,12.0
9993,12845,2024-12-27,12.0
9994,12847,2024-07-04,12.0
9995,12847,2024-08-03,12.0
9996,12847,2024-09-02,12.0
9997,12847,2024-10-02,12.0
9998,12847,2024-11-01,12.0
9999,12847,2024-12-01,12.0
10000,12847,2024-12-31,12.0
10001,12850,2024-09-11,12.0
10002,12850,2024-10-11,12.0
10003,12850,2024-11-10,12.0
10004,12850,2024-12-10,12.0
10005,12858,2024-02-17,12.0
10006,12858,2024-03-18,12.0
10007,12858,2024-04-17,12.0
10008,12858,2024-05-17,12.0
10009,12858,2024-06-16,12.0
10010,12858,2024-07-16,12.0
10011,12858,2024-08-15,12.0
10012,12858,2024-09-14,12.0
10013,12858,2024-10-14,12.0
10014,12858,2024-11-13,12.0
10015,12858,2024-12-13,12.0
10016,12860,2024-08-23,24.0
10017,12865,2024-09-10,12.0
10018,12865,2024-10-10,12.0
10019,12865,2024-11-09,12.0
10020,12865,2024-12-09,12.0
10021,12869,2024-03-20,12.0
10022,12871,2024-12-13,12.0
10023,12872,2024-03-06,12.0
10024,12873,2024-01-26,12.0
10025,12873,2024-02-25,12.0
10026,12873,2024-03-26,12.0
10027,12873,2024-04-25,12.0
10028,12873,2024-05-25,12.0
10029,12873,2024-06-24,12.0
10030,12873,2024-07-24,12.0
10031,12873,2024-08-23,12.0
10032,12873,2024-09-22,12.0
10033,12873,2024-10-22,12.0
10034,12873,2024-11-21,12.0
10035,12873,2024-12-21,12.0
10036,12875,2024-06-10,24.0
10037,12876,2024-06-23,12.0
10038,12876,2024-07-23,12.0
10039,12876,2024-08-22,12.0
10040,12876,2024-09-21,12.0
10041,12876,2024-10-21,12.0
10042,12876,2024-11-20,12.0
10043,12876,2024-12-20,12.0
10044,12878,2024-03-30,12.0
10045,12878,2024-04-29,12.0
10046,12878,2024-05-29,12.0
10047,12878,2024-06-28,12.0
10048,12878,2024-07-28,12.0
10049,12878,2024-08-27,12.0
10050,12878,2024-09-26,12.0
10051,12878,2024-10-26,12.0
10052,12878,2024-11-25,12.0
10053,12878,2024-12-25,12.0
10054,12882,2024-10-04,12.0
10055,12882,2024-11-03,12.0
10056,12882,2024-12-03,12.0
10057,12884,2024-12-04,12.0
10058,12887,2024-05-26,12.0
10059,12887,2024-06-25,12.0
10060,12887,2024-07-25,12.0
10061,12887,2024-08-24,12.0
10062,12887,2024-09-23,12.0
10063,12887,2024-10-23,12.0
10064,12887,2024-11-22,12.0
10065,12887,2024-12-22,12.0
10066,12888,2024-04-24,12.0
10067,12888,2024-05-24,12.0
10068,12888,2024-06-23,12.0
10069,12888,2024-07-23,12.0
10070,12888,2024-08-22,12.0
10071,12888,2024-09-21,12.0
10072,12888,2024-10-21,12.0
10073,12888,2024-11-20,12.0
10074,12888,2024-12-20,12.0
10075,12894,2024-03-07,12.0
10076,12897,2024-05-07,24.0
10077,12898,2024-08-29,24.0
10078,12898,2024-09-28,24.0
10079,12898,2024-10-28,24.0
10080,12898,2024-11-27,24.0
10081,12898,2024-12-27,24.0
10082,12900,2024-06-05,12.0
10083,12900,2024-07-05,12.0
10084,12900,2024-08-04,12.0
10085,12900,2024-09-03,12.0
10086,12900,2024-10-03,12.0
10087,12900,2024-11-02,12.0
10088,12900,2024-12-02,12.0
10089,12903,2024-11-08,24.0
10090,12914,2024-12-21,12.0
10091,12915,2024-03-21,24.0
10092,12915,2024-04-20,24.0
10093,12915,2024-05-20,24.0
10094,12915,2024-06-19,24.0
10095,12915,2024-07-19,24.0
10096,12915,2024-08-18,24.0
10097,12915,2024-09-17,24.0
10098,12915,2024-10-17,24.0
10099,12915,2024-11-16,24.0
10100,12915,2024-12-16,24.0
10101,12920,2024-09-16,12.0
10102,12931,2024-08-17,12.0
10103,12931,2024-09-16,12.0
10104,12931,2024-10-16,12.0
10105,12931,2024-11-15,12.0
10106,12931,2024-12-15,12.0
10107,12938,2024-05-25,12.0
10108,12954,2024-08-12,12.0
10109,12954,2024-09-11,12.0
10110,12954,2024-10-11,12.0
10111,12954,2024-11-10,12.0
10112,12954,2024-12-10,12.0
10113,12955,2024-12-18,12.0
10114,12963,2024-11-07,12.0
10115,12963,2024-12-07,12.0
10116,12964,2024-11-01,12.0
10117,12964,2024-12-01,12.0
10118,12964,2024-12-31,12.0
10119,12968,2024-04-09,12.0
10120,12968,2024-05-09,12.0
10121,12968,2024-06-08,12.0
10122,12968,2024-07-08,12.0
10123,12968,2024-08-07,12.0
10124,12968,2024-09-06,12.0
10125,12968,2024-10-06,12.0
10126,12968,2024-11-05,12.0
10127,12968,2024-12-05,12.0
10128,12973,2024-11-21,12.0
10129,12973,2024-12-21,12.0
10130,12974,2024-11-26,24.0
10131,12974,2024-12-26,24.0
10132,12983,2024-10-24,24.0
10133,12983,2024-11-23,24.0
10134,12983,2024-12-23,24.0
10135,12987,2024-12-17,12.0
10136,12994,2024-04-03,24.0
10137,12994,2024-05-03,24.0
10138,12994,2024-06-02,24.0
10139,12994,2024-07-02,24.0
10140,12994,2024-08-01,24.0
10141,12994,2024-08-31,24.0
10142,12994,2024-09-30,24.0
10143,12994,2024-10-30,24.0
10144,12994,2024-11-29,24.0
10145,12994,2024-12-29,24.0
10146,13000,2024-08-17,12.0
10147,13000,2024-09-16,12.0
10148,13000,2024-10-16,12.0
10149,13000,2024-11-15,12.0
10150,13000,2024-12-15,12.0
10151,13008,2024-07-05,24.0
10152,13008,2024-08-04,24.0
10153,13008,2024-09-03,24.0
10154,13008,2024-10-03,24.0
10155,13008,2024-11-02,24.0
10156,13008,2024-12-02,24.0
10157,13012,2024-09-07,12.0
10158,13012,2024-10-07,12.0
10159,13012,2024-11-06,12.0
10160,13012,2024-12-06,12.0
10161,13019,2024-06-19,12.0
10162,13023,2024-09-08,24.0
10163,13025,2024-03-01,24.0
10164,13028,2024-07-21,12.0
10165,13028,2024-08-20,12.0
10166,13028,2024-09-19,12.0
10167,13028,2024-10-19,12.0
10168,13028,2024-11-18,12.0
10169,13028,2024-12-18,12.0
10170,13029,2024-04-25,12.0
10171,13031,2024-01-19,12.0
10172,13031,2024-02-18,12.0
10173,13031,2024-03-19,12.0
10174,13031,2024-04-18,12.0
10175,13031,2024-05-18,12.0
10176,13031,2024-06-17,12.0
10177,13031,2024-07-17,12.0
10178,13031,2024-08-16,12.0
10179,13031,2024-09-15,12.0
10180,13031,2024-10-15,12.0
10181,13031,2024-11-14,12.0
10182,13031,2024-12-14,12.0
10183,13033,2024-03-07,24.0
10184,13033,2024-04-06,24.0
10185,13033,2024-05-06,24.0
10186,13033,2024-06-05,24.0
10187,13033,2024-07-05,24.0
10188,13033,2024-08-04,24.0
10189,13033,2024-09-03,24.0
10190,13033,2024-10-03,24.0
10191,13033,2024-11-02,24.0
10192,13033,2024-12-02,24.0
10193,13034,2024-03-11,12.0
10194,13035,2024-01-18,24.0
10195,13035,2024-02-17,24.0
10196,13035,2024-03-18,24.0
10197,13035,2024-04-17,24.0
10198,13035,2024-05-17,24.0
10199,13035,2024-06-16,24.0
10200,13035,2024-07-16,24.0
10201,13035,2024-08-15,24.0
10202,13035,2024-09-14,24.0
10203,13035,2024-10-14,24.0
10204,13035,2024-11-13,24.0
10205,13035,2024-12-13,24.0
10206,13041,2025-01-06,12.0
10207,13052,2024-11-20,24.0
10208,13054,2024-06-19,12.0
10209,13054,2024-07-19,12.0
10210,13054,2024-08-18,12.0
10211,13054,2024-09-17,12.0
10212,13054,2024-10-17,12.0
10213,13054,2024-11-16,12.0
10214,13054,2024-12-16,12.0
10215,13059,2024-06-24,12.0
10216,13059,2024-07-24,12.0
10217,13059,2024-08-23,12.0
10218,13059,2024-09-22,12.0
10219,13059,2024-10-22,12.0
10220,13059,2024-11-21,12.0
10221,13059,2024-12-21,12.0
10222,13071,2024-09-27,12.0
10223,13071,2024-10-27,12.0
10224,13071,2024-11-26,12.0
10225,13071,2024-12-26,12.0
10226,13074,2024-04-24,12.0
10227,13080,2025-01-12,24.0
10228,13081,2024-07-09,24.0
10229,13081,2024-08-08,24.0
10230,13081,2024-09-07,24.0
10231,13081,2024-10-07,24.0
10232,13081,2024-11-06,24.0
10233,13081,2024-12-06,24.0
10234,13085,2024-07-25,24.0
10235,13085,2024-08-24,24.0
10236,13085,2024-09-23,24.0
10237,13085,2024-10-23,24.0
10238,13085,2024-11-22,24.0
10239,13085,2024-12-22,24.0
10240,13088,2024-03-10,12.0
10241,13092,2024-10-05,12.0
10242,13092,2024-11-04,12.0
10243,13092,2024-12-04,12.0
10244,13108,2024-06-01,12.0
10245,13117,2024-08-17,12.0
10246,13117,2024-09-16,12.0
10247,13117,2024-10-16,12.0
10248,13117,2024-11-15,12.0
10249,13117,2024-12-15,12.0
10250,13120,2024-09-13,12.0
10251,13127,2024-09-12,12.0
10252,13133,2024-06-04,24.0
10253,13133,2024-07-04,24.0
10254,13133,2024-08-03,24.0
10255,13133,2024-09-02,24.0
10256,13133,2024-10-02,24.0
10257,13133,2024-11-01,24.0
10258,13133,2024-12-01,24.0
10259,13133,2024-12-31,24.0
10260,13134,2024-08-05,24.0
10261,13153,2024-06-23,12.0
10262,13153,2024-07-23,12.0
10263,13153,2024-08-22,12.0
10264,13153,2024-09-21,12.0
10265,13153,2024-10-21,12.0
10266,13153,2024-11-20,12.0
10267,13153,2024-12-20,12.0
10268,13162,2024-04-10,12.0
10269,13162,2024-05-10,12.0
10270,13162,2024-06-09,12.0
10271,13162,2024-07-09,12.0
10272,13162,2024-08-08,12.0
10273,13162,2024-09-07,12.0
10274,13162,2024-10-07,12.0
10275,13162,2024-11-06,12.0
10276,13162,2024-12-06,12.0
10277,13166,2024-09-15,12.0
10278,13167,2024-04-01,24.0
10279,13169,2024-07-18,24.0
10280,13169,2024-08-17,24.0
10281,13169,2024-09-16,24.0
10282,13169,2024-10-16,24.0
10283,13169,2024-11-15,24.0
10284,13169,2024-12-15,24.0
10285,13181,2024-07-17,12.0
10286,13181,2024-08-16,12.0
10287,13181,2024-09-15,12.0
10288,13181,2024-10-15,12.0
10289,13181,2024-11-14,12.0
10290,13181,2024-12-14,12.0
10291,13186,2024-05-05,12.0
10292,13186,2024-06-04,12.0
10293,13186,2024-07-04,12.0
10294,13186,2024-08-03,12.0
10295,13186,2024-09-02,12.0
10296,13186,2024-10-02,12.0
10297,13186,2024-11-01,12.0
10298,13186,2024-12-01,12.0
10299,13186,2024-12-31,12.0
10300,13191,2024-05-09,12.0
10301,13191,2024-06-08,12.0
10302,13191,2024-07-08,12.0
10303,13191,2024-08-07,12.0
10304,13191,2024-09-06,12.0
10305,13191,2024-10-06,12.0
10306,13191,2024-11-05,12.0
10307,13191,2024-12-05,12.0
10308,13194,2024-06-08,24.0
10309,13194,2024-07-08,24.0
10310,13194,2024-08-07,24.0
10311,13194,2024-09-06,24.0
10312,13194,2024-10-06,24.0
10313,13194,2024-11-05,24.0
10314,13194,2024-12-05,24.0
10315,13197,2024-12-05,12.0
10316,13199,2024-01-19,24.0
10317,13200,2024-06-28,12.0
10318,13215,2024-11-21,12.0
10319,13215,2024-12-21,12.0
10320,13218,2024-08-30,24.0
10321,13224,2024-04-14,12.0
10322,13231,2024-07-16,24.0
10323,13242,2024-05-23,12.0
10324,13242,2024-06-22,12.0
10325,13242,2024-07-22,12.0
10326,13242,2024-08-21,12.0
10327,13242,2024-09-20,12.0
10328,13242,2024-10-20,12.0
10329,13242,2024-11-19,12.0
10330,13242,2024-12-19,12.0
10331,13243,2025-01-11,12.0
10332,13245,2024-05-16,24.0
10333,13245,2024-06-15,24.0
10334,13245,2024-07-15,24.0
10335,13245,2024-08-14,24.0
10336,13245,2024-09-13,24.0
10337,13245,2024-10-13,24.0
10338,13245,2024-11-12,24.0
10339,13245,2024-12-12,24.0
10340,13250,2024-03-15,12.0
10341,13250,2024-04-14,12.0
10342,13250,2024-05-14,12.0
10343,13250,2024-06-13,12.0
10344,13250,2024-07-13,12.0
10345,13250,2024-08-12,12.0
10346,13250,2024-09-11,12.0
10347,13250,2024-10-11,12.0
10348,13250,2024-11-10,12.0
10349,13250,2024-12-10,12.0
10350,13251,2024-10-30,12.0
10351,13251,2024-11-29,12.0
10352,13251,2024-12-29,12.0
10353,13259,2024-02-04,12.0
10354,13259,2024-03-05,12.0
10355,13259,2024-04-04,12.0
10356,13259,2024-05-04,12.0
10357,13259,2024-06-03,12.0
10358,13259,2024-07-03,12.0
10359,13259,2024-08-02,12.0
10360,13259,2024-09-01,12.0
10361,13259,2024-10-01,12.0
10362,13259,2024-10-31,12.0
10363,13259,2024-11-30,12.0
10364,13259,2024-12-30,12.0
10365,13276,2024-12-28,12.0
10366,13278,2025-01-08,12.0
10367,13281,2024-05-21,24.0
10368,13281,2024-06-20,24.0
10369,13281,2024-07-20,24.0
10370,13281,2024-08-19,24.0
10371,13281,2024-09-18,24.0
10372,13281,2024-10-18,24.0
10373,13281,2024-11-17,24.0
10374,13281,2024-12-17,24.0
10375,13294,2024-04-07,24.0
10376,13294,2024-05-07,24.0
10377,13294,2024-06-06,24.0
10378,13294,2024-07-06,24.0
10379,13294,2024-08-05,24.0
10380,13294,2024-09-04,24.0
10381,13294,2024-10-04,24.0
10382,13294,2024-11-03,24.0
10383,13294,2024-12-03,24.0
10384,13309,2024-03-19,12.0
10385,13319,2024-10-29,12.0
10386,13319,2024-11-28,12.0
10387,13319,2024-12-28,12.0
10388,13340,2024-02-03,12.0
10389,13346,2024-11-27,12.0
10390,13352,2024-12-11,12.0
10391,13354,2024-10-22,24.0
10392,13355,2024-11-13,24.0
10393,13355,2024-12-13,24.0
10394,13358,2024-02-20,12.0
10395,13378,2024-10-23,12.0
10396,13378,2024-11-22,12.0
10397,13378,2024-12-22,12.0
10398,13383,2024-04-17,12.0
10399,13383,2024-05-17,12.0
10400,13383,2024-06-16,12.0
10401,13383,2024-07-16,12.0
10402,13383,2024-08-15,12.0
10403,13383,2024-09-14,12.0
10404,13383,2024-10-14,12.0
10405,13383,2024-11-13,12.0
10406,13383,2024-12-13,12.0
10407,13408,2024-09-07,24.0
10408,13408,2024-10-07,24.0
10409,13408,2024-11-06,24.0
10410,13408,2024-12-06,24.0
10411,13411,2024-11-13,12.0
10412,13411,2024-12-13,12.0
10413,13423,2025-01-12,12.0
10414,13425,2024-07-13,12.0
10415,13425,2024-08-12,12.0
10416,13425,2024-09-11,12.0
10417,13425,2024-10-11,12.0
10418,13425,2024-11-10,12.0
10419,13425,2024-12-10,12.0
10420,13426,2024-06-04,12.0
10421,13427,2025-01-06,24.0
10422,13436,2024-08-01,12.0
10423,13436,2024-08-31,12.0
10424,13436,2024-09-30,12.0
10425,13436,2024-10-30,12.0
10426,13436,2024-11-29,12.0
10427,13436,2024-12-29,12.0
10428,13447,2024-12-30,12.0
10429,13449,2024-12-10,24.0
10430,13464,2024-05-05,24.0
10431,13465,2024-09-30,12.0
10432,13465,2024-10-30,12.0
10433,13465,2024-11-29,12.0
10434,13465,2024-12-29,12.0
10435,13468,2024-10-21,24.0
10436,13468,2024-11-20,24.0
10437,13468,2024-12-20,24.0
10438,13473,2024-02-07,12.0
10439,13473,2024-03-08,12.0
10440,13473,2024-04-07,12.0
10441,13473,2024-05-07,12.0
10442,13473,2024-06-06,12.0
10443,13473,2024-07-06,12.0
10444,13473,2024-08-05,12.0
10445,13473,2024-09-04,12.0
10446,13473,2024-10-04,12.0
10447,13473,2024-11-03,12.0
10448,13473,2024-12-03,12.0
10449,13477,2024-07-13,24.0
10450,13478,2024-09-21,24.0
10451,13494,2024-06-24,12.0
10452,13494,2024-07-24,12.0
10453,13494,2024-08-23,12.0
10454,13494,2024-09-22,12.0
10455,13494,2024-10-22,12.0
10456,13494,2024-11-21,12.0
10457,13494,2024-12-21,12.0
10458,13498,2024-07-05,12.0
10459,13498,2024-08-04,12.0
10460,13498,2024-09-03,12.0
10461,13498,2024-10-03,12.0
10462,13498,2024-11-02,12.0
10463,13498,2024-12-02,12.0
10464,13512,2024-06-12,12.0
10465,13512,2024-07-12,12.0
10466,13512,2024-08-11,12.0
10467,13512,2024-09-10,12.0
10468,13512,2024-10-10,12.0
10469,13512,2024-11-09,12.0
10470,13512,2024-12-09,12.0
10471,13514,2024-08-03,12.0
10472,13518,2024-02-29,12.0
10473,13518,2024-03-30,12.0
10474,13518,2024-04-29,12.0
10475,13518,2024-05-29,12.0
10476,13518,2024-06-28,12.0
10477,13518,2024-07-28,12.0
10478,13518,2024-08-27,12.0
10479,13518,2024-09-26,12.0
10480,13518,2024-10-26,12.0
10481,13518,2024-11-25,12.0
10482,13518,2024-12-25,12.0
10483,13524,2024-04-19,24.0
10484,13535,2024-08-26,12.0
10485,13541,2024-03-01,12.0
10486,13541,2024-03-31,12.0
10487,13541,2024-04-30,12.0
10488,13541,2024-05-30,12.0
10489,13541,2024-06-29,12.0
10490,13541,2024-07-29,12.0
10491,13541,2024-08-28,12.0
10492,13541,2024-09-27,12.0
10493,13541,2024-10-27,12.0
10494,13541,2024-11-26,12.0
10495,13541,2024-12-26,12.0
10496,13554,2025-01-05,12.0
10497,13555,2024-12-23,24.0
10498,13564,2024-06-14,12.0
10499,13564,2024-07-14,12.0
10500,13564,2024-08-13,12.0
10501,13564,2024-09-12,12.0
10502,13564,2024-10-12,12.0
10503,13564,2024-11-11,12.0
10504,13564,2024-12-11,12.0
10505,13566,2024-10-21,24.0
10506,13566,2024-11-20,24.0
10507,13566,2024-12-20,24.0
10508,13570,2024-12-05,12.0
10509,13573,2025-01-02,12.0
10510,13578,2025-01-11,12.0
10511,13579,2024-11-29,12.0
10512,13579,2024-12-29,12.0
10513,13585,2024-08-09,12.0
10514,13585,2024-09-08,12.0
10515,13585,2024-10-08,12.0
10516,13585,2024-11-07,12.0
10517,13585,2024-12-07,12.0
10518,13587,2024-07-20,12.0
10519,13587,2024-08-19,12.0
10520,13587,2024-09-18,12.0
10521,13587,2024-10-18,12.0
10522,13587,2024-11-17,12.0
10523,13587,2024-12-17,12.0
10524,13588,2024-11-07,12.0
10525,13599,2024-06-02,12.0
10526,13599,2024-07-02,12.0
10527,13599,2024-08-01,12.0
10528,13599,2024-08-31,12.0
10529,13599,2024-09-30,12.0
10530,13599,2024-10-30,12.0
10531,13599,2024-11-29,12.0
10532,13599,2024-12-29,12.0
10533,13608,2025-01-04,12.0
10534,13615,2024-12-06,24.0
10535,13617,2024-02-21,12.0
10536,13618,2025-01-11,12.0
10537,13619,2024-01-20,24.0
10538,13620,2024-10-11,24.0
10539,13620,2024-11-10,24.0
10540,13620,2024-12-10,24.0
10541,13623,2024-11-06,12.0
10542,13625,2024-02-06,24.0
10543,13625,2024-03-07,24.0
10544,13625,2024-04-06,24.0
10545,13625,2024-05-06,24.0
10546,13625,2024-06-05,24.0
10547,13625,2024-07-05,24.0
10548,13625,2024-08-04,24.0
10549,13625,2024-09-03,24.0
10550,13625,2024-10-03,24.0
10551,13625,2024-11-02,24.0
10552,13625,2024-12-02,24.0
10553,13628,2024-05-20,12.0
10554,13628,2024-06-19,12.0
10555,13628,2024-07-19,12.0
10556,13628,2024-08-18,12.0
10557,13628,2024-09-17,12.0
10558,13628,2024-10-17,12.0
10559,13628,2024-11-16,12.0
10560,13628,2024-12-16,12.0
10561,13632,2024-11-29,12.0
10562,13639,2024-11-28,12.0
10563,13639,2024-12-28,12.0
10564,13644,2024-03-17,12.0
10565,13645,2024-04-21,12.0
10566,13646,2024-11-08,12.0
10567,13652,2024-05-05,12.0
10568,13652,2024-06-04,12.0
10569,13652,2024-07-04,12.0
10570,13652,2024-08-03,12.0
10571,13652,2024-09-02,12.0
10572,13652,2024-10-02,12.0
10573,13652,2024-11-01,12.0
10574,13652,2024-12-01,12.0
10575,13652,2024-12-31,12.0
10576,13653,2024-03-26,24.0
10577,13653,2024-04-25,24.0
10578,13653,2024-05-25,24.0
10579,13653,2024-06-24,24.0
10580,13653,2024-07-24,24.0
10581,13653,2024-08-23,24.0
10582,13653,2024-09-22,24.0
10583,13653,2024-10-22,24.0
10584,13653,2024-11-21,24.0
10585,13653,2024-12-21,24.0
10586,13654,2024-06-17,12.0
10587,13658,2024-07-25,12.0
10588,13660,2024-03-08,12.0
10589,13660,2024-04-07,12.0
10590,13660,2024-05-07,12.0
10591,13660,2024-06-06,12.0
10592,13660,2024-07-06,12.0
10593,13660,2024-08-05,12.0
10594,13660,2024-09-04,12.0
10595,13660,2024-10-04,12.0
10596,13660,2024-11-03,12.0
10597,13660,2024-12-03,12.0
10598,13666,2024-05-20,12.0
10599,13675,2024-08-17,12.0
10600,13675,2024-09-16,12.0
10601,13675,2024-10-16,12.0
10602,13675,2024-11-15,12.0
10603,13675,2024-12-15,12.0
10604,13676,2025-01-14,12.0
10605,13687,2024-08-03,24.0
10606,13687,2024-09-02,24.0
10607,13687,2024-10-02,24.0
10608,13687,2024-11-01,24.0
10609,13687,2024-12-01,24.0
10610,13687,2024-12-31,24.0
10611,13700,2024-02-10,12.0
10612,13723,2024-10-04,12.0
10613,13724,2024-10-24,12.0
10614,13731,2024-09-10,12.0
10615,13731,2024-10-10,12.0
10616,13731,2024-11-09,12.0
10617,13731,2024-12-09,12.0
10618,13732,2024-07-02,12.0
10619,13732,2024-08-01,12.0
10620,13732,2024-08-31,12.0
10621,13732,2024-09-30,12.0
10622,13732,2024-10-30,12.0
10623,13732,2024-11-29,12.0
10624,13732,2024-12-29,12.0
10625,13735,2024-11-22,12.0
10626,13735,2024-12-22,12.0
10627,13742,2024-09-05,12.0
10628,13743,2024-09-16,12.0
10629,13745,2024-08-19,12.0
10630,13745,2024-09-18,12.0
10631,13745,2024-10-18,12.0
10632,13745,2024-11-17,12.0
10633,13745,2024-12-17,12.0
10634,13746,2024-12-06,12.0
10635,13775,2024-12-07,12.0
10636,13778,2024-11-25,24.0
10637,13778,2024-12-25,24.0
10638,13782,2025-01-11,12.0
10639,13795,2024-04-28,12.0
10640,13795,2024-05-28,12.0
10641,13795,2024-06-27,12.0
10642,13795,2024-07-27,12.0
10643,13795,2024-08-26,12.0
10644,13795,2024-09-25,12.0
10645,13795,2024-10-25,12.0
10646,13795,2024-11-24,12.0
10647,13795,2024-12-24,12.0
10648,13800,2024-09-06,24.0
10649,13800,2024-10-06,24.0
10650,13800,2024-11-05,24.0
10651,13800,2024-12-05,24.0
10652,13804,2024-08-19,12.0
10653,13806,2024-01-26,12.0
10654,13806,2024-02-25,12.0
10655,13806,2024-03-26,12.0
10656,13806,2024-04-25,12.0
10657,13806,2024-05-25,12.0
10658,13806,2024-06-24,12.0
10659,13806,2024-07-24,12.0
10660,13806,2024-08-23,12.0
10661,13806,2024-09-22,12.0
10662,13806,2024-10-22,12.0
10663,13806,2024-11-21,12.0
10664,13806,2024-12-21,12.0
10665,13807,2024-01-30,24.0
10666,13807,2024-02-29,24.0
10667,13807,2024-03-30,24.0
10668,13807,2024-04-29,24.0
10669,13807,2024-05-29,24.0
10670,13807,2024-06-28,24.0
10671,13807,2024-07-28,24.0
10672,13807,2024-08-27,24.0
10673,13807,2024-09-26,24.0
10674,13807,2024-10-26,24.0
10675,13807,2024-11-25,24.0
10676,13807,2024-12-25,24.0
10677,13820,2024-11-12,12.0
10678,13821,2025-01-13,24.0
10679,13827,2024-06-04,12.0
10680,13827,2024-07-04,12.0
10681,13827,2024-08-03,12.0
10682,13827,2024-09-02,12.0
10683,13827,2024-10-02,12.0
10684,13827,2024-11-01,12.0
10685,13827,2024-12-01,12.0
10686,13827,2024-12-31,12.0
10687,13828,2024-09-26,24.0
10688,13835,2024-10-23,24.0
10689,13846,2024-03-05,12.0
10690,13846,2024-04-04,12.0
10691,13846,2024-05-04,12.0
10692,13846,2024-06-03,12.0
10693,13846,2024-07-03,12.0
10694,13846,2024-08-02,12.0
10695,13846,2024-09-01,12.0
10696,13846,2024-10-01,12.0
10697,13846,2024-10-31,12.0
10698,13846,2024-11-30,12.0
10699,13846,2024-12-30,12.0
10700,13848,2024-04-12,12.0
10701,13858,2024-05-24,24.0
10702,13858,2024-06-23,24.0
10703,13858,2024-07-23,24.0
10704,13858,2024-08-22,24.0
10705,13858,2024-09-21,24.0
10706,13858,2024-10-21,24.0
10707,13858,2024-11-20,24.0
10708,13858,2024-12-20,24.0
10709,13861,2024-07-13,12.0
10710,13861,2024-08-12,12.0
10711,13861,2024-09-11,12.0
10712,13861,2024-10-11,12.0
10713,13861,2024-11-10,12.0
10714,13861,2024-12-10,12.0
10715,13863,2024-07-12,24.0
10716,13863,2024-08-11,24.0
10717,13863,2024-09-10,24.0
10718,13863,2024-10-10,24.0
10719,13863,2024-11-09,24.0
10720,13863,2024-12-09,24.0
10721,13875,2024-08-09,24.0
10722,13876,2024-05-07,24.0
10723,13876,2024-06-06,24.0
10724,13876,2024-07-06,24.0
10725,13876,2024-08-05,24.0
10726,13876,2024-09-04,24.0
10727,13876,2024-10-04,24.0
10728,13876,2024-11-03,24.0
10729,13876,2024-12-03,24.0
10730,13883,2024-07-22,24.0
10731,13883,2024-08-21,24.0
10732,13883,2024-09-20,24.0
10733,13883,2024-10-20,24.0
10734,13883,2024-11-19,24.0
10735,13883,2024-12-19,24.0
10736,13884,2024-06-06,12.0
10737,13884,2024-07-06,12.0
10738,13884,2024-08-05,12.0
10739,13884,2024-09-04,12.0
10740,13884,2024-10-04,12.0
10741,13884,2024-11-03,12.0
10742,13884,2024-12-03,12.0
10743,13886,2024-08-26,12.0
10744,13886,2024-09-25,12.0
10745,13886,2024-10-25,12.0
10746,13886,2024-11-24,12.0
10747,13886,2024-12-24,12.0
10748,13890,2024-03-21,12.0
10749,13890,2024-04-20,12.0
10750,13890,2024-05-20,12.0
10751,13890,2024-06-19,12.0
10752,13890,2024-07-19,12.0
10753,13890,2024-08-18,12.0
10754,13890,2024-09-17,12.0
10755,13890,2024-10-17,12.0
10756,13890,2024-11-16,12.0
10757,13890,2024-12-16,12.0
10758,13892,2024-12-10,12.0
10759,13897,2024-06-21,12.0
10760,13897,2024-07-21,12.0
10761,13897,2024-08-20,12.0
10762,13897,2024-09-19,12.0
10763,13897,2024-10-19,12.0
10764,13897,2024-11-18,12.0
10765,13897,2024-12-18,12.0
10766,13900,2024-08-22,24.0
10767,13900,2024-09-21,24.0
10768,13900,2024-10-21,24.0
10769,13900,2024-11-20,24.0
10770,13900,2024-12-20,24.0
10771,13908,2024-07-11,12.0
10772,13911,2024-09-30,12.0
10773,13911,2024-10-30,12.0
10774,13911,2024-11-29,12.0
10775,13911,2024-12-29,12.0
10776,13918,2024-08-23,24.0
10777,13918,2024-09-22,24.0
10778,13918,2024-10-22,24.0
10779,13918,2024-11-21,24.0
10780,13918,2024-12-21,24.0
10781,13922,2024-08-02,12.0
10782,13922,2024-09-01,12.0
10783,13922,2024-10-01,12.0
10784,13922,2024-10-31,12.0
10785,13922,2024-11-30,12.0
10786,13922,2024-12-30,12.0
10787,13928,2024-05-26,12.0
10788,13928,2024-06-25,12.0
10789,13928,2024-07-25,12.0
10790,13928,2024-08-24,12.0
10791,13928,2024-09-23,12.0
10792,13928,2024-10-23,12.0
10793,13928,2024-11-22,12.0
10794,13928,2024-12-22,12.0
10795,13929,2024-10-10,12.0
10796,13929,2024-11-09,12.0
10797,13929,2024-12-09,12.0
10798,13932,2024-08-18,12.0
10799,13932,2024-09-17,12.0
10800,13932,2024-10-17,12.0
10801,13932,2024-11-16,12.0
10802,13932,2024-12-16,12.0
10803,13935,2024-10-30,12.0
10804,13935,2024-11-29,12.0
10805,13935,2024-12-29,12.0
10806,13942,2024-06-02,12.0
10807,13967,2024-07-02,12.0
10808,13967,2024-08-01,12.0
10809,13967,2024-08-31,12.0
10810,13967,2024-09-30,12.0
10811,13967,2024-10-30,12.0
10812,13967,2024-11-29,12.0
10813,13967,2024-12-29,12.0
10814,13979,2025-01-05,24.0
10815,13985,2025-01-06,12.0
10816,13989,2024-11-23,12.0
10817,13992,2024-01-16,12.0
10818,14000,2024-07-20,24.0
10819,14000,2024-08-19,24.0
10820,14000,2024-09-18,24.0
10821,14000,2024-10-18,24.0
10822,14000,2024-11-17,24.0
10823,14000,2024-12-17,24.0
10824,14002,2024-10-12,12.0
10825,14004,2024-04-25,12.0
10826,14004,2024-05-25,12.0
10827,14004,2024-06-24,12.0
10828,14004,2024-07-24,12.0
10829,14004,2024-08-23,12.0
10830,14004,2024-09-22,12.0
10831,14004,2024-10-22,12.0
10832,14004,2024-11-21,12.0
10833,14004,2024-12-21,12.0
10834,14019,2024-06-12,24.0
10835,14019,2024-07-12,24.0
10836,14019,2024-08-11,24.0
10837,14019,2024-09-10,24.0
10838,14019,2024-10-10,24.0
10839,14019,2024-11-09,24.0
10840,14019,2024-12-09,24.0
10841,14021,2024-10-09,24.0
10842,14021,2024-11-08,24.0
10843,14021,2024-12-08,24.0
10844,14022,2024-04-29,12.0
10845,14025,2024-08-20,12.0
10846,14028,2024-10-19,12.0
10847,14051,2024-05-19,12.0
10848,14056,2024-02-08,12.0
10849,14059,2024-03-09,24.0
10850,14071,2024-10-14,12.0
10851,14071,2024-11-13,12.0
10852,14071,2024-12-13,12.0
10853,14082,2024-03-01,24.0
10854,14082,2024-03-31,24.0
10855,14082,2024-04-30,24.0
10856,14082,2024-05-30,24.0
10857,14082,2024-06-29,24.0
10858,14082,2024-07-29,24.0
10859,14082,2024-08-28,24.0
10860,14082,2024-09-27,24.0
10861,14082,2024-10-27,24.0
10862,14082,2024-11-26,24.0
10863,14082,2024-12-26,24.0
10864,14083,2024-06-01,12.0
10865,14083,2024-07-01,12.0
10866,14083,2024-07-31,12.0
10867,14083,2024-08-30,12.0
10868,14083,2024-09-29,12.0
10869,14083,2024-10-29,12.0
10870,14083,2024-11-28,12.0
10871,14083,2024-12-28,12.0
10872,14091,2024-07-28,24.0
10873,14097,2024-11-09,24.0
10874,14097,2024-12-09,24.0
10875,14111,2025-01-05,12.0
10876,14121,2024-07-23,12.0
10877,14131,2024-12-02,12.0
10878,14157,2024-10-24,12.0
10879,14157,2024-11-23,12.0
10880,14157,2024-12-23,12.0
10881,14159,2024-10-21,12.0
10882,14161,2024-07-30,12.0
10883,14162,2024-09-14,12.0
10884,14162,2024-10-14,12.0
10885,14162,2024-11-13,12.0
10886,14162,2024-12-13,12.0
10887,14175,2024-04-19,24.0
10888,14175,2024-05-19,24.0
10889,14175,2024-06-18,24.0
10890,14175,2024-07-18,24.0
10891,14175,2024-08-17,24.0
10892,14175,2024-09-16,24.0
10893,14175,2024-10-16,24.0
10894,14175,2024-11-15,24.0
10895,14175,2024-12-15,24.0
10896,14182,2024-11-25,24.0
10897,14185,2024-12-21,12.0
10898,14197,2024-04-04,12.0
10899,14197,2024-05-04,12.0
10900,14197,2024-06-03,12.0
10901,14197,2024-07-03,12.0
10902,14197,2024-08-02,12.0
10903,14197,2024-09-01,12.0
10904,14197,2024-10-01,12.0
10905,14197,2024-10-31,12.0
10906,14197,2024-11-30,12.0
10907,14197,2024-12-30,12.0
10908,14201,2024-08-15,24.0
10909,14202,2024-12-20,12.0
10910,14204,2024-10-17,12.0
10911,14210,2024-04-18,12.0
10912,14210,2024-05-18,12.0
10913,14210,2024-06-17,12.0
10914,14210,2024-07-17,12.0
10915,14210,2024-08-16,12.0
10916,14210,2024-09-15,12.0
10917,14210,2024-10-15,12.0
10918,14210,2024-11-14,12.0
10919,14210,2024-12-14,12.0
10920,14216,2024-05-24,12.0
10921,14216,2024-06-23,12.0
10922,14216,2024-07-23,12.0
10923,14216,2024-08-22,12.0
10924,14216,2024-09-21,12.0
10925,14216,2024-10-21,12.0
10926,14216,2024-11-20,12.0
10927,14216,2024-12-20,12.0
10928,14217,2024-12-06,24.0
10929,14229,2024-11-03,12.0
10930,14232,2024-04-16,12.0
10931,14235,2024-04-06,24.0
10932,14265,2024-10-05,12.0
10933,14265,2024-11-04,12.0
10934,14265,2024-12-04,12.0
10935,14283,2024-10-23,12.0
10936,14283,2024-11-22,12.0
10937,14283,2024-12-22,12.0
10938,14289,2024-06-02,12.0
10939,14289,2024-07-02,12.0
10940,14289,2024-08-01,12.0
10941,14289,2024-08-31,12.0
10942,14289,2024-09-30,12.0
10943,14289,2024-10-30,12.0
10944,14289,2024-11-29,12.0
10945,14289,2024-12-29,12.0
10946,14295,2024-07-03,12.0
10947,14301,2024-12-31,12.0
10948,14314,2024-07-25,12.0
10949,14314,2024-08-24,12.0
10950,14314,2024-09-23,12.0
10951,14314,2024-10-23,12.0
10952,14314,2024-11-22,12.0
10953,14314,2024-12-22,12.0
10954,14315,2025-01-01,12.0
10955,14319,2024-09-13,24.0
10956,14319,2024-10-13,24.0
10957,14319,2024-11-12,24.0
10958,14319,2024-12-12,24.0
10959,14327,2024-05-22,24.0
10960,14327,2024-06-21,24.0
10961,14327,2024-07-21,24.0
10962,14327,2024-08-20,24.0
10963,14327,2024-09-19,24.0
10964,14327,2024-10-19,24.0
10965,14327,2024-11-18,24.0
10966,14327,2024-12-18,24.0
10967,14336,2024-03-09,12.0
10968,14336,2024-04-08,12.0
10969,14336,2024-05-08,12.0
10970,14336,2024-06-07,12.0
10971,14336,2024-07-07,12.0
10972,14336,2024-08-06,12.0
10973,14336,2024-09-05,12.0
10974,14336,2024-10-05,12.0
10975,14336,2024-11-04,12.0
10976,14336,2024-12-04,12.0
10977,14337,2024-07-05,24.0
10978,14337,2024-08-04,24.0
10979,14337,2024-09-03,24.0
10980,14337,2024-10-03,24.0
10981,14337,2024-11-02,24.0
10982,14337,2024-12-02,24.0
10983,14338,2024-11-21,24.0
10984,14345,2024-06-03,12.0
10985,14345,2024-07-03,12.0
10986,14345,2024-08-02,12.0
10987,14345,2024-09-01,12.0
10988,14345,2024-10-01,12.0
10989,14345,2024-10-31,12.0
10990,14345,2024-11-30,12.0
10991,14345,2024-12-30,12.0
10992,14347,2024-01-19,12.0
10993,14354,2024-02-24,12.0
10994,14360,2024-07-14,24.0
10995,14360,2024-08-13,24.0
10996,14360,2024-09-12,24.0
10997,14360,2024-10-12,24.0
10998,14360,2024-11-11,24.0
10999,14360,2024-12-11,24.0
11000,14362,2024-03-19,24.0
11001,14368,2024-12-20,12.0
11002,14369,2024-12-25,24.0
11003,14374,2024-03-08,12.0
11004,14374,2024-04-07,12.0
11005,14374,2024-05-07,12.0
11006,14374,2024-06-06,12.0
11007,14374,2024-07-06,12.0
11008,14374,2024-08-05,12.0
11009,14374,2024-09-04,12.0
11010,14374,2024-10-04,12.0
11011,14374,2024-11-03,12.0
11012,14374,2024-12-03,12.0
11013,14375,2024-03-27,12.0
11014,14376,2024-07-08,12.0
11015,14381,2024-08-20,12.0
11016,14382,2024-07-02,12.0
11017,14386,2024-09-20,12.0
11018,14388,2024-06-26,24.0
11019,14388,2024-07-26,24.0
11020,14388,2024-08-25,24.0
11021,14388,2024-09-24,24.0
11022,14388,2024-10-24,24.0
11023,14388,2024-11-23,24.0
11024,14388,2024-12-23,24.0
11025,14391,2024-10-02,24.0
11026,14391,2024-11-01,24.0
11027,14391,2024-12-01,24.0
11028,14391,2024-12-31,24.0
11029,14396,2024-04-17,24.0
11030,14396,2024-05-17,24.0
11031,14396,2024-06-16,24.0
11032,14396,2024-07-16,24.0
11033,14396,2024-08-15,24.0
11034,14396,2024-09-14,24.0
11035,14396,2024-10-14,24.0
11036,14396,2024-11-13,24.0
11037,14396,2024-12-13,24.0
11038,14400,2024-10-14,12.0
11039,14400,2024-11-13,12.0
11040,14400,2024-12-13,12.0
11041,14402,2024-05-09,24.0
11042,14402,2024-06-08,24.0
11043,14402,2024-07-08,24.0
11044,14402,2024-08-07,24.0
11045,14402,2024-09-06,24.0
11046,14402,2024-10-06,24.0
11047,14402,2024-11-05,24.0
11048,14402,2024-12-05,24.0
11049,14416,2024-09-03,12.0
11050,14416,2024-10-03,12.0
11051,14416,2024-11-02,12.0
11052,14416,2024-12-02,12.0
11053,14424,2024-12-26,12.0
11054,14426,2024-07-09,24.0
11055,14426,2024-08-08,24.0
11056,14426,2024-09-07,24.0
11057,14426,2024-10-07,24.0
11058,14426,2024-11-06,24.0
11059,14426,2024-12-06,24.0
11060,14428,2024-03-07,24.0
11061,14428,2024-04-06,24.0
11062,14428,2024-05-06,24.0
11063,14428,2024-06-05,24.0
11064,14428,2024-07-05,24.0
11065,14428,2024-08-04,24.0
11066,14428,2024-09-03,24.0
11067,14428,2024-10-03,24.0
11068,14428,2024-11-02,24.0
11069,14428,2024-12-02,24.0
11070,14430,2024-10-09,12.0
11071,14430,2024-11-08,12.0
11072,14430,2024-12-08,12.0
11073,14431,2024-06-02,12.0
11074,14431,2024-07-02,12.0
11075,14431,2024-08-01,12.0
11076,14431,2024-08-31,12.0
11077,14431,2024-09-30,12.0
11078,14431,2024-10-30,12.0
11079,14431,2024-11-29,12.0
11080,14431,2024-12-29,12.0
11081,14432,2024-10-04,24.0
11082,14432,2024-11-03,24.0
11083,14432,2024-12-03,24.0
11084,14442,2024-09-19,24.0
11085,14442,2024-10-19,24.0
11086,14442,2024-11-18,24.0
11087,14442,2024-12-18,24.0
11088,14448,2024-10-04,12.0
11089,14448,2024-11-03,12.0
11090,14448,2024-12-03,12.0
11091,14450,2024-10-18,12.0
11092,14451,2024-11-08,12.0
11093,14455,2024-10-26,12.0
11094,14455,2024-11-25,12.0
11095,14455,2024-12-25,12.0
11096,14458,2024-05-06,24.0
11097,14480,2024-07-21,12.0
11098,14480,2024-08-20,12.0
11099,14480,2024-09-19,12.0
11100,14480,2024-10-19,12.0
11101,14480,2024-11-18,12.0
11102,14480,2024-12-18,12.0
11103,14484,2024-05-07,12.0
11104,14500,2024-12-16,12.0
11105,14501,2024-02-29,24.0
11106,14502,2024-12-22,24.0
11107,14503,2024-07-28,12.0
11108,14504,2024-12-12,12.0
11109,14507,2024-11-01,24.0
11110,14507,2024-12-01,24.0
11111,14507,2024-12-31,24.0
11112,14512,2025-01-04,12.0
11113,14521,2024-05-23,12.0
11114,14521,2024-06-22,12.0
11115,14521,2024-07-22,12.0
11116,14521,2024-08-21,12.0
11117,14521,2024-09-20,12.0
11118,14521,2024-10-20,12.0
11119,14521,2024-11-19,12.0
11120,14521,2024-12-19,12.0
11121,14535,2024-12-17,12.0
11122,14541,2024-11-09,12.0
11123,14543,2024-09-06,12.0
11124,14543,2024-10-06,12.0
11125,14543,2024-11-05,12.0
11126,14543,2024-12-05,12.0
11127,14544,2024-12-08,24.0
11128,14545,2024-02-11,12.0
11129,14545,2024-03-12,12.0
11130,14545,2024-04-11,12.0
11131,14545,2024-05-11,12.0
11132,14545,2024-06-10,12.0
11133,14545,2024-07-10,12.0
11134,14545,2024-08-09,12.0
11135,14545,2024-09-08,12.0
11136,14545,2024-10-08,12.0
11137,14545,2024-11-07,12.0
11138,14545,2024-12-07,12.0
11139,14552,2024-02-08,12.0
11140,14556,2024-09-30,24.0
11141,14561,2024-08-05,12.0
11142,14561,2024-09-04,12.0
11143,14561,2024-10-04,12.0
11144,14561,2024-11-03,12.0
11145,14561,2024-12-03,12.0
11146,14565,2024-10-19,12.0
11147,14565,2024-11-18,12.0
11148,14565,2024-12-18,12.0
11149,14568,2024-03-16,12.0
11150,14577,2024-09-22,24.0
11151,14578,2024-02-16,24.0
11152,14578,2024-03-17,24.0
11153,14578,2024-04-16,24.0
11154,14578,2024-05-16,24.0
11155,14578,2024-06-15,24.0
11156,14578,2024-07-15,24.0
11157,14578,2024-08-14,24.0
11158,14578,2024-09-13,24.0
11159,14578,2024-10-13,24.0
11160,14578,2024-11-12,24.0
11161,14578,2024-12-12,24.0
11162,14581,2024-11-05,24.0
11163,14590,2024-07-13,12.0
11164,14591,2024-12-23,24.0
11165,14599,2024-08-09,24.0
11166,14599,2024-09-08,24.0
11167,14599,2024-10-08,24.0
11168,14599,2024-11-07,24.0
11169,14599,2024-12-07,24.0
11170,14603,2024-08-21,24.0
11171,14603,2024-09-20,24.0
11172,14603,2024-10-20,24.0
11173,14603,2024-11-19,24.0
11174,14603,2024-12-19,24.0
11175,14610,2025-01-07,12.0
11176,14615,2024-11-16,12.0
11177,14615,2024-12-16,12.0
11178,14621,2024-09-08,12.0
11179,14621,2024-10-08,12.0
11180,14621,2024-11-07,12.0
11181,14621,2024-12-07,12.0
11182,14632,2024-02-03,12.0
11183,14632,2024-03-04,12.0
11184,14632,2024-04-03,12.0
11185,14632,2024-05-03,12.0
11186,14632,2024-06-02,12.0
11187,14632,2024-07-02,12.0
11188,14632,2024-08-01,12.0
11189,14632,2024-08-31,12.0
11190,14632,2024-09-30,12.0
11191,14632,2024-10-30,12.0
11192,14632,2024-11-29,12.0
11193,14632,2024-12-29,12.0
11194,14635,2024-03-24,24.0
11195,14637,2024-10-21,24.0
11196,14637,2024-11-20,24.0
11197,14637,2024-12-20,24.0
11198,14638,2024-08-21,12.0
11199,14638,2024-09-20,12.0
11200,14638,2024-10-20,12.0
11201,14638,2024-11-19,12.0
11202,14638,2024-12-19,12.0
11203,14639,2024-05-25,12.0
11204,14639,2024-06-24,12.0
11205,14639,2024-07-24,12.0
11206,14639,2024-08-23,12.0
11207,14639,2024-09-22,12.0
11208,14639,2024-10-22,12.0
11209,14639,2024-11-21,12.0
11210,14639,2024-12-21,12.0
11211,14650,2024-09-22,24.0
11212,14650,2024-10-22,24.0
11213,14650,2024-11-21,24.0
11214,14650,2024-12-21,24.0
11215,14661,2024-09-20,24.0
11216,14661,2024-10-20,24.0
11217,14661,2024-11-19,24.0
11218,14661,2024-12-19,24.0
11219,14675,2024-12-31,24.0
11220,14678,2024-10-17,12.0
11221,14684,2024-10-17,24.0
11222,14685,2024-06-22,12.0
11223,14685,2024-07-22,12.0
11224,14685,2024-08-21,12.0
11225,14685,2024-09-20,12.0
11226,14685,2024-10-20,12.0
11227,14685,2024-11-19,12.0
11228,14685,2024-12-19,12.0
11229,14688,2024-08-29,12.0
11230,14700,2024-08-16,12.0
11231,14700,2024-09-15,12.0
11232,14700,2024-10-15,12.0
11233,14700,2024-11-14,12.0
11234,14700,2024-12-14,12.0
11235,14712,2024-09-04,12.0
11236,14727,2024-08-13,12.0
11237,14728,2024-03-03,12.0
11238,14732,2024-04-15,12.0
11239,14732,2024-05-15,12.0
11240,14732,2024-06-14,12.0
11241,14732,2024-07-14,12.0
11242,14732,2024-08-13,12.0
11243,14732,2024-09-12,12.0
11244,14732,2024-10-12,12.0
11245,14732,2024-11-11,12.0
11246,14732,2024-12-11,12.0
11247,14734,2024-10-22,24.0
11248,14747,2024-06-10,24.0
11249,14747,2024-07-10,24.0
11250,14747,2024-08-09,24.0
11251,14747,2024-09-08,24.0
11252,14747,2024-10-08,24.0
11253,14747,2024-11-07,24.0
11254,14747,2024-12-07,24.0
11255,14754,2024-12-06,12.0
11256,14755,2024-12-22,12.0
11257,14765,2024-04-10,24.0
11258,14778,2024-04-28,12.0
11259,14779,2024-12-20,12.0
11260,14787,2024-12-02,12.0
11261,14797,2024-07-25,12.0
11262,14800,2024-09-05,12.0
11263,14800,2024-10-05,12.0
11264,14800,2024-11-04,12.0
11265,14800,2024-12-04,12.0
11266,14802,2024-10-01,12.0
11267,14802,2024-10-31,12.0
11268,14802,2024-11-30,12.0
11269,14802,2024-12-30,12.0
11270,14806,2024-10-19,12.0
11271,14806,2024-11-18,12.0
11272,14806,2024-12-18,12.0
11273,14808,2024-01-17,24.0
11274,14808,2024-02-16,24.0
11275,14808,2024-03-17,24.0
11276,14808,2024-04-16,24.0
11277,14808,2024-05-16,24.0
11278,14808,2024-06-15,24.0
11279,14808,2024-07-15,24.0
11280,14808,2024-08-14,24.0
11281,14808,2024-09-13,24.0
11282,14808,2024-10-13,24.0
11283,14808,2024-11-12,24.0
11284,14808,2024-12-12,24.0
11285,14812,2024-05-04,12.0
11286,14812,2024-06-03,12.0
11287,14812,2024-07-03,12.0
11288,14812,2024-08-02,12.0
11289,14812,2024-09-01,12.0
11290,14812,2024-10-01,12.0
11291,14812,2024-10-31,12.0
11292,14812,2024-11-30,12.0
11293,14812,2024-12-30,12.0
11294,14815,2024-02-25,12.0
11295,14815,2024-03-26,12.0
11296,14815,2024-04-25,12.0
11297,14815,2024-05-25,12.0
11298,14815,2024-06-24,12.0
11299,14815,2024-07-24,12.0
11300,14815,2024-08-23,12.0
11301,14815,2024-09-22,12.0
11302,14815,2024-10-22,12.0
11303,14815,2024-11-21,12.0
11304,14815,2024-12-21,12.0
11305,14816,2024-07-13,12.0
11306,14821,2024-02-05,12.0
11307,14831,2024-07-02,24.0
11308,14831,2024-08-01,24.0
11309,14831,2024-08-31,24.0
11310,14831,2024-09-30,24.0
11311,14831,2024-10-30,24.0
11312,14831,2024-11-29,24.0
11313,14831,2024-12-29,24.0
11314,14832,2024-08-22,12.0
11315,14832,2024-09-21,12.0
11316,14832,2024-10-21,12.0
11317,14832,2024-11-20,12.0
11318,14832,2024-12-20,12.0
11319,14833,2024-12-04,12.0
11320,14836,2024-06-23,12.0
11321,14836,2024-07-23,12.0
11322,14836,2024-08-22,12.0
11323,14836,2024-09-21,12.0
11324,14836,2024-10-21,12.0
11325,14836,2024-11-20,12.0
11326,14836,2024-12-20,12.0
11327,14840,2024-02-06,24.0
11328,14840,2024-03-07,24.0
11329,14840,2024-04-06,24.0
11330,14840,2024-05-06,24.0
11331,14840,2024-06-05,24.0
11332,14840,2024-07-05,24.0
11333,14840,2024-08-04,24.0
11334,14840,2024-09-03,24.0
11335,14840,2024-10-03,24.0
11336,14840,2024-11-02,24.0
11337,14840,2024-12-02,24.0
11338,14850,2024-03-14,12.0
11339,14850,2024-04-13,12.0
11340,14850,2024-05-13,12.0
11341,14850,2024-06-12,12.0
11342,14850,2024-07-12,12.0
11343,14850,2024-08-11,12.0
11344,14850,2024-09-10,12.0
11345,14850,2024-10-10,12.0
11346,14850,2024-11-09,12.0
11347,14850,2024-12-09,12.0
11348,14869,2024-08-15,24.0
11349,14872,2024-12-24,12.0
11350,14874,2024-08-28,24.0
11351,14874,2024-09-27,24.0
11352,14874,2024-10-27,24.0
11353,14874,2024-11-26,24.0
11354,14874,2024-12-26,24.0
11355,14883,2024-02-21,24.0
11356,14888,2024-11-19,12.0
11357,14891,2025-01-13,12.0
11358,14898,2024-03-03,24.0
11359,14902,2024-06-24,12.0
11360,14902,2024-07-24,12.0
11361,14902,2024-08-23,12.0
11362,14902,2024-09-22,12.0
11363,14902,2024-10-22,12.0
11364,14902,2024-11-21,12.0
11365,14902,2024-12-21,12.0
11366,14910,2024-09-19,24.0
11367,14910,2024-10-19,24.0
11368,14910,2024-11-18,24.0
11369,14910,2024-12-18,24.0
11370,14916,2024-04-17,24.0
11371,14917,2024-11-04,24.0
11372,14917,2024-12-04,24.0
11373,14925,2024-03-01,12.0
11374,14925,2024-03-31,12.0
11375,14925,2024-04-30,12.0
11376,14925,2024-05-30,12.0
11377,14925,2024-06-29,12.0
11378,14925,2024-07-29,12.0
11379,14925,2024-08-28,12.0
11380,14925,2024-09-27,12.0
11381,14925,2024-10-27,12.0
11382,14925,2024-11-26,12.0
11383,14925,2024-12-26,12.0
11384,14930,2024-06-30,12.0
11385,14935,2024-12-15,12.0
11386,14936,2024-01-26,12.0
11387,14936,2024-02-25,12.0
11388,14936,2024-03-26,12.0
11389,14936,2024-04-25,12.0
11390,14936,2024-05-25,12.0
11391,14936,2024-06-24,12.0
11392,14936,2024-07-24,12.0
11393,14936,2024-08-23,12.0
11394,14936,2024-09-22,12.0
11395,14936,2024-10-22,12.0
11396,14936,2024-11-21,12.0
11397,14936,2024-12-21,12.0
11398,14938,2024-02-08,12.0
11399,14938,2024-03-09,12.0
11400,14938,2024-04-08,12.0
11401,14938,2024-05-08,12.0
11402,14938,2024-06-07,12.0
11403,14938,2024-07-07,12.0
11404,14938,2024-08-06,12.0
11405,14938,2024-09-05,12.0
11406,14938,2024-10-05,12.0
11407,14938,2024-11-04,12.0
11408,14938,2024-12-04,12.0
11409,14944,2024-03-31,12.0
11410,14945,2024-11-09,12.0
11411,14945,2024-12-09,12.0
11412,14947,2024-01-21,12.0
11413,14947,2024-02-20,12.0
11414,14947,2024-03-21,12.0
11415,14947,2024-04-20,12.0
11416,14947,2024-05-20,12.0
11417,14947,2024-06-19,12.0
11418,14947,2024-07-19,12.0
11419,14947,2024-08-18,12.0
11420,14947,2024-09-17,12.0
11421,14947,2024-10-17,12.0
11422,14947,2024-11-16,12.0
11423,14947,2024-12-16,12.0
11424,14950,2024-07-05,12.0
11425,14950,2024-08-04,12.0
11426,14950,2024-09-03,12.0
11427,14950,2024-10-03,12.0
11428,14950,2024-11-02,12.0
11429,14950,2024-12-02,12.0
11430,14953,2024-07-16,12.0
11431,14953,2024-08-15,12.0
11432,14953,2024-09-14,12.0
11433,14953,2024-10-14,12.0
11434,14953,2024-11-13,12.0
11435,14953,2024-12-13,12.0
11436,14954,2024-05-27,12.0
11437,14955,2024-10-19,24.0
11438,14955,2024-11-18,24.0
11439,14955,2024-12-18,24.0
11440,14957,2024-03-26,24.0
11441,14965,2024-08-13,12.0
11442,14965,2024-09-12,12.0
11443,14965,2024-10-12,12.0
11444,14965,2024-11-11,12.0
11445,14965,2024-12-11,12.0
11446,14995,2024-10-31,12.0
11447,14996,2024-12-05,24.0
11448,15004,2024-11-14,12.0
11449,15004,2024-12-14,12.0
11450,15006,2024-03-28,12.0
11451,15007,2024-05-23,12.0
11452,15007,2024-06-22,12.0
11453,15007,2024-07-22,12.0
11454,15007,2024-08-21,12.0
11455,15007,2024-09-20,12.0
11456,15007,2024-10-20,12.0
11457,15007,2024-11-19,12.0
11458,15007,2024-12-19,12.0
11459,15011,2024-03-19,12.0
11460,15011,2024-04-18,12.0
11461,15011,2024-05-18,12.0
11462,15011,2024-06-17,12.0
11463,15011,2024-07-17,12.0
11464,15011,2024-08-16,12.0
11465,15011,2024-09-15,12.0
11466,15011,2024-10-15,12.0
11467,15011,2024-11-14,12.0
11468,15011,2024-12-14,12.0
11469,15014,2024-11-07,12.0
11470,15014,2024-12-07,12.0
11471,15025,2024-11-16,12.0
11472,15025,2024-12-16,12.0
11473,15030,2024-09-01,24.0
11474,15030,2024-10-01,24.0
11475,15030,2024-10-31,24.0
11476,15030,2024-11-30,24.0
11477,15030,2024-12-30,24.0
11478,15031,2024-12-09,24.0
11479,15033,2024-03-29,12.0
11480,15033,2024-04-28,12.0
11481,15033,2024-05-28,12.0
11482,15033,2024-06-27,12.0
11483,15033,2024-07-27,12.0
11484,15033,2024-08-26,12.0
11485,15033,2024-09-25,12.0
11486,15033,2024-10-25,12.0
11487,15033,2024-11-24,12.0
11488,15033,2024-12-24,12.0
11489,15034,2024-04-14,12.0
11490,15034,2024-05-14,12.0
11491,15034,2024-06-13,12.0
11492,15034,2024-07-13,12.0
11493,15034,2024-08-12,12.0
11494,15034,2024-09-11,12.0
11495,15034,2024-10-11,12.0
11496,15034,2024-11-10,12.0
11497,15034,2024-12-10,12.0
11498,15038,2024-02-07,24.0
11499,15049,2024-09-24,12.0
11500,15053,2024-08-05,12.0
11501,15066,2024-09-19,12.0
11502,15066,2024-10-19,12.0
11503,15066,2024-11-18,12.0
11504,15066,2024-12-18,12.0
11505,15074,2024-09-13,24.0
11506,15075,2024-08-24,12.0
11507,15076,2024-09-12,12.0
11508,15081,2024-06-12,12.0
11509,15081,2024-07-12,12.0
11510,15081,2024-08-11,12.0
11511,15081,2024-09-10,12.0
11512,15081,2024-10-10,12.0
11513,15081,2024-11-09,12.0
11514,15081,2024-12-09,12.0
11515,15087,2024-03-18,24.0
11516,15092,2024-09-19,12.0
11517,15092,2024-10-19,12.0
11518,15092,2024-11-18,12.0
11519,15092,2024-12-18,12.0
11520,15099,2024-11-21,12.0
11521,15099,2024-12-21,12.0
11522,15108,2024-04-22,12.0
11523,15108,2024-05-22,12.0
11524,15108,2024-06-21,12.0
11525,15108,2024-07-21,12.0
11526,15108,2024-08-20,12.0
11527,15108,2024-09-19,12.0
11528,15108,2024-10-19,12.0
11529,15108,2024-11-18,12.0
11530,15108,2024-12-18,12.0
11531,15114,2024-12-19,24.0
11532,15117,2024-02-13,12.0
11533,15117,2024-03-14,12.0
11534,15117,2024-04-13,12.0
11535,15117,2024-05-13,12.0
11536,15117,2024-06-12,12.0
11537,15117,2024-07-12,12.0
11538,15117,2024-08-11,12.0
11539,15117,2024-09-10,12.0
11540,15117,2024-10-10,12.0
11541,15117,2024-11-09,12.0
11542,15117,2024-12-09,12.0
11543,15137,2024-02-10,12.0
11544,15137,2024-03-11,12.0
11545,15137,2024-04-10,12.0
11546,15137,2024-05-10,12.0
11547,15137,2024-06-09,12.0
11548,15137,2024-07-09,12.0
11549,15137,2024-08-08,12.0
11550,15137,2024-09-07,12.0
11551,15137,2024-10-07,12.0
11552,15137,2024-11-06,12.0
11553,15137,2024-12-06,12.0
11554,15158,2024-06-08,24.0
11555,15167,2024-04-07,12.0
11556,15169,2024-02-29,12.0
11557,15169,2024-03-30,12.0
11558,15169,2024-04-29,12.0
11559,15169,2024-05-29,12.0
11560,15169,2024-06-28,12.0
11561,15169,2024-07-28,12.0
11562,15169,2024-08-27,12.0
11563,15169,2024-09-26,12.0
11564,15169,2024-10-26,12.0
11565,15169,2024-11-25,12.0
11566,15169,2024-12-25,12.0
11567,15170,2024-09-29,24.0
11568,15170,2024-10-29,24.0
11569,15170,2024-11-28,24.0
11570,15170,2024-12-28,24.0
11571,15171,2024-06-26,12.0
11572,15176,2024-12-13,24.0
11573,15178,2024-02-03,12.0
11574,15184,2024-09-06,24.0
11575,15189,2024-04-16,24.0
11576,15190,2024-03-30,12.0
11577,15197,2024-12-26,12.0
11578,15209,2024-05-22,12.0
11579,15209,2024-06-21,12.0
11580,15209,2024-07-21,12.0
11581,15209,2024-08-20,12.0
11582,15209,2024-09-19,12.0
11583,15209,2024-10-19,12.0
11584,15209,2024-11-18,12.0
11585,15209,2024-12-18,12.0
11586,15211,2024-10-27,24.0
11587,15214,2024-09-30,24.0
11588,15214,2024-10-30,24.0
11589,15214,2024-11-29,24.0
11590,15214,2024-12-29,24.0
11591,15220,2024-08-01,24.0
11592,15220,2024-08-31,24.0
11593,15220,2024-09-30,24.0
11594,15220,2024-10-30,24.0
11595,15220,2024-11-29,24.0
11596,15220,2024-12-29,24.0
11597,15223,2024-10-03,12.0
11598,15223,2024-11-02,12.0
11599,15223,2024-12-02,12.0
11600,15232,2024-12-08,24.0
11601,15244,2025-01-01,12.0
11602,15251,2024-10-27,12.0
11603,15251,2024-11-26,12.0
11604,15251,2024-12-26,12.0
11605,15263,2024-07-25,12.0
11606,15263,2024-08-24,12.0
11607,15263,2024-09-23,12.0
11608,15263,2024-10-23,12.0
11609,15263,2024-11-22,12.0
11610,15263,2024-12-22,12.0
11611,15269,2024-01-26,12.0
11612,15269,2024-02-25,12.0
11613,15269,2024-03-26,12.0
11614,15269,2024-04-25,12.0
11615,15269,2024-05-25,12.0
11616,15269,2024-06-24,12.0
11617,15269,2024-07-24,12.0
11618,15269,2024-08-23,12.0
11619,15269,2024-09-22,12.0
11620,15269,2024-10-22,12.0
11621,15269,2024-11-21,12.0
11622,15269,2024-12-21,12.0
11623,15274,2024-10-03,12.0
11624,15284,2024-11-16,12.0
11625,15284,2024-12-16,12.0
11626,15288,2024-03-22,12.0
11627,15288,2024-04-21,12.0
11628,15288,2024-05-21,12.0
11629,15288,2024-06-20,12.0
11630,15288,2024-07-20,12.0
11631,15288,2024-08-19,12.0
11632,15288,2024-09-18,12.0
11633,15288,2024-10-18,12.0
11634,15288,2024-11-17,12.0
11635,15288,2024-12-17,12.0
11636,15296,2024-04-02,12.0
11637,15296,2024-05-02,12.0
11638,15296,2024-06-01,12.0
11639,15296,2024-07-01,12.0
11640,15296,2024-07-31,12.0
11641,15296,2024-08-30,12.0
11642,15296,2024-09-29,12.0
11643,15296,2024-10-29,12.0
11644,15296,2024-11-28,12.0
11645,15296,2024-12-28,12.0
11646,15297,2024-03-03,12.0
11647,15297,2024-04-02,12.0
11648,15297,2024-05-02,12.0
11649,15297,2024-06-01,12.0
11650,15297,2024-07-01,12.0
11651,15297,2024-07-31,12.0
11652,15297,2024-08-30,12.0
11653,15297,2024-09-29,12.0
11654,15297,2024-10-29,12.0
11655,15297,2024-11-28,12.0
11656,15297,2024-12-28,12.0
11657,15300,2025-01-08,12.0
11658,15304,2024-04-28,12.0
11659,15304,2024-05-28,12.0
11660,15304,2024-06-27,12.0
11661,15304,2024-07-27,12.0
11662,15304,2024-08-26,12.0
11663,15304,2024-09-25,12.0
11664,15304,2024-10-25,12.0
11665,15304,2024-11-24,12.0
11666,15304,2024-12-24,12.0
11667,15309,2024-09-19,12.0
11668,15309,2024-10-19,12.0
11669,15309,2024-11-18,12.0
11670,15309,2024-12-18,12.0
11671,15314,2024-10-22,12.0
11672,15323,2024-05-27,12.0
11673,15323,2024-06-26,12.0
11674,15323,2024-07-26,12.0
11675,15323,2024-08-25,12.0
11676,15323,2024-09-24,12.0
11677,15323,2024-10-24,12.0
11678,15323,2024-11-23,12.0
11679,15323,2024-12-23,12.0
11680,15327,2024-05-08,12.0
11681,15327,2024-06-07,12.0
11682,15327,2024-07-07,12.0
11683,15327,2024-08-06,12.0
11684,15327,2024-09-05,12.0
11685,15327,2024-10-05,12.0
11686,15327,2024-11-04,12.0
11687,15327,2024-12-04,12.0
11688,15350,2024-05-09,24.0
11689,15350,2024-06-08,24.0
11690,15350,2024-07-08,24.0
11691,15350,2024-08-07,24.0
11692,15350,2024-09-06,24.0
11693,15350,2024-10-06,24.0
11694,15350,2024-11-05,24.0
11695,15350,2024-12-05,24.0
11696,15359,2024-09-28,24.0
11697,15359,2024-10-28,24.0
11698,15359,2024-11-27,24.0
11699,15359,2024-12-27,24.0
11700,15365,2024-10-04,12.0
11701,15365,2024-11-03,12.0
11702,15365,2024-12-03,12.0
11703,15366,2024-12-14,12.0
11704,15372,2024-02-07,24.0
11705,15372,2024-03-08,24.0
11706,15372,2024-04-07,24.0
11707,15372,2024-05-07,24.0
11708,15372,2024-06-06,24.0
11709,15372,2024-07-06,24.0
11710,15372,2024-08-05,24.0
11711,15372,2024-09-04,24.0
11712,15372,2024-10-04,24.0
11713,15372,2024-11-03,24.0
11714,15372,2024-12-03,24.0
11715,15376,2024-05-29,12.0
11716,15376,2024-06-28,12.0
11717,15376,2024-07-28,12.0
11718,15376,2024-08-27,12.0
11719,15376,2024-09-26,12.0
11720,15376,2024-10-26,12.0
11721,15376,2024-11-25,12.0
11722,15376,2024-12-25,12.0
11723,15377,2025-01-01,12.0
11724,15379,2024-06-08,12.0
11725,15379,2024-07-08,12.0
11726,15379,2024-08-07,12.0
11727,15379,2024-09-06,12.0
11728,15379,2024-10-06,12.0
11729,15379,2024-11-05,12.0
11730,15379,2024-12-05,12.0
11731,15390,2024-03-07,12.0
11732,15390,2024-04-06,12.0
11733,15390,2024-05-06,12.0
11734,15390,2024-06-05,12.0
11735,15390,2024-07-05,12.0
11736,15390,2024-08-04,12.0
11737,15390,2024-09-03,12.0
11738,15390,2024-10-03,12.0
11739,15390,2024-11-02,12.0
11740,15390,2024-12-02,12.0
11741,15396,2024-12-22,12.0
11742,15398,2024-05-03,12.0
11743,15398,2024-06-02,12.0
11744,15398,2024-07-02,12.0
11745,15398,2024-08-01,12.0
11746,15398,2024-08-31,12.0
11747,15398,2024-09-30,12.0
11748,15398,2024-10-30,12.0
11749,15398,2024-11-29,12.0
11750,15398,2024-12-29,12.0
11751,15399,2025-01-02,12.0
11752,15403,2024-03-24,24.0
11753,15416,2024-03-15,12.0
11754,15416,2024-04-14,12.0
11755,15416,2024-05-14,12.0
11756,15416,2024-06-13,12.0
11757,15416,2024-07-13,12.0
11758,15416,2024-08-12,12.0
11759,15416,2024-09-11,12.0
11760,15416,2024-10-11,12.0
11761,15416,2024-11-10,12.0
11762,15416,2024-12-10,12.0
11763,15417,2024-07-05,12.0
11764,15417,2024-08-04,12.0
11765,15417,2024-09-03,12.0
11766,15417,2024-10-03,12.0
11767,15417,2024-11-02,12.0
11768,15417,2024-12-02,12.0
11769,15419,2024-05-30,12.0
11770,15422,2024-04-07,24.0
11771,15422,2024-05-07,24.0
11772,15422,2024-06-06,24.0
11773,15422,2024-07-06,24.0
11774,15422,2024-08-05,24.0
11775,15422,2024-09-04,24.0
11776,15422,2024-10-04,24.0
11777,15422,2024-11-03,24.0
11778,15422,2024-12-03,24.0
11779,15427,2024-12-07,12.0
11780,15433,2024-12-23,12.0
11781,15434,2024-11-12,12.0
11782,15440,2024-09-10,12.0
11783,15450,2024-05-05,24.0
11784,15450,2024-06-04,24.0
11785,15450,2024-07-04,24.0
11786,15450,2024-08-03,24.0
11787,15450,2024-09-02,24.0
11788,15450,2024-10-02,24.0
11789,15450,2024-11-01,24.0
11790,15450,2024-12-01,24.0
11791,15450,2024-12-31,24.0
11792,15458,2024-06-05,12.0
11793,15458,2024-07-05,12.0
11794,15458,2024-08-04,12.0
11795,15458,2024-09-03,12.0
11796,15458,2024-10-03,12.0
11797,15458,2024-11-02,12.0
11798,15458,2024-12-02,12.0
11799,15464,2024-02-08,12.0
11800,15471,2024-04-16,12.0
11801,15471,2024-05-16,12.0
11802,15471,2024-06-15,12.0
11803,15471,2024-07-15,12.0
11804,15471,2024-08-14,12.0
11805,15471,2024-09-13,12.0
11806,15471,2024-10-13,12.0
11807,15471,2024-11-12,12.0
11808,15471,2024-12-12,12.0
11809,15474,2024-12-11,24.0
11810,15480,2024-05-18,24.0
11811,15480,2024-06-17,24.0
11812,15480,2024-07-17,24.0
11813,15480,2024-08-16,24.0
11814,15480,2024-09-15,24.0
11815,15480,2024-10-15,24.0
11816,15480,2024-11-14,24.0
11817,15480,2024-12-14,24.0
11818,15481,2024-02-27,24.0
11819,15481,2024-03-28,24.0
11820,15481,2024-04-27,24.0
11821,15481,2024-05-27,24.0
11822,15481,2024-06-26,24.0
11823,15481,2024-07-26,24.0
11824,15481,2024-08-25,24.0
11825,15481,2024-09-24,24.0
11826,15481,2024-10-24,24.0
11827,15481,2024-11-23,24.0
11828,15481,2024-12-23,24.0
11829,15483,2024-09-01,24.0
11830,15483,2024-10-01,24.0
11831,15483,2024-10-31,24.0
11832,15483,2024-11-30,24.0
11833,15483,2024-12-30,24.0
11834,15494,2024-06-30,12.0
11835,15497,2024-10-15,12.0
11836,15497,2024-11-14,12.0
11837,15497,2024-12-14,12.0
11838,15506,2024-11-10,12.0
11839,15506,2024-12-10,12.0
11840,15507,2024-12-22,24.0
11841,15509,2024-03-01,12.0
11842,15513,2025-01-14,24.0
11843,15514,2024-06-14,12.0
11844,15514,2024-07-14,12.0
11845,15514,2024-08-13,12.0
11846,15514,2024-09-12,12.0
11847,15514,2024-10-12,12.0
11848,15514,2024-11-11,12.0
11849,15514,2024-12-11,12.0
11850,15530,2024-05-12,12.0
11851,15530,2024-06-11,12.0
11852,15530,2024-07-11,12.0
11853,15530,2024-08-10,12.0
11854,15530,2024-09-09,12.0
11855,15530,2024-10-09,12.0
11856,15530,2024-11-08,12.0
11857,15530,2024-12-08,12.0
11858,15534,2024-12-27,12.0
11859,15537,2024-08-06,12.0
11860,15538,2024-01-30,12.0
11861,15538,2024-02-29,12.0
11862,15538,2024-03-30,12.0
11863,15538,2024-04-29,12.0
11864,15538,2024-05-29,12.0
11865,15538,2024-06-28,12.0
11866,15538,2024-07-28,12.0
11867,15538,2024-08-27,12.0
11868,15538,2024-09-26,12.0
11869,15538,2024-10-26,12.0
11870,15538,2024-11-25,12.0
11871,15538,2024-12-25,12.0
11872,15549,2024-10-26,12.0
11873,15549,2024-11-25,12.0
11874,15549,2024-12-25,12.0
11875,15552,2024-06-17,12.0
11876,15552,2024-07-17,12.0
11877,15552,2024-08-16,12.0
11878,15552,2024-09-15,12.0
11879,15552,2024-10-15,12.0
11880,15552,2024-11-14,12.0
11881,15552,2024-12-14,12.0
11882,15554,2024-09-22,24.0
11883,15554,2024-10-22,24.0
11884,15554,2024-11-21,24.0
11885,15554,2024-12-21,24.0
11886,15559,2024-02-08,12.0
11887,15559,2024-03-09,12.0
11888,15559,2024-04-08,12.0
11889,15559,2024-05-08,12.0
11890,15559,2024-06-07,12.0
11891,15559,2024-07-07,12.0
11892,15559,2024-08-06,12.0
11893,15559,2024-09-05,12.0
11894,15559,2024-10-05,12.0
11895,15559,2024-11-04,12.0
11896,15559,2024-12-04,12.0
11897,15568,2024-08-09,24.0
11898,15579,2024-08-30,12.0
11899,15579,2024-09-29,12.0
11900,15579,2024-10-29,12.0
11901,15579,2024-11-28,12.0
11902,15579,2024-12-28,12.0
11903,15585,2024-11-13,12.0
11904,15586,2024-09-13,24.0
11905,15588,2024-05-12,12.0
11906,15590,2024-11-11,12.0
11907,15593,2024-08-15,12.0
11908,15593,2024-09-14,12.0
11909,15593,2024-10-14,12.0
11910,15593,2024-11-13,12.0
11911,15593,2024-12-13,12.0
11912,15609,2024-04-14,12.0
11913,15609,2024-05-14,12.0
11914,15609,2024-06-13,12.0
11915,15609,2024-07-13,12.0
11916,15609,2024-08-12,12.0
11917,15609,2024-09-11,12.0
11918,15609,2024-10-11,12.0
11919,15609,2024-11-10,12.0
11920,15609,2024-12-10,12.0
11921,15614,2024-01-28,24.0
11922,15614,2024-02-27,24.0
11923,15614,2024-03-28,24.0
11924,15614,2024-04-27,24.0
11925,15614,2024-05-27,24.0
11926,15614,2024-06-26,24.0
11927,15614,2024-07-26,24.0
11928,15614,2024-08-25,24.0
11929,15614,2024-09-24,24.0
11930,15614,2024-10-24,24.0
11931,15614,2024-11-23,24.0
11932,15614,2024-12-23,24.0
11933,15616,2024-10-27,12.0
11934,15620,2024-05-18,12.0
11935,15620,2024-06-17,12.0
11936,15620,2024-07-17,12.0
11937,15620,2024-08-16,12.0
11938,15620,2024-09-15,12.0
11939,15620,2024-10-15,12.0
11940,15620,2024-11-14,12.0
11941,15620,2024-12-14,12.0
11942,15624,2024-10-22,24.0
11943,15624,2024-11-21,24.0
11944,15624,2024-12-21,24.0
11945,15625,2024-01-31,12.0
11946,15625,2024-03-01,12.0
11947,15625,2024-03-31,12.0
11948,15625,2024-04-30,12.0
11949,15625,2024-05-30,12.0
11950,15625,2024-06-29,12.0
11951,15625,2024-07-29,12.0
11952,15625,2024-08-28,12.0
11953,15625,2024-09-27,12.0
11954,15625,2024-10-27,12.0
11955,15625,2024-11-26,12.0
11956,15625,2024-12-26,12.0
11957,15627,2024-07-12,24.0
11958,15627,2024-08-11,24.0
11959,15627,2024-09-10,24.0
11960,15627,2024-10-10,24.0
11961,15627,2024-11-09,24.0
11962,15627,2024-12-09,24.0
11963,15636,2024-12-22,24.0
11964,15645,2024-11-27,12.0
11965,15650,2024-03-26,12.0
11966,15650,2024-04-25,12.0
11967,15650,2024-05-25,12.0
11968,15650,2024-06-24,12.0
11969,15650,2024-07-24,12.0
11970,15650,2024-08-23,12.0
11971,15650,2024-09-22,12.0
11972,15650,2024-10-22,12.0
11973,15650,2024-11-21,12.0
11974,15650,2024-12-21,12.0
11975,15651,2024-09-11,24.0
11976,15651,2024-10-11,24.0
11977,15651,2024-11-10,24.0
11978,15651,2024-12-10,24.0
11979,15655,2024-01-29,12.0
11980,15655,2024-02-28,12.0
11981,15655,2024-03-29,12.0
11982,15655,2024-04-28,12.0
11983,15655,2024-05-28,12.0
11984,15655,2024-06-27,12.0
11985,15655,2024-07-27,12.0
11986,15655,2024-08-26,12.0
11987,15655,2024-09-25,12.0
11988,15655,2024-10-25,12.0
11989,15655,2024-11-24,12.0
11990,15655,2024-12-24,12.0
11991,15656,2024-09-07,12.0
11992,15658,2024-11-04,12.0
11993,15658,2024-12-04,12.0
11994,15662,2024-08-31,24.0
11995,15662,2024-09-30,24.0
11996,15662,2024-10-30,24.0
11997,15662,2024-11-29,24.0
11998,15662,2024-12-29,24.0
11999,15680,2024-10-19,24.0
12000,15680,2024-11-18,24.0
12001,15680,2024-12-18,24.0
12002,15683,2024-01-27,24.0
12003,15683,2024-02-26,24.0
12004,15683,2024-03-27,24.0
12005,15683,2024-04-26,24.0
12006,15683,2024-05-26,24.0
12007,15683,2024-06-25,24.0
12008,15683,2024-07-25,24.0
12009,15683,2024-08-24,24.0
12010,15683,2024-09-23,24.0
12011,15683,2024-10-23,24.0
12012,15683,2024-11-22,24.0
12013,15683,2024-12-22,24.0
12014,15694,2024-11-06,24.0
12015,15694,2024-12-06,24.0
12016,15695,2024-12-10,24.0
12017,15699,2024-09-11,12.0
12018,15699,2024-10-11,12.0
12019,15699,2024-11-10,12.0
12020,15699,2024-12-10,12.0
12021,15700,2024-03-04,12.0
12022,15707,2024-09-05,24.0
12023,15714,2024-10-13,24.0
12024,15714,2024-11-12,24.0
12025,15714,2024-12-12,24.0
12026,15721,2024-11-30,24.0
12027,15721,2024-12-30,24.0
12028,15722,2024-01-24,12.0
12029,15723,2024-12-01,24.0
12030,15724,2024-10-27,12.0
12031,15724,2024-11-26,12.0
12032,15724,2024-12-26,12.0
12033,15726,2024-04-23,12.0
12034,15731,2024-07-02,12.0
12035,15733,2024-03-28,24.0
12036,15733,2024-04-27,24.0
12037,15733,2024-05-27,24.0
12038,15733,2024-06-26,24.0
12039,15733,2024-07-26,24.0
12040,15733,2024-08-25,24.0
12041,15733,2024-09-24,24.0
12042,15733,2024-10-24,24.0
12043,15733,2024-11-23,24.0
12044,15733,2024-12-23,24.0
12045,15746,2024-03-31,12.0
12046,15746,2024-04-30,12.0
12047,15746,2024-05-30,12.0
12048,15746,2024-06-29,12.0
12049,15746,2024-07-29,12.0
12050,15746,2024-08-28,12.0
12051,15746,2024-09-27,12.0
12052,15746,2024-10-27,12.0
12053,15746,2024-11-26,12.0
12054,15746,2024-12-26,12.0
12055,15747,2024-08-13,24.0
12056,15747,2024-09-12,24.0
12057,15747,2024-10-12,24.0
12058,15747,2024-11-11,24.0
12059,15747,2024-12-11,24.0
12060,15753,2024-07-30,12.0
12061,15753,2024-08-29,12.0
12062,15753,2024-09-28,12.0
12063,15753,2024-10-28,12.0
12064,15753,2024-11-27,12.0
12065,15753,2024-12-27,12.0
12066,15759,2024-10-11,12.0
12067,15759,2024-11-10,12.0
12068,15759,2024-12-10,12.0
12069,15763,2024-06-20,12.0
12070,15763,2024-07-20,12.0
12071,15763,2024-08-19,12.0
12072,15763,2024-09-18,12.0
12073,15763,2024-10-18,12.0
12074,15763,2024-11-17,12.0
12075,15763,2024-12-17,12.0
12076,15769,2024-07-21,12.0
12077,15769,2024-08-20,12.0
12078,15769,2024-09-19,12.0
12079,15769,2024-10-19,12.0
12080,15769,2024-11-18,12.0
12081,15769,2024-12-18,12.0
12082,15772,2024-01-16,24.0
12083,15772,2024-02-15,24.0
12084,15772,2024-03-16,24.0
12085,15772,2024-04-15,24.0
12086,15772,2024-05-15,24.0
12087,15772,2024-06-14,24.0
12088,15772,2024-07-14,24.0
12089,15772,2024-08-13,24.0
12090,15772,2024-09-12,24.0
12091,15772,2024-10-12,24.0
12092,15772,2024-11-11,24.0
12093,15772,2024-12-11,24.0
12094,15776,2024-11-26,12.0
12095,15776,2024-12-26,12.0
12096,15779,2024-08-30,12.0
12097,15779,2024-09-29,12.0
12098,15779,2024-10-29,12.0
12099,15779,2024-11-28,12.0
12100,15779,2024-12-28,12.0
12101,15789,2024-07-24,12.0
12102,15789,2024-08-23,12.0
12103,15789,2024-09-22,12.0
12104,15789,2024-10-22,12.0
12105,15789,2024-11-21,12.0
12106,15789,2024-12-21,12.0
12107,15794,2024-04-03,24.0
12108,15796,2024-10-03,12.0
12109,15796,2024-11-02,12.0
12110,15796,2024-12-02,12.0
12111,15807,2024-11-20,12.0
12112,15813,2024-05-28,24.0
12113,15815,2024-02-23,12.0
12114,15815,2024-03-24,12.0
12115,15815,2024-04-23,12.0
12116,15815,2024-05-23,12.0
12117,15815,2024-06-22,12.0
12118,15815,2024-07-22,12.0
12119,15815,2024-08-21,12.0
12120,15815,2024-09-20,12.0
12121,15815,2024-10-20,12.0
12122,15815,2024-11-19,12.0
12123,15815,2024-12-19,12.0
12124,15817,2024-07-23,12.0
12125,15817,2024-08-22,12.0
12126,15817,2024-09-21,12.0
12127,15817,2024-10-21,12.0
12128,15817,2024-11-20,12.0
12129,15817,2024-12-20,12.0
12130,15829,2024-10-16,12.0
12131,15834,2024-09-07,24.0
12132,15834,2024-10-07,24.0
12133,15834,2024-11-06,24.0
12134,15834,2024-12-06,24.0
12135,15839,2024-12-28,12.0
12136,15846,2024-05-29,12.0
12137,15857,2024-10-28,12.0
12138,15858,2024-02-24,24.0
12139,15867,2024-07-24,12.0
12140,15867,2024-08-23,12.0
12141,15867,2024-09-22,12.0
12142,15867,2024-10-22,12.0
12143,15867,2024-11-21,12.0
12144,15867,2024-12-21,12.0
12145,15894,2024-10-02,24.0
12146,15894,2024-11-01,24.0
12147,15894,2024-12-01,24.0
12148,15894,2024-12-31,24.0
12149,15899,2024-02-07,12.0
12150,15899,2024-03-08,12.0
12151,15899,2024-04-07,12.0
12152,15899,2024-05-07,12.0
12153,15899,2024-06-06,12.0
12154,15899,2024-07-06,12.0
12155,15899,2024-08-05,12.0
12156,15899,2024-09-04,12.0
12157,15899,2024-10-04,12.0
12158,15899,2024-11-03,12.0
12159,15899,2024-12-03,12.0
12160,15903,2024-11-23,12.0
12161,15903,2024-12-23,12.0
12162,15906,2024-01-16,12.0
12163,15906,2024-02-15,12.0
12164,15906,2024-03-16,12.0
12165,15906,2024-04-15,12.0
12166,15906,2024-05-15,12.0
12167,15906,2024-06-14,12.0
12168,15906,2024-07-14,12.0
12169,15906,2024-08-13,12.0
12170,15906,2024-09-12,12.0
12171,15906,2024-10-12,12.0
12172,15906,2024-11-11,12.0
12173,15906,2024-12-11,12.0
12174,15910,2024-07-06,12.0
12175,15913,2024-05-04,12.0
12176,15914,2024-09-19,12.0
12177,15914,2024-10-19,12.0
12178,15914,2024-11-18,12.0
12179,15914,2024-12-18,12.0
12180,15922,2024-10-24,24.0
12181,15922,2024-11-23,24.0
12182,15922,2024-12-23,24.0
12183,15925,2024-09-12,12.0
12184,15928,2024-10-04,12.0
12185,15928,2024-11-03,12.0
12186,15928,2024-12-03,12.0
12187,15947,2024-01-19,12.0
12188,15947,2024-02-18,12.0
12189,15947,2024-03-19,12.0
12190,15947,2024-04-18,12.0
12191,15947,2024-05-18,12.0
12192,15947,2024-06-17,12.0
12193,15947,2024-07-17,12.0
12194,15947,2024-08-16,12.0
12195,15947,2024-09-15,12.0
12196,15947,2024-10-15,12.0
12197,15947,2024-11-14,12.0
12198,15947,2024-12-14,12.0
12199,15949,2024-04-27,12.0
12200,15949,2024-05-27,12.0
12201,15949,2024-06-26,12.0
12202,15949,2024-07-26,12.0
12203,15949,2024-08-25,12.0
12204,15949,2024-09-24,12.0
12205,15949,2024-10-24,12.0
12206,15949,2024-11-23,12.0
12207,15949,2024-12-23,12.0
12208,15954,2024-04-19,12.0
12209,15969,2024-02-06,24.0
12210,15969,2024-03-07,24.0
12211,15969,2024-04-06,24.0
12212,15969,2024-05-06,24.0
12213,15969,2024-06-05,24.0
12214,15969,2024-07-05,24.0
12215,15969,2024-08-04,24.0
12216,15969,2024-09-03,24.0
12217,15969,2024-10-03,24.0
12218,15969,2024-11-02,24.0
12219,15969,2024-12-02,24.0
12220,15970,2024-09-10,24.0
12221,15972,2024-10-06,12.0
12222,15979,2024-02-18,12.0
12223,15979,2024-03-19,12.0
12224,15979,2024-04-18,12.0
12225,15979,2024-05-18,12.0
12226,15979,2024-06-17,12.0
12227,15979,2024-07-17,12.0
12228,15979,2024-08-16,12.0
12229,15979,2024-09-15,12.0
12230,15979,2024-10-15,12.0
12231,15979,2024-11-14,12.0
12232,15979,2024-12-14,12.0
12233,15986,2024-03-20,12.0
12234,15986,2024-04-19,12.0
12235,15986,2024-05-19,12.0
12236,15986,2024-06-18,12.0
12237,15986,2024-07-18,12.0
12238,15986,2024-08-17,12.0
12239,15986,2024-09-16,12.0
12240,15986,2024-10-16,12.0
12241,15986,2024-11-15,12.0
12242,15986,2024-12-15,12.0
12243,15987,2024-10-18,12.0
12244,15987,2024-11-17,12.0
12245,15987,2024-12-17,12.0
12246,15992,2025-01-05,24.0
12247,15996,2024-08-27,12.0
12248,15996,2024-09-26,12.0
12249,15996,2024-10-26,12.0
12250,15996,2024-11-25,12.0
12251,15996,2024-12-25,12.0
12252,15998,2024-06-02,12.0
12253,16009,2024-08-11,12.0
12254,16011,2024-06-07,12.0
12255,16011,2024-07-07,12.0
12256,16011,2024-08-06,12.0
12257,16011,2024-09-05,12.0
12258,16011,2024-10-05,12.0
12259,16011,2024-11-04,12.0
12260,16011,2024-12-04,12.0
12261,16014,2024-04-20,24.0
12262,16016,2024-04-13,24.0
12263,16016,2024-05-13,24.0
12264,16016,2024-06-12,24.0
12265,16016,2024-07-12,24.0
12266,16016,2024-08-11,24.0
12267,16016,2024-09-10,24.0
12268,16016,2024-10-10,24.0
12269,16016,2024-11-09,24.0
12270,16016,2024-12-09,24.0
12271,16023,2024-12-28,24.0
12272,16027,2024-11-11,12.0
12273,16027,2024-12-11,12.0
12274,16028,2025-01-13,24.0
12275,16040,2024-02-18,12.0
12276,16040,2024-03-19,12.0
12277,16040,2024-04-18,12.0
12278,16040,2024-05-18,12.0
12279,16040,2024-06-17,12.0
12280,16040,2024-07-17,12.0
12281,16040,2024-08-16,12.0
12282,16040,2024-09-15,12.0
12283,16040,2024-10-15,12.0
12284,16040,2024-11-14,12.0
12285,16040,2024-12-14,12.0
12286,16048,2024-05-31,24.0
12287,16069,2024-05-11,12.0
12288,16070,2024-01-28,24.0
12289,16070,2024-02-27,24.0
12290,16070,2024-03-28,24.0
12291,16070,2024-04-27,24.0
12292,16070,2024-05-27,24.0
12293,16070,2024-06-26,24.0
12294,16070,2024-07-26,24.0
12295,16070,2024-08-25,24.0
12296,16070,2024-09-24,24.0
12297,16070,2024-10-24,24.0
12298,16070,2024-11-23,24.0
12299,16070,2024-12-23,24.0
12300,16083,2024-10-07,12.0
12301,16083,2024-11-06,12.0
12302,16083,2024-12-06,12.0
12303,16105,2024-09-08,24.0
12304,16105,2024-10-08,24.0
12305,16105,2024-11-07,24.0
12306,16105,2024-12-07,24.0
12307,16108,2024-10-08,12.0
12308,16108,2024-11-07,12.0
12309,16108,2024-12-07,12.0
12310,16112,2024-08-11,12.0
12311,16112,2024-09-10,12.0
12312,16112,2024-10-10,12.0
12313,16112,2024-11-09,12.0
12314,16112,2024-12-09,12.0
12315,16115,2024-01-24,12.0
12316,16119,2024-12-24,24.0
12317,16121,2024-05-15,12.0
12318,16121,2024-06-14,12.0
12319,16121,2024-07-14,12.0
12320,16121,2024-08-13,12.0
12321,16121,2024-09-12,12.0
12322,16121,2024-10-12,12.0
12323,16121,2024-11-11,12.0
12324,16121,2024-12-11,12.0
12325,16132,2024-12-01,12.0
12326,16132,2024-12-31,12.0
12327,16141,2024-08-19,24.0
12328,16141,2024-09-18,24.0
12329,16141,2024-10-18,24.0
12330,16141,2024-11-17,24.0
12331,16141,2024-12-17,24.0
12332,16149,2024-04-28,24.0
12333,16153,2024-06-15,12.0
12334,16154,2024-07-25,12.0
12335,16165,2024-02-21,12.0
12336,16167,2024-09-06,12.0
12337,16167,2024-10-06,12.0
12338,16167,2024-11-05,12.0
12339,16167,2024-12-05,12.0
12340,16179,2024-05-12,24.0
12341,16179,2024-06-11,24.0
12342,16179,2024-07-11,24.0
12343,16179,2024-08-10,24.0
12344,16179,2024-09-09,24.0
12345,16179,2024-10-09,24.0
12346,16179,2024-11-08,24.0
12347,16179,2024-12-08,24.0
12348,16180,2024-12-26,12.0
12349,16186,2024-03-15,12.0
12350,16188,2024-11-12,12.0
12351,16188,2024-12-12,12.0
12352,16189,2024-12-29,12.0
12353,16200,2024-05-15,24.0
12354,16200,2024-06-14,24.0
12355,16200,2024-07-14,24.0
12356,16200,2024-08-13,24.0
12357,16200,2024-09-12,24.0
12358,16200,2024-10-12,24.0
12359,16200,2024-11-11,24.0
12360,16200,2024-12-11,24.0
12361,16201,2024-04-26,12.0
12362,16207,2024-12-30,12.0
12363,16210,2024-01-17,12.0
12364,16210,2024-02-16,12.0
12365,16210,2024-03-17,12.0
12366,16210,2024-04-16,12.0
12367,16210,2024-05-16,12.0
12368,16210,2024-06-15,12.0
12369,16210,2024-07-15,12.0
12370,16210,2024-08-14,12.0
12371,16210,2024-09-13,12.0
12372,16210,2024-10-13,12.0
12373,16210,2024-11-12,12.0
12374,16210,2024-12-12,12.0
12375,16231,2024-03-13,12.0
12376,16233,2024-04-03,24.0
12377,16237,2024-11-23,12.0
12378,16243,2024-12-04,12.0
12379,16245,2024-05-05,12.0
12380,16246,2024-06-01,12.0
12381,16249,2024-06-21,12.0
12382,16255,2024-03-29,12.0
12383,16255,2024-04-28,12.0
12384,16255,2024-05-28,12.0
12385,16255,2024-06-27,12.0
12386,16255,2024-07-27,12.0
12387,16255,2024-08-26,12.0
12388,16255,2024-09-25,12.0
12389,16255,2024-10-25,12.0
12390,16255,2024-11-24,12.0
12391,16255,2024-12-24,12.0
12392,16257,2024-09-11,12.0
12393,16261,2024-02-18,12.0
12394,16261,2024-03-19,12.0
12395,16261,2024-04-18,12.0
12396,16261,2024-05-18,12.0
12397,16261,2024-06-17,12.0
12398,16261,2024-07-17,12.0
12399,16261,2024-08-16,12.0
12400,16261,2024-09-15,12.0
12401,16261,2024-10-15,12.0
12402,16261,2024-11-14,12.0
12403,16261,2024-12-14,12.0
12404,16266,2024-05-10,12.0
12405,16266,2024-06-09,12.0
12406,16266,2024-07-09,12.0
12407,16266,2024-08-08,12.0
12408,16266,2024-09-07,12.0
12409,16266,2024-10-07,12.0
12410,16266,2024-11-06,12.0
12411,16266,2024-12-06,12.0
12412,16269,2024-11-17,12.0
12413,16272,2025-01-13,12.0
12414,16276,2024-03-08,24.0
12415,16276,2024-04-07,24.0
12416,16276,2024-05-07,24.0
12417,16276,2024-06-06,24.0
12418,16276,2024-07-06,24.0
12419,16276,2024-08-05,24.0
12420,16276,2024-09-04,24.0
12421,16276,2024-10-04,24.0
12422,16276,2024-11-03,24.0
12423,16276,2024-12-03,24.0
12424,16277,2024-03-18,12.0
12425,16279,2024-10-03,12.0
12426,16279,2024-11-02,12.0
12427,16279,2024-12-02,12.0
12428,16281,2025-01-10,12.0
12429,16285,2024-10-18,12.0
12430,16285,2024-11-17,12.0
12431,16285,2024-12-17,12.0
12432,16296,2024-07-04,24.0
12433,16296,2024-08-03,24.0
12434,16296,2024-09-02,24.0
12435,16296,2024-10-02,24.0
12436,16296,2024-11-01,24.0
12437,16296,2024-12-01,24.0
12438,16296,2024-12-31,24.0
12439,16306,2024-10-28,12.0
12440,16312,2024-10-29,12.0
12441,16329,2024-03-18,24.0
12442,16329,2024-04-17,24.0
12443,16329,2024-05-17,24.0
12444,16329,2024-06-16,24.0
12445,16329,2024-07-16,24.0
12446,16329,2024-08-15,24.0
12447,16329,2024-09-14,24.0
12448,16329,2024-10-14,24.0
12449,16329,2024-11-13,24.0
12450,16329,2024-12-13,24.0
12451,16330,2024-02-25,12.0
12452,16330,2024-03-26,12.0
12453,16330,2024-04-25,12.0
12454,16330,2024-05-25,12.0
12455,16330,2024-06-24,12.0
12456,16330,2024-07-24,12.0
12457,16330,2024-08-23,12.0
12458,16330,2024-09-22,12.0
12459,16330,2024-10-22,12.0
12460,16330,2024-11-21,12.0
12461,16330,2024-12-21,12.0
12462,16332,2024-09-07,12.0
12463,16332,2024-10-07,12.0
12464,16332,2024-11-06,12.0
12465,16332,2024-12-06,12.0
12466,16344,2024-01-19,12.0
12467,16344,2024-02-18,12.0
12468,16344,2024-03-19,12.0
12469,16344,2024-04-18,12.0
12470,16344,2024-05-18,12.0
12471,16344,2024-06-17,12.0
12472,16344,2024-07-17,12.0
12473,16344,2024-08-16,12.0
12474,16344,2024-09-15,12.0
12475,16344,2024-10-15,12.0
12476,16344,2024-11-14,12.0
12477,16344,2024-12-14,12.0
12478,16352,2024-07-29,12.0
12479,16356,2024-06-26,12.0
12480,16370,2024-05-08,24.0
12481,16376,2024-11-17,24.0
12482,16376,2024-12-17,24.0
12483,16386,2024-06-05,12.0
12484,16388,2024-06-15,12.0
12485,16388,2024-07-15,12.0
12486,16388,2024-08-14,12.0
12487,16388,2024-09-13,12.0
12488,16388,2024-10-13,12.0
12489,16388,2024-11-12,12.0
12490,16388,2024-12-12,12.0
12491,16389,2024-09-23,12.0
12492,16404,2024-08-22,12.0
12493,16413,2024-09-26,12.0
12494,16413,2024-10-26,12.0
12495,16413,2024-11-25,12.0
12496,16413,2024-12-25,12.0
12497,16417,2024-07-25,12.0
12498,16418,2024-10-03,12.0
12499,16421,2025-01-11,24.0
12500,16426,2024-03-09,12.0
12501,16431,2024-10-28,12.0
12502,16432,2024-04-20,12.0
12503,16432,2024-05-20,12.0
12504,16432,2024-06-19,12.0
12505,16432,2024-07-19,12.0
12506,16432,2024-08-18,12.0
12507,16432,2024-09-17,12.0
12508,16432,2024-10-17,12.0
12509,16432,2024-11-16,12.0
12510,16432,2024-12-16,12.0
12511,16446,2024-09-20,12.0
12512,16446,2024-10-20,12.0
12513,16446,2024-11-19,12.0
12514,16446,2024-12-19,12.0
12515,16459,2024-12-08,24.0
12516,16467,2024-10-07,24.0
12517,16467,2024-11-06,24.0
12518,16467,2024-12-06,24.0
12519,16469,2024-06-10,12.0
12520,16477,2024-11-19,24.0
12521,16477,2024-12-19,24.0
12522,16480,2024-06-11,12.0
12523,16480,2024-07-11,12.0
12524,16480,2024-08-10,12.0
12525,16480,2024-09-09,12.0
12526,16480,2024-10-09,12.0
12527,16480,2024-11-08,12.0
12528,16480,2024-12-08,12.0
12529,16482,2024-11-20,12.0
12530,16482,2024-12-20,12.0
12531,16487,2024-09-11,12.0
12532,16487,2024-10-11,12.0
12533,16487,2024-11-10,12.0
12534,16487,2024-12-10,12.0
12535,16489,2024-08-02,12.0
12536,16490,2024-06-14,24.0
12537,16490,2024-07-14,24.0
12538,16490,2024-08-13,24.0
12539,16490,2024-09-12,24.0
12540,16490,2024-10-12,24.0
12541,16490,2024-11-11,24.0
12542,16490,2024-12-11,24.0
12543,16494,2024-09-27,12.0
12544,16494,2024-10-27,12.0
12545,16494,2024-11-26,12.0
12546,16494,2024-12-26,12.0
12547,16502,2024-03-27,12.0
12548,16502,2024-04-26,12.0
12549,16502,2024-05-26,12.0
12550,16502,2024-06-25,12.0
12551,16502,2024-07-25,12.0
12552,16502,2024-08-24,12.0
12553,16502,2024-09-23,12.0
12554,16502,2024-10-23,12.0
12555,16502,2024-11-22,12.0
12556,16502,2024-12-22,12.0
12557,16503,2024-03-12,12.0
12558,16504,2024-10-19,24.0
12559,16510,2024-03-05,12.0
12560,16510,2024-04-04,12.0
12561,16510,2024-05-04,12.0
12562,16510,2024-06-03,12.0
12563,16510,2024-07-03,12.0
12564,16510,2024-08-02,12.0
12565,16510,2024-09-01,12.0
12566,16510,2024-10-01,12.0
12567,16510,2024-10-31,12.0
12568,16510,2024-11-30,12.0
12569,16510,2024-12-30,12.0
12570,16518,2024-08-14,12.0
12571,16518,2024-09-13,12.0
12572,16518,2024-10-13,12.0
12573,16518,2024-11-12,12.0
12574,16518,2024-12-12,12.0
12575,16527,2024-04-07,12.0
12576,16527,2024-05-07,12.0
12577,16527,2024-06-06,12.0
12578,16527,2024-07-06,12.0
12579,16527,2024-08-05,12.0
12580,16527,2024-09-04,12.0
12581,16527,2024-10-04,12.0
12582,16527,2024-11-03,12.0
12583,16527,2024-12-03,12.0
12584,16535,2024-05-16,12.0
12585,16545,2024-12-21,24.0
12586,16546,2024-07-29,24.0
12587,16546,2024-08-28,24.0
12588,16546,2024-09-27,24.0
12589,16546,2024-10-27,24.0
12590,16546,2024-11-26,24.0
12591,16546,2024-12-26,24.0
12592,16547,2024-05-20,12.0
12593,16554,2025-01-04,24.0
12594,16556,2024-02-21,12.0
12595,16556,2024-03-22,12.0
12596,16556,2024-04-21,12.0
12597,16556,2024-05-21,12.0
12598,16556,2024-06-20,12.0
12599,16556,2024-07-20,12.0
12600,16556,2024-08-19,12.0
12601,16556,2024-09-18,12.0
12602,16556,2024-10-18,12.0
12603,16556,2024-11-17,12.0
12604,16556,2024-12-17,12.0
12605,16558,2024-08-10,24.0
12606,16559,2024-05-02,12.0
12607,16559,2024-06-01,12.0
12608,16559,2024-07-01,12.0
12609,16559,2024-07-31,12.0
12610,16559,2024-08-30,12.0
12611,16559,2024-09-29,12.0
12612,16559,2024-10-29,12.0
12613,16559,2024-11-28,12.0
12614,16559,2024-12-28,12.0
12615,16573,2024-10-11,12.0
12616,16574,2024-03-18,12.0
12617,16581,2024-11-06,12.0
12618,16585,2025-01-09,12.0
12619,16589,2024-11-11,24.0
12620,16589,2024-12-11,24.0
12621,16593,2024-05-14,24.0
12622,16597,2024-05-29,24.0
12623,16604,2024-03-02,12.0
12624,16604,2024-04-01,12.0
12625,16604,2024-05-01,12.0
12626,16604,2024-05-31,12.0
12627,16604,2024-06-30,12.0
12628,16604,2024-07-30,12.0
12629,16604,2024-08-29,12.0
12630,16604,2024-09-28,12.0
12631,16604,2024-10-28,12.0
12632,16604,2024-11-27,12.0
12633,16604,2024-12-27,12.0
12634,16611,2024-06-13,12.0
12635,16620,2024-11-04,12.0
12636,16623,2024-10-04,24.0
12637,16623,2024-11-03,24.0
12638,16623,2024-12-03,24.0
12639,16625,2024-01-18,12.0
12640,16625,2024-02-17,12.0
12641,16625,2024-03-18,12.0
12642,16625,2024-04-17,12.0
12643,16625,2024-05-17,12.0
12644,16625,2024-06-16,12.0
12645,16625,2024-07-16,12.0
12646,16625,2024-08-15,12.0
12647,16625,2024-09-14,12.0
12648,16625,2024-10-14,12.0
12649,16625,2024-11-13,12.0
12650,16625,2024-12-13,12.0
12651,16634,2024-03-11,12.0
12652,16634,2024-04-10,12.0
12653,16634,2024-05-10,12.0
12654,16634,2024-06-09,12.0
12655,16634,2024-07-09,12.0
12656,16634,2024-08-08,12.0
12657,16634,2024-09-07,12.0
12658,16634,2024-10-07,12.0
12659,16634,2024-11-06,12.0
12660,16634,2024-12-06,12.0
12661,16646,2024-06-07,12.0
12662,16646,2024-07-07,12.0
12663,16646,2024-08-06,12.0
12664,16646,2024-09-05,12.0
12665,16646,2024-10-05,12.0
12666,16646,2024-11-04,12.0
12667,16646,2024-12-04,12.0
12668,16660,2024-07-08,24.0
12669,16663,2024-04-25,12.0
12670,16663,2024-05-25,12.0
12671,16663,2024-06-24,12.0
12672,16663,2024-07-24,12.0
12673,16663,2024-08-23,12.0
12674,16663,2024-09-22,12.0
12675,16663,2024-10-22,12.0
12676,16663,2024-11-21,12.0
12677,16663,2024-12-21,12.0
12678,16673,2024-03-03,12.0
12679,16673,2024-04-02,12.0
12680,16673,2024-05-02,12.0
12681,16673,2024-06-01,12.0
12682,16673,2024-07-01,12.0
12683,16673,2024-07-31,12.0
12684,16673,2024-08-30,12.0
12685,16673,2024-09-29,12.0
12686,16673,2024-10-29,12.0
12687,16673,2024-11-28,12.0
12688,16673,2024-12-28,12.0
12689,16678,2024-06-20,12.0
12690,16692,2024-11-10,24.0
12691,16692,2024-12-10,24.0
12692,16693,2024-08-28,24.0
12693,16693,2024-09-27,24.0
12694,16693,2024-10-27,24.0
12695,16693,2024-11-26,24.0
12696,16693,2024-12-26,24.0
12697,16703,2024-02-28,24.0
12698,16712,2024-07-28,12.0
12699,16732,2024-08-12,12.0
12700,16737,2024-10-08,24.0
12701,16739,2024-11-25,24.0
12702,16739,2024-12-25,24.0
12703,16740,2024-11-16,12.0
12704,16740,2024-12-16,12.0
12705,16770,2024-03-18,12.0
12706,16770,2024-04-17,12.0
12707,16770,2024-05-17,12.0
12708,16770,2024-06-16,12.0
12709,16770,2024-07-16,12.0
12710,16770,2024-08-15,12.0
12711,16770,2024-09-14,12.0
12712,16770,2024-10-14,12.0
12713,16770,2024-11-13,12.0
12714,16770,2024-12-13,12.0
12715,16771,2025-01-14,24.0
12716,16775,2024-07-27,24.0
12717,16775,2024-08-26,24.0
12718,16775,2024-09-25,24.0
12719,16775,2024-10-25,24.0
12720,16775,2024-11-24,24.0
12721,16775,2024-12-24,24.0
12722,16777,2024-10-01,12.0
12723,16777,2024-10-31,12.0
12724,16777,2024-11-30,12.0
12725,16777,2024-12-30,12.0
12726,16779,2024-08-06,12.0
12727,16779,2024-09-05,12.0
12728,16779,2024-10-05,12.0
12729,16779,2024-11-04,12.0
12730,16779,2024-12-04,12.0
12731,16783,2024-01-17,12.0
12732,16783,2024-02-16,12.0
12733,16783,2024-03-17,12.0
12734,16783,2024-04-16,12.0
12735,16783,2024-05-16,12.0
12736,16783,2024-06-15,12.0
12737,16783,2024-07-15,12.0
12738,16783,2024-08-14,12.0
12739,16783,2024-09-13,12.0
12740,16783,2024-10-13,12.0
12741,16783,2024-11-12,12.0
12742,16783,2024-12-12,12.0
12743,16786,2024-08-22,12.0
12744,16787,2024-06-02,24.0
12745,16787,2024-07-02,24.0
12746,16787,2024-08-01,24.0
12747,16787,2024-08-31,24.0
12748,16787,2024-09-30,24.0
12749,16787,2024-10-30,24.0
12750,16787,2024-11-29,24.0
12751,16787,2024-12-29,24.0
12752,16789,2024-10-25,12.0
12753,16789,2024-11-24,12.0
12754,16789,2024-12-24,12.0
12755,16794,2024-09-01,24.0
12756,16794,2024-10-01,24.0
12757,16794,2024-10-31,24.0
12758,16794,2024-11-30,24.0
12759,16794,2024-12-30,24.0
12760,16801,2024-07-13,24.0
12761,16801,2024-08-12,24.0
12762,16801,2024-09-11,24.0
12763,16801,2024-10-11,24.0
12764,16801,2024-11-10,24.0
12765,16801,2024-12-10,24.0
12766,16802,2024-07-08,24.0
12767,16806,2024-12-17,12.0
12768,16809,2024-09-24,12.0
12769,16809,2024-10-24,12.0
12770,16809,2024-11-23,12.0
12771,16809,2024-12-23,12.0
12772,16816,2024-09-21,12.0
12773,16816,2024-10-21,12.0
12774,16816,2024-11-20,12.0
12775,16816,2024-12-20,12.0
12776,16818,2024-03-24,24.0
12777,16818,2024-04-23,24.0
12778,16818,2024-05-23,24.0
12779,16818,2024-06-22,24.0
12780,16818,2024-07-22,24.0
12781,16818,2024-08-21,24.0
12782,16818,2024-09-20,24.0
12783,16818,2024-10-20,24.0
12784,16818,2024-11-19,24.0
12785,16818,2024-12-19,24.0
12786,16823,2024-10-04,24.0
12787,16823,2024-11-03,24.0
12788,16823,2024-12-03,24.0
12789,16825,2024-01-18,12.0
12790,16825,2024-02-17,12.0
12791,16825,2024-03-18,12.0
12792,16825,2024-04-17,12.0
12793,16825,2024-05-17,12.0
12794,16825,2024-06-16,12.0
12795,16825,2024-07-16,12.0
12796,16825,2024-08-15,12.0
12797,16825,2024-09-14,12.0
12798,16825,2024-10-14,12.0
12799,16825,2024-11-13,12.0
12800,16825,2024-12-13,12.0
12801,16828,2024-01-22,12.0
12802,16839,2024-06-05,24.0
12803,16850,2024-06-26,12.0
12804,16850,2024-07-26,12.0
12805,16850,2024-08-25,12.0
12806,16850,2024-09-24,12.0
12807,16850,2024-10-24,12.0
12808,16850,2024-11-23,12.0
12809,16850,2024-12-23,12.0
12810,16862,2024-12-11,24.0
12811,16864,2024-03-02,24.0
12812,16866,2024-07-21,24.0
12813,16866,2024-08-20,24.0
12814,16866,2024-09-19,24.0
12815,16866,2024-10-19,24.0
12816,16866,2024-11-18,24.0
12817,16866,2024-12-18,24.0
12818,16871,2024-12-28,12.0
12819,16878,2024-02-09,12.0
12820,16878,2024-03-10,12.0
12821,16878,2024-04-09,12.0
12822,16878,2024-05-09,12.0
12823,16878,2024-06-08,12.0
12824,16878,2024-07-08,12.0
12825,16878,2024-08-07,12.0
12826,16878,2024-09-06,12.0
12827,16878,2024-10-06,12.0
12828,16878,2024-11-05,12.0
12829,16878,2024-12-05,12.0
12830,16879,2024-05-19,24.0
12831,16879,2024-06-18,24.0
12832,16879,2024-07-18,24.0
12833,16879,2024-08-17,24.0
12834,16879,2024-09-16,24.0
12835,16879,2024-10-16,24.0
12836,16879,2024-11-15,24.0
12837,16879,2024-12-15,24.0
12838,16883,2024-09-10,12.0
12839,16883,2024-10-10,12.0
12840,16883,2024-11-09,12.0
12841,16883,2024-12-09,12.0
12842,16895,2024-02-17,12.0
12843,16895,2024-03-18,12.0
12844,16895,2024-04-17,12.0
12845,16895,2024-05-17,12.0
12846,16895,2024-06-16,12.0
12847,16895,2024-07-16,12.0
12848,16895,2024-08-15,12.0
12849,16895,2024-09-14,12.0
12850,16895,2024-10-14,12.0
12851,16895,2024-11-13,12.0
12852,16895,2024-12-13,12.0
12853,16899,2024-12-26,12.0
12854,16900,2024-07-08,12.0
12855,16903,2024-08-11,12.0
12856,16905,2024-05-04,24.0
12857,16910,2024-10-15,12.0
12858,16910,2024-11-14,12.0
12859,16910,2024-12-14,12.0
12860,16913,2024-07-09,12.0
12861,16916,2024-07-05,12.0
12862,16917,2024-05-04,12.0
12863,16927,2025-01-02,24.0
12864,16929,2024-03-18,12.0
12865,16929,2024-04-17,12.0
12866,16929,2024-05-17,12.0
12867,16929,2024-06-16,12.0
12868,16929,2024-07-16,12.0
12869,16929,2024-08-15,12.0
12870,16929,2024-09-14,12.0
12871,16929,2024-10-14,12.0
12872,16929,2024-11-13,12.0
12873,16929,2024-12-13,12.0
12874,16932,2024-02-28,24.0
12875,16932,2024-03-29,24.0
12876,16932,2024-04-28,24.0
12877,16932,2024-05-28,24.0
12878,16932,2024-06-27,24.0
12879,16932,2024-07-27,24.0
12880,16932,2024-08-26,24.0
12881,16932,2024-09-25,24.0
12882,16932,2024-10-25,24.0
12883,16932,2024-11-24,24.0
12884,16932,2024-12-24,24.0
12885,16939,2024-11-27,24.0
12886,16939,2024-12-27,24.0
12887,16940,2024-02-22,12.0
12888,16940,2024-03-23,12.0
12889,16940,2024-04-22,12.0
12890,16940,2024-05-22,12.0
12891,16940,2024-06-21,12.0
12892,16940,2024-07-21,12.0
12893,16940,2024-08-20,12.0
12894,16940,2024-09-19,12.0
12895,16940,2024-10-19,12.0
12896,16940,2024-11-18,12.0
12897,16940,2024-12-18,12.0
12898,16942,2024-09-02,12.0
12899,16942,2024-10-02,12.0
12900,16942,2024-11-01,12.0
12901,16942,2024-12-01,12.0
12902,16942,2024-12-31,12.0
12903,16950,2024-04-01,12.0
12904,16950,2024-05-01,12.0
12905,16950,2024-05-31,12.0
12906,16950,2024-06-30,12.0
12907,16950,2024-07-30,12.0
12908,16950,2024-08-29,12.0
12909,16950,2024-09-28,12.0
12910,16950,2024-10-28,12.0
12911,16950,2024-11-27,12.0
12912,16950,2024-12-27,12.0
12913,16954,2024-11-27,12.0
12914,16964,2024-12-09,24.0
12915,16966,2024-10-21,24.0
12916,16966,2024-11-20,24.0
12917,16966,2024-12-20,24.0
12918,16972,2025-01-04,12.0
12919,16974,2024-02-23,24.0
12920,16974,2024-03-24,24.0
12921,16974,2024-04-23,24.0
12922,16974,2024-05-23,24.0
12923,16974,2024-06-22,24.0
12924,16974,2024-07-22,24.0
12925,16974,2024-08-21,24.0
12926,16974,2024-09-20,24.0
12927,16974,2024-10-20,24.0
12928,16974,2024-11-19,24.0
12929,16974,2024-12-19,24.0
12930,16977,2024-02-01,12.0
12931,16977,2024-03-02,12.0
12932,16977,2024-04-01,12.0
12933,16977,2024-05-01,12.0
12934,16977,2024-05-31,12.0
12935,16977,2024-06-30,12.0
12936,16977,2024-07-30,12.0
12937,16977,2024-08-29,12.0
12938,16977,2024-09-28,12.0
12939,16977,2024-10-28,12.0
12940,16977,2024-11-27,12.0
12941,16977,2024-12-27,12.0
12942,16979,2024-12-16,12.0
12943,16995,2024-05-07,12.0
12944,17000,2024-08-23,12.0
12945,17000,2024-09-22,12.0
12946,17000,2024-10-22,12.0
12947,17000,2024-11-21,12.0
12948,17000,2024-12-21,12.0
12949,17003,2024-04-06,24.0
12950,17003,2024-05-06,24.0
12951,17003,2024-06-05,24.0
12952,17003,2024-07-05,24.0
12953,17003,2024-08-04,24.0
12954,17003,2024-09-03,24.0
12955,17003,2024-10-03,24.0
12956,17003,2024-11-02,24.0
12957,17003,2024-12-02,24.0
12958,17007,2024-11-10,24.0
12959,17007,2024-12-10,24.0
12960,17009,2024-09-18,12.0
12961,17009,2024-10-18,12.0
12962,17009,2024-11-17,12.0
12963,17009,2024-12-17,12.0
12964,17012,2024-03-26,24.0
12965,17012,2024-04-25,24.0
12966,17012,2024-05-25,24.0
12967,17012,2024-06-24,24.0
12968,17012,2024-07-24,24.0
12969,17012,2024-08-23,24.0
12970,17012,2024-09-22,24.0
12971,17012,2024-10-22,24.0
12972,17012,2024-11-21,24.0
12973,17012,2024-12-21,24.0
12974,17018,2024-07-25,12.0
12975,17022,2024-01-31,12.0
12976,17023,2024-02-05,12.0
12977,17023,2024-03-06,12.0
12978,17023,2024-04-05,12.0
12979,17023,2024-05-05,12.0
12980,17023,2024-06-04,12.0
12981,17023,2024-07-04,12.0
12982,17023,2024-08-03,12.0
12983,17023,2024-09-02,12.0
12984,17023,2024-10-02,12.0
12985,17023,2024-11-01,12.0
12986,17023,2024-12-01,12.0
12987,17023,2024-12-31,12.0
12988,17028,2024-05-03,12.0
12989,17028,2024-06-02,12.0
12990,17028,2024-07-02,12.0
12991,17028,2024-08-01,12.0
12992,17028,2024-08-31,12.0
12993,17028,2024-09-30,12.0
12994,17028,2024-10-30,12.0
12995,17028,2024-11-29,12.0
12996,17028,2024-12-29,12.0
12997,17034,2024-08-15,12.0
12998,17034,2024-09-14,12.0
12999,17034,2024-10-14,12.0
13000,17034,2024-11-13,12.0
13001,17034,2024-12-13,12.0
13002,17036,2024-10-28,12.0
13003,17036,2024-11-27,12.0
13004,17036,2024-12-27,12.0
13005,17037,2025-01-02,12.0
13006,17042,2024-11-10,12.0
13007,17042,2024-12-10,12.0
13008,17050,2024-01-23,24.0
13009,17050,2024-02-22,24.0
13010,17050,2024-03-23,24.0
13011,17050,2024-04-22,24.0
13012,17050,2024-05-22,24.0
13013,17050,2024-06-21,24.0
13014,17050,2024-07-21,24.0
13015,17050,2024-08-20,24.0
13016,17050,2024-09-19,24.0
13017,17050,2024-10-19,24.0
13018,17050,2024-11-18,24.0
13019,17050,2024-12-18,24.0
13020,17053,2024-10-06,24.0
13021,17053,2024-11-05,24.0
13022,17053,2024-12-05,24.0
13023,17061,2025-01-08,12.0
13024,17082,2024-06-11,12.0
13025,17082,2024-07-11,12.0
13026,17082,2024-08-10,12.0
13027,17082,2024-09-09,12.0
13028,17082,2024-10-09,12.0
13029,17082,2024-11-08,12.0
13030,17082,2024-12-08,12.0
13031,17095,2024-12-04,12.0
13032,17098,2024-08-08,24.0
13033,17102,2024-09-23,24.0
13034,17116,2024-11-20,12.0
13035,17116,2024-12-20,12.0
13036,17118,2024-02-03,12.0
13037,17118,2024-03-04,12.0
13038,17118,2024-04-03,12.0
13039,17118,2024-05-03,12.0
13040,17118,2024-06-02,12.0
13041,17118,2024-07-02,12.0
13042,17118,2024-08-01,12.0
13043,17118,2024-08-31,12.0
13044,17118,2024-09-30,12.0
13045,17118,2024-10-30,12.0
13046,17118,2024-11-29,12.0
13047,17118,2024-12-29,12.0
13048,17122,2024-05-06,12.0
13049,17122,2024-06-05,12.0
13050,17122,2024-07-05,12.0
13051,17122,2024-08-04,12.0
13052,17122,2024-09-03,12.0
13053,17122,2024-10-03,12.0
13054,17122,2024-11-02,12.0
13055,17122,2024-12-02,12.0
13056,17123,2024-09-01,24.0
13057,17123,2024-10-01,24.0
13058,17123,2024-10-31,24.0
13059,17123,2024-11-30,24.0
13060,17123,2024-12-30,24.0
13061,17125,2024-05-15,12.0
13062,17126,2024-12-29,24.0
13063,17127,2024-05-28,24.0
13064,17129,2024-06-18,24.0
13065,17129,2024-07-18,24.0
13066,17129,2024-08-17,24.0
13067,17129,2024-09-16,24.0
13068,17129,2024-10-16,24.0
13069,17129,2024-11-15,24.0
13070,17129,2024-12-15,24.0
13071,17130,2024-02-21,12.0
13072,17130,2024-03-22,12.0
13073,17130,2024-04-21,12.0
13074,17130,2024-05-21,12.0
13075,17130,2024-06-20,12.0
13076,17130,2024-07-20,12.0
13077,17130,2024-08-19,12.0
13078,17130,2024-09-18,12.0
13079,17130,2024-10-18,12.0
13080,17130,2024-11-17,12.0
13081,17130,2024-12-17,12.0
13082,17143,2024-08-11,12.0
13083,17143,2024-09-10,12.0
13084,17143,2024-10-10,12.0
13085,17143,2024-11-09,12.0
13086,17143,2024-12-09,12.0
13087,17151,2024-12-04,24.0
13088,17165,2024-10-16,24.0
13089,17165,2024-11-15,24.0
13090,17165,2024-12-15,24.0
13091,17166,2024-10-10,12.0
13092,17173,2024-06-06,24.0
13093,17173,2024-07-06,24.0
13094,17173,2024-08-05,24.0
13095,17173,2024-09-04,24.0
13096,17173,2024-10-04,24.0
13097,17173,2024-11-03,24.0
13098,17173,2024-12-03,24.0
13099,17174,2024-04-30,12.0
13100,17174,2024-05-30,12.0
13101,17174,2024-06-29,12.0
13102,17174,2024-07-29,12.0
13103,17174,2024-08-28,12.0
13104,17174,2024-09-27,12.0
13105,17174,2024-10-27,12.0
13106,17174,2024-11-26,12.0
13107,17174,2024-12-26,12.0
13108,17176,2024-06-10,12.0
13109,17176,2024-07-10,12.0
13110,17176,2024-08-09,12.0
13111,17176,2024-09-08,12.0
13112,17176,2024-10-08,12.0
13113,17176,2024-11-07,12.0
13114,17176,2024-12-07,12.0
13115,17180,2024-01-29,12.0
13116,17180,2024-02-28,12.0
13117,17180,2024-03-29,12.0
13118,17180,2024-04-28,12.0
13119,17180,2024-05-28,12.0
13120,17180,2024-06-27,12.0
13121,17180,2024-07-27,12.0
13122,17180,2024-08-26,12.0
13123,17180,2024-09-25,12.0
13124,17180,2024-10-25,12.0
13125,17180,2024-11-24,12.0
13126,17180,2024-12-24,12.0
13127,17190,2024-03-13,24.0
13128,17190,2024-04-12,24.0
13129,17190,2024-05-12,24.0
13130,17190,2024-06-11,24.0
13131,17190,2024-07-11,24.0
13132,17190,2024-08-10,24.0
13133,17190,2024-09-09,24.0
13134,17190,2024-10-09,24.0
13135,17190,2024-11-08,24.0
13136,17190,2024-12-08,24.0
13137,17192,2024-08-04,12.0
13138,17193,2024-05-03,12.0
13139,17193,2024-06-02,12.0
13140,17193,2024-07-02,12.0
13141,17193,2024-08-01,12.0
13142,17193,2024-08-31,12.0
13143,17193,2024-09-30,12.0
13144,17193,2024-10-30,12.0
13145,17193,2024-11-29,12.0
13146,17193,2024-12-29,12.0
13147,17194,2024-05-20,12.0
13148,17198,2024-04-26,12.0
13149,17200,2024-12-15,12.0
13150,17204,2024-03-20,12.0
13151,17204,2024-04-19,12.0
13152,17204,2024-05-19,12.0
13153,17204,2024-06-18,12.0
13154,17204,2024-07-18,12.0
13155,17204,2024-08-17,12.0
13156,17204,2024-09-16,12.0
13157,17204,2024-10-16,12.0
13158,17204,2024-11-15,12.0
13159,17204,2024-12-15,12.0
13160,17207,2024-12-12,12.0
13161,17208,2024-02-21,24.0
13162,17209,2024-12-06,12.0
13163,17211,2024-11-03,12.0
13164,17214,2024-12-30,12.0
13165,17217,2024-05-23,24.0
13166,17217,2024-06-22,24.0
13167,17217,2024-07-22,24.0
13168,17217,2024-08-21,24.0
13169,17217,2024-09-20,24.0
13170,17217,2024-10-20,24.0
13171,17217,2024-11-19,24.0
13172,17217,2024-12-19,24.0
13173,17218,2024-11-20,12.0
13174,17222,2024-05-22,12.0
13175,17230,2024-11-10,12.0
13176,17230,2024-12-10,12.0
13177,17236,2024-02-14,12.0
13178,17236,2024-03-15,12.0
13179,17236,2024-04-14,12.0
13180,17236,2024-05-14,12.0
13181,17236,2024-06-13,12.0
13182,17236,2024-07-13,12.0
13183,17236,2024-08-12,12.0
13184,17236,2024-09-11,12.0
13185,17236,2024-10-11,12.0
13186,17236,2024-11-10,12.0
13187,17236,2024-12-10,12.0
13188,17237,2024-10-12,24.0
13189,17237,2024-11-11,24.0
13190,17237,2024-12-11,24.0
13191,17243,2024-03-03,12.0
13192,17243,2024-04-02,12.0
13193,17243,2024-05-02,12.0
13194,17243,2024-06-01,12.0
13195,17243,2024-07-01,12.0
13196,17243,2024-07-31,12.0
13197,17243,2024-08-30,12.0
13198,17243,2024-09-29,12.0
13199,17243,2024-10-29,12.0
13200,17243,2024-11-28,12.0
13201,17243,2024-12-28,12.0
13202,17245,2024-11-18,12.0
13203,17245,2024-12-18,12.0
13204,17249,2024-06-07,12.0
13205,17249,2024-07-07,12.0
13206,17249,2024-08-06,12.0
13207,17249,2024-09-05,12.0
13208,17249,2024-10-05,12.0
13209,17249,2024-11-04,12.0
13210,17249,2024-12-04,12.0
13211,17255,2024-10-07,12.0
13212,17255,2024-11-06,12.0
13213,17255,2024-12-06,12.0
13214,17262,2024-05-23,12.0
13215,17271,2024-01-19,24.0
13216,17271,2024-02-18,24.0
13217,17271,2024-03-19,24.0
13218,17271,2024-04-18,24.0
13219,17271,2024-05-18,24.0
13220,17271,2024-06-17,24.0
13221,17271,2024-07-17,24.0
13222,17271,2024-08-16,24.0
13223,17271,2024-09-15,24.0
13224,17271,2024-10-15,24.0
13225,17271,2024-11-14,24.0
13226,17271,2024-12-14,24.0
13227,17272,2024-07-20,12.0
13228,17274,2024-09-23,12.0
13229,17274,2024-10-23,12.0
13230,17274,2024-11-22,12.0
13231,17274,2024-12-22,12.0
13232,17276,2024-09-13,24.0
13233,17276,2024-10-13,24.0
13234,17276,2024-11-12,24.0
13235,17276,2024-12-12,24.0
13236,17283,2025-01-07,12.0
13237,17285,2024-12-14,12.0
13238,17289,2024-06-09,12.0
13239,17289,2024-07-09,12.0
13240,17289,2024-08-08,12.0
13241,17289,2024-09-07,12.0
13242,17289,2024-10-07,12.0
13243,17289,2024-11-06,12.0
13244,17289,2024-12-06,12.0
13245,17290,2024-08-09,12.0
13246,17303,2024-08-08,24.0
13247,17303,2024-09-07,24.0
13248,17303,2024-10-07,24.0
13249,17303,2024-11-06,24.0
13250,17303,2024-12-06,24.0
13251,17304,2024-07-15,12.0
13252,17318,2024-04-14,12.0
13253,17323,2025-01-07,12.0
13254,17324,2024-03-01,12.0
13255,17324,2024-03-31,12.0
13256,17324,2024-04-30,12.0
13257,17324,2024-05-30,12.0
13258,17324,2024-06-29,12.0
13259,17324,2024-07-29,12.0
13260,17324,2024-08-28,12.0
13261,17324,2024-09-27,12.0
13262,17324,2024-10-27,12.0
13263,17324,2024-11-26,12.0
13264,17324,2024-12-26,12.0
13265,17332,2024-05-27,12.0
13266,17344,2024-08-31,12.0
13267,17344,2024-09-30,12.0
13268,17344,2024-10-30,12.0
13269,17344,2024-11-29,12.0
13270,17344,2024-12-29,12.0
13271,17348,2024-07-14,24.0
13272,17348,2024-08-13,24.0
13273,17348,2024-09-12,24.0
13274,17348,2024-10-12,24.0
13275,17348,2024-11-11,24.0
13276,17348,2024-12-11,24.0
13277,17351,2024-05-07,12.0
13278,17351,2024-06-06,12.0
13279,17351,2024-07-06,12.0
13280,17351,2024-08-05,12.0
13281,17351,2024-09-04,12.0
13282,17351,2024-10-04,12.0
13283,17351,2024-11-03,12.0
13284,17351,2024-12-03,12.0
13285,17352,2024-08-17,12.0
13286,17353,2024-08-13,12.0
13287,17356,2025-01-14,12.0
13288,17375,2024-07-02,12.0
13289,17389,2024-09-04,12.0
13290,17389,2024-10-04,12.0
13291,17389,2024-11-03,12.0
13292,17389,2024-12-03,12.0
13293,17392,2024-06-05,12.0
13294,17392,2024-07-05,12.0
13295,17392,2024-08-04,12.0
13296,17392,2024-09-03,12.0
13297,17392,2024-10-03,12.0
13298,17392,2024-11-02,12.0
13299,17392,2024-12-02,12.0
13300,17395,2024-08-27,12.0
13301,17395,2024-09-26,12.0
13302,17395,2024-10-26,12.0
13303,17395,2024-11-25,12.0
13304,17395,2024-12-25,12.0
13305,17400,2024-02-29,12.0
13306,17400,2024-03-30,12.0
13307,17400,2024-04-29,12.0
13308,17400,2024-05-29,12.0
13309,17400,2024-06-28,12.0
13310,17400,2024-07-28,12.0
13311,17400,2024-08-27,12.0
13312,17400,2024-09-26,12.0
13313,17400,2024-10-26,12.0
13314,17400,2024-11-25,12.0
13315,17400,2024-12-25,12.0
13316,17408,2024-05-26,12.0
13317,17420,2024-08-17,12.0
13318,17422,2024-09-18,12.0
13319,17431,2024-04-02,12.0
13320,17431,2024-05-02,12.0
13321,17431,2024-06-01,12.0
13322,17431,2024-07-01,12.0
13323,17431,2024-07-31,12.0
13324,17431,2024-08-30,12.0
13325,17431,2024-09-29,12.0
13326,17431,2024-10-29,12.0
13327,17431,2024-11-28,12.0
13328,17431,2024-12-28,12.0
13329,17436,2024-11-24,12.0
13330,17436,2024-12-24,12.0
13331,17437,2024-07-29,24.0
13332,17438,2024-07-04,24.0
13333,17438,2024-08-03,24.0
13334,17438,2024-09-02,24.0
13335,17438,2024-10-02,24.0
13336,17438,2024-11-01,24.0
13337,17438,2024-12-01,24.0
13338,17438,2024-12-31,24.0
13339,17449,2024-08-25,12.0
13340,17456,2024-12-20,12.0
13341,17467,2024-03-16,12.0
13342,17469,2024-11-05,12.0
13343,17469,2024-12-05,12.0
13344,17472,2024-05-17,12.0
13345,17472,2024-06-16,12.0
13346,17472,2024-07-16,12.0
13347,17472,2024-08-15,12.0
13348,17472,2024-09-14,12.0
13349,17472,2024-10-14,12.0
13350,17472,2024-11-13,12.0
13351,17472,2024-12-13,12.0
13352,17473,2024-09-13,24.0
13353,17473,2024-10-13,24.0
13354,17473,2024-11-12,24.0
13355,17473,2024-12-12,24.0
13356,17475,2024-07-21,24.0
13357,17475,2024-08-20,24.0
13358,17475,2024-09-19,24.0
13359,17475,2024-10-19,24.0
13360,17475,2024-11-18,24.0
13361,17475,2024-12-18,24.0
13362,17476,2024-09-24,12.0
13363,17476,2024-10-24,12.0
13364,17476,2024-11-23,12.0
13365,17476,2024-12-23,12.0
13366,17478,2024-09-11,12.0
13367,17478,2024-10-11,12.0
13368,17478,2024-11-10,12.0
13369,17478,2024-12-10,12.0
13370,17486,2024-01-25,12.0
13371,17486,2024-02-24,12.0
13372,17486,2024-03-25,12.0
13373,17486,2024-04-24,12.0
13374,17486,2024-05-24,12.0
13375,17486,2024-06-23,12.0
13376,17486,2024-07-23,12.0
13377,17486,2024-08-22,12.0
13378,17486,2024-09-21,12.0
13379,17486,2024-10-21,12.0
13380,17486,2024-11-20,12.0
13381,17486,2024-12-20,12.0
13382,17489,2024-08-21,12.0
13383,17489,2024-09-20,12.0
13384,17489,2024-10-20,12.0
13385,17489,2024-11-19,12.0
13386,17489,2024-12-19,12.0
13387,17492,2024-10-17,24.0
13388,17509,2024-11-06,12.0
13389,17509,2024-12-06,12.0
13390,17511,2024-11-17,12.0
13391,17515,2024-09-08,12.0
13392,17515,2024-10-08,12.0
13393,17515,2024-11-07,12.0
13394,17515,2024-12-07,12.0
13395,17521,2024-07-17,24.0
13396,17521,2024-08-16,24.0
13397,17521,2024-09-15,24.0
13398,17521,2024-10-15,24.0
13399,17521,2024-11-14,24.0
13400,17521,2024-12-14,24.0
13401,17522,2024-07-30,12.0
13402,17522,2024-08-29,12.0
13403,17522,2024-09-28,12.0
13404,17522,2024-10-28,12.0
13405,17522,2024-11-27,12.0
13406,17522,2024-12-27,12.0
13407,17528,2024-12-05,12.0
13408,17537,2024-10-13,12.0
13409,17537,2024-11-12,12.0
13410,17537,2024-12-12,12.0
13411,17539,2024-08-13,24.0
13412,17539,2024-09-12,24.0
13413,17539,2024-10-12,24.0
13414,17539,2024-11-11,24.0
13415,17539,2024-12-11,24.0
13416,17547,2024-04-05,24.0
13417,17570,2024-09-29,12.0
13418,17570,2024-10-29,12.0
13419,17570,2024-11-28,12.0
13420,17570,2024-12-28,12.0
13421,17574,2024-11-10,24.0
13422,17575,2024-08-30,24.0
13423,17576,2024-08-11,24.0
13424,17590,2024-03-18,24.0
13425,17590,2024-04-17,24.0
13426,17590,2024-05-17,24.0
13427,17590,2024-06-16,24.0
13428,17590,2024-07-16,24.0
13429,17590,2024-08-15,24.0
13430,17590,2024-09-14,24.0
13431,17590,2024-10-14,24.0
13432,17590,2024-11-13,24.0
13433,17590,2024-12-13,24.0
13434,17598,2024-12-27,12.0
13435,17601,2024-08-15,12.0
13436,17601,2024-09-14,12.0
13437,17601,2024-10-14,12.0
13438,17601,2024-11-13,12.0
13439,17601,2024-12-13,12.0
13440,17608,2024-03-10,12.0
13441,17613,2024-04-28,12.0
13442,17613,2024-05-28,12.0
13443,17613,2024-06-27,12.0
13444,17613,2024-07-27,12.0
13445,17613,2024-08-26,12.0
13446,17613,2024-09-25,12.0
13447,17613,2024-10-25,12.0
13448,17613,2024-11-24,12.0
13449,17613,2024-12-24,12.0
13450,17622,2024-04-04,12.0
13451,17622,2024-05-04,12.0
13452,17622,2024-06-03,12.0
13453,17622,2024-07-03,12.0
13454,17622,2024-08-02,12.0
13455,17622,2024-09-01,12.0
13456,17622,2024-10-01,12.0
13457,17622,2024-10-31,12.0
13458,17622,2024-11-30,12.0
13459,17622,2024-12-30,12.0
13460,17624,2024-10-01,24.0
13461,17633,2024-04-01,12.0
13462,17633,2024-05-01,12.0
13463,17633,2024-05-31,12.0
13464,17633,2024-06-30,12.0
13465,17633,2024-07-30,12.0
13466,17633,2024-08-29,12.0
13467,17633,2024-09-28,12.0
13468,17633,2024-10-28,12.0
13469,17633,2024-11-27,12.0
13470,17633,2024-12-27,12.0
13471,17657,2024-09-01,12.0
13472,17657,2024-10-01,12.0
13473,17657,2024-10-31,12.0
13474,17657,2024-11-30,12.0
13475,17657,2024-12-30,12.0
13476,17666,2024-04-16,24.0
13477,17669,2024-08-05,12.0
13478,17681,2024-12-24,12.0
13479,17683,2024-07-05,12.0
13480,17685,2024-09-06,12.0
13481,17685,2024-10-06,12.0
13482,17685,2024-11-05,12.0
13483,17685,2024-12-05,12.0
13484,17696,2024-12-19,12.0
13485,17697,2024-06-06,12.0
13486,17700,2024-07-22,12.0
13487,17700,2024-08-21,12.0
13488,17700,2024-09-20,12.0
13489,17700,2024-10-20,12.0
13490,17700,2024-11-19,12.0
13491,17700,2024-12-19,12.0
13492,17707,2024-08-15,12.0
13493,17707,2024-09-14,12.0
13494,17707,2024-10-14,12.0
13495,17707,2024-11-13,12.0
13496,17707,2024-12-13,12.0
13497,17708,2024-04-18,12.0
13498,17708,2024-05-18,12.0
13499,17708,2024-06-17,12.0
13500,17708,2024-07-17,12.0
13501,17708,2024-08-16,12.0
13502,17708,2024-09-15,12.0
13503,17708,2024-10-15,12.0
13504,17708,2024-11-14,12.0
13505,17708,2024-12-14,12.0
13506,17713,2025-01-08,24.0
13507,17716,2024-09-29,24.0
13508,17716,2024-10-29,24.0
13509,17716,2024-11-28,24.0
13510,17716,2024-12-28,24.0
13511,17721,2024-10-09,12.0
13512,17721,2024-11-08,12.0
13513,17721,2024-12-08,12.0
13514,17729,2025-01-12,12.0
13515,17744,2024-12-08,24.0
13516,17745,2024-07-13,12.0
13517,17745,2024-08-12,12.0
13518,17745,2024-09-11,12.0
13519,17745,2024-10-11,12.0
13520,17745,2024-11-10,12.0
13521,17745,2024-12-10,12.0
13522,17747,2024-12-22,12.0
13523,17751,2024-07-18,12.0
13524,17751,2024-08-17,12.0
13525,17751,2024-09-16,12.0
13526,17751,2024-10-16,12.0
13527,17751,2024-11-15,12.0
13528,17751,2024-12-15,12.0
13529,17753,2024-12-27,12.0
13530,17762,2024-08-04,24.0
13531,17763,2024-12-25,12.0
13532,17764,2024-07-02,24.0
13533,17764,2024-08-01,24.0
13534,17764,2024-08-31,24.0
13535,17764,2024-09-30,24.0
13536,17764,2024-10-30,24.0
13537,17764,2024-11-29,24.0
13538,17764,2024-12-29,24.0
13539,17765,2024-03-12,12.0
13540,17766,2024-05-30,24.0
13541,17766,2024-06-29,24.0
13542,17766,2024-07-29,24.0
13543,17766,2024-08-28,24.0
13544,17766,2024-09-27,24.0
13545,17766,2024-10-27,24.0
13546,17766,2024-11-26,24.0
13547,17766,2024-12-26,24.0
13548,17773,2024-09-23,12.0
13549,17774,2024-04-18,12.0
13550,17776,2024-05-07,12.0
13551,17776,2024-06-06,12.0
13552,17776,2024-07-06,12.0
13553,17776,2024-08-05,12.0
13554,17776,2024-09-04,12.0
13555,17776,2024-10-04,12.0
13556,17776,2024-11-03,12.0
13557,17776,2024-12-03,12.0
13558,17778,2024-05-18,24.0
13559,17789,2024-11-23,24.0
13560,17794,2024-03-15,24.0
13561,17797,2024-12-26,24.0
13562,17799,2024-02-02,12.0
13563,17800,2024-10-31,12.0
13564,17800,2024-11-30,12.0
13565,17800,2024-12-30,12.0
13566,17802,2024-11-19,24.0
13567,17804,2024-10-22,24.0
13568,17804,2024-11-21,24.0
13569,17804,2024-12-21,24.0
13570,17807,2024-03-29,12.0
13571,17807,2024-04-28,12.0
13572,17807,2024-05-28,12.0
13573,17807,2024-06-27,12.0
13574,17807,2024-07-27,12.0
13575,17807,2024-08-26,12.0
13576,17807,2024-09-25,12.0
13577,17807,2024-10-25,12.0
13578,17807,2024-11-24,12.0
13579,17807,2024-12-24,12.0
13580,17809,2024-04-12,24.0
13581,17809,2024-05-12,24.0
13582,17809,2024-06-11,24.0
13583,17809,2024-07-11,24.0
13584,17809,2024-08-10,24.0
13585,17809,2024-09-09,24.0
13586,17809,2024-10-09,24.0
13587,17809,2024-11-08,24.0
13588,17809,2024-12-08,24.0
13589,17816,2024-08-28,24.0
13590,17816,2024-09-27,24.0
13591,17816,2024-10-27,24.0
13592,17816,2024-11-26,24.0
13593,17816,2024-12-26,24.0
13594,17817,2024-09-11,24.0
13595,17817,2024-10-11,24.0
13596,17817,2024-11-10,24.0
13597,17817,2024-12-10,24.0
13598,17820,2024-06-13,12.0
13599,17821,2024-09-27,12.0
13600,17825,2024-08-15,24.0
13601,17828,2024-07-09,12.0
13602,17828,2024-08-08,12.0
13603,17828,2024-09-07,12.0
13604,17828,2024-10-07,12.0
13605,17828,2024-11-06,12.0
13606,17828,2024-12-06,12.0
13607,17831,2024-10-04,12.0
13608,17831,2024-11-03,12.0
13609,17831,2024-12-03,12.0
13610,17839,2024-07-29,12.0
13611,17842,2024-06-28,12.0
13612,17842,2024-07-28,12.0
13613,17842,2024-08-27,12.0
13614,17842,2024-09-26,12.0
13615,17842,2024-10-26,12.0
13616,17842,2024-11-25,12.0
13617,17842,2024-12-25,12.0
13618,17852,2024-09-17,24.0
13619,17852,2024-10-17,24.0
13620,17852,2024-11-16,24.0
13621,17852,2024-12-16,24.0
13622,17853,2024-04-21,12.0
13623,17853,2024-05-21,12.0
13624,17853,2024-06-20,12.0
13625,17853,2024-07-20,12.0
13626,17853,2024-08-19,12.0
13627,17853,2024-09-18,12.0
13628,17853,2024-10-18,12.0
13629,17853,2024-11-17,12.0
13630,17853,2024-12-17,12.0
13631,17861,2024-12-06,24.0
13632,17875,2024-02-27,24.0
13633,17886,2024-07-24,12.0
13634,17886,2024-08-23,12.0
13635,17886,2024-09-22,12.0
13636,17886,2024-10-22,12.0
13637,17886,2024-11-21,12.0
13638,17886,2024-12-21,12.0
13639,17889,2024-11-29,12.0
13640,17889,2024-12-29,12.0
13641,17894,2024-04-14,12.0
13642,17901,2024-07-28,12.0
13643,17901,2024-08-27,12.0
13644,17901,2024-09-26,12.0
13645,17901,2024-10-26,12.0
13646,17901,2024-11-25,12.0
13647,17901,2024-12-25,12.0
13648,17904,2024-04-03,12.0
13649,17904,2024-05-03,12.0
13650,17904,2024-06-02,12.0
13651,17904,2024-07-02,12.0
13652,17904,2024-08-01,12.0
13653,17904,2024-08-31,12.0
13654,17904,2024-09-30,12.0
13655,17904,2024-10-30,12.0
13656,17904,2024-11-29,12.0
13657,17904,2024-12-29,12.0
13658,17905,2024-11-01,24.0
13659,17905,2024-12-01,24.0
13660,17905,2024-12-31,24.0
13661,17910,2024-12-22,12.0
13662,17923,2024-12-22,12.0
13663,17936,2024-07-30,12.0
13664,17940,2024-10-30,24.0
13665,17940,2024-11-29,24.0
13666,17940,2024-12-29,24.0
13667,17941,2024-08-11,24.0
13668,17945,2024-10-17,12.0
13669,17964,2024-12-13,12.0
13670,17969,2024-05-22,12.0
13671,17969,2024-06-21,12.0
13672,17969,2024-07-21,12.0
13673,17969,2024-08-20,12.0
13674,17969,2024-09-19,12.0
13675,17969,2024-10-19,12.0
13676,17969,2024-11-18,12.0
13677,17969,2024-12-18,12.0
13678,17980,2024-02-28,24.0
13679,17980,2024-03-29,24.0
13680,17980,2024-04-28,24.0
13681,17980,2024-05-28,24.0
13682,17980,2024-06-27,24.0
13683,17980,2024-07-27,24.0
13684,17980,2024-08-26,24.0
13685,17980,2024-09-25,24.0
13686,17980,2024-10-25,24.0
13687,17980,2024-11-24,24.0
13688,17980,2024-12-24,24.0
13689,17983,2024-12-20,24.0
13690,17986,2024-05-28,12.0
13691,17986,2024-06-27,12.0
13692,17986,2024-07-27,12.0
13693,17986,2024-08-26,12.0
13694,17986,2024-09-25,12.0
13695,17986,2024-10-25,12.0
13696,17986,2024-11-24,12.0
13697,17986,2024-12-24,12.0
13698,17990,2024-12-01,12.0
13699,17992,2024-04-11,12.0
13700,17992,2024-05-11,12.0
13701,17992,2024-06-10,12.0
13702,17992,2024-07-10,12.0
13703,17992,2024-08-09,12.0
13704,17992,2024-09-08,12.0
13705,17992,2024-10-08,12.0
13706,17992,2024-11-07,12.0
13707,17992,2024-12-07,12.0
13708,17996,2024-02-20,24.0
13709,18004,2024-06-10,12.0
13710,18004,2024-07-10,12.0
13711,18004,2024-08-09,12.0
13712,18004,2024-09-08,12.0
13713,18004,2024-10-08,12.0
13714,18004,2024-11-07,12.0
13715,18004,2024-12-07,12.0
13716,18005,2024-12-02,24.0
13717,18008,2024-07-03,12.0
13718,18008,2024-08-02,12.0
13719,18008,2024-09-01,12.0
13720,18008,2024-10-01,12.0
13721,18008,2024-10-31,12.0
13722,18008,2024-11-30,12.0
13723,18008,2024-12-30,12.0
13724,18009,2024-02-27,12.0
13725,18009,2024-03-28,12.0
13726,18009,2024-04-27,12.0
13727,18009,2024-05-27,12.0
13728,18009,2024-06-26,12.0
13729,18009,2024-07-26,12.0
13730,18009,2024-08-25,12.0
13731,18009,2024-09-24,12.0
13732,18009,2024-10-24,12.0
13733,18009,2024-11-23,12.0
13734,18009,2024-12-23,12.0
13735,18014,2024-02-10,12.0
13736,18014,2024-03-11,12.0
13737,18014,2024-04-10,12.0
13738,18014,2024-05-10,12.0
13739,18014,2024-06-09,12.0
13740,18014,2024-07-09,12.0
13741,18014,2024-08-08,12.0
13742,18014,2024-09-07,12.0
13743,18014,2024-10-07,12.0
13744,18014,2024-11-06,12.0
13745,18014,2024-12-06,12.0
13746,18015,2024-02-13,12.0
13747,18015,2024-03-14,12.0
13748,18015,2024-04-13,12.0
13749,18015,2024-05-13,12.0
13750,18015,2024-06-12,12.0
13751,18015,2024-07-12,12.0
13752,18015,2024-08-11,12.0
13753,18015,2024-09-10,12.0
13754,18015,2024-10-10,12.0
13755,18015,2024-11-09,12.0
13756,18015,2024-12-09,12.0
13757,18018,2024-06-23,12.0
13758,18018,2024-07-23,12.0
13759,18018,2024-08-22,12.0
13760,18018,2024-09-21,12.0
13761,18018,2024-10-21,12.0
13762,18018,2024-11-20,12.0
13763,18018,2024-12-20,12.0
13764,18021,2024-12-10,12.0
13765,18031,2024-05-07,12.0
13766,18047,2024-02-25,12.0
13767,18051,2024-12-23,12.0
13768,18054,2024-01-24,12.0
13769,18061,2024-10-23,12.0
13770,18065,2024-10-19,12.0
13771,18067,2024-03-31,12.0
13772,18067,2024-04-30,12.0
13773,18067,2024-05-30,12.0
13774,18067,2024-06-29,12.0
13775,18067,2024-07-29,12.0
13776,18067,2024-08-28,12.0
13777,18067,2024-09-27,12.0
13778,18067,2024-10-27,12.0
13779,18067,2024-11-26,12.0
13780,18067,2024-12-26,12.0
13781,18070,2024-05-03,24.0
13782,18070,2024-06-02,24.0
13783,18070,2024-07-02,24.0
13784,18070,2024-08-01,24.0
13785,18070,2024-08-31,24.0
13786,18070,2024-09-30,24.0
13787,18070,2024-10-30,24.0
13788,18070,2024-11-29,24.0
13789,18070,2024-12-29,24.0
13790,18073,2024-06-09,12.0
13791,18082,2024-09-06,12.0
13792,18082,2024-10-06,12.0
13793,18082,2024-11-05,12.0
13794,18082,2024-12-05,12.0
13795,18092,2024-09-15,12.0
13796,18092,2024-10-15,12.0
13797,18092,2024-11-14,12.0
13798,18092,2024-12-14,12.0
13799,18096,2024-03-08,12.0
13800,18101,2024-06-18,24.0
13801,18101,2024-07-18,24.0
13802,18101,2024-08-17,24.0
13803,18101,2024-09-16,24.0
13804,18101,2024-10-16,24.0
13805,18101,2024-11-15,24.0
13806,18101,2024-12-15,24.0
13807,18107,2024-03-03,12.0
13808,18117,2024-05-10,12.0
13809,18117,2024-06-09,12.0
13810,18117,2024-07-09,12.0
13811,18117,2024-08-08,12.0
13812,18117,2024-09-07,12.0
13813,18117,2024-10-07,12.0
13814,18117,2024-11-06,12.0
13815,18117,2024-12-06,12.0
13816,18120,2024-10-09,12.0
13817,18120,2024-11-08,12.0
13818,18120,2024-12-08,12.0
13819,18123,2024-08-03,24.0
13820,18123,2024-09-02,24.0
13821,18123,2024-10-02,24.0
13822,18123,2024-11-01,24.0
13823,18123,2024-12-01,24.0
13824,18123,2024-12-31,24.0
13825,18128,2024-05-01,12.0
13826,18128,2024-05-31,12.0
13827,18128,2024-06-30,12.0
13828,18128,2024-07-30,12.0
13829,18128,2024-08-29,12.0
13830,18128,2024-09-28,12.0
13831,18128,2024-10-28,12.0
13832,18128,2024-11-27,12.0
13833,18128,2024-12-27,12.0
13834,18132,2024-01-19,12.0
13835,18132,2024-02-18,12.0
13836,18132,2024-03-19,12.0
13837,18132,2024-04-18,12.0
13838,18132,2024-05-18,12.0
13839,18132,2024-06-17,12.0
13840,18132,2024-07-17,12.0
13841,18132,2024-08-16,12.0
13842,18132,2024-09-15,12.0
13843,18132,2024-10-15,12.0
13844,18132,2024-11-14,12.0
13845,18132,2024-12-14,12.0
13846,18136,2024-03-30,12.0
13847,18140,2024-05-25,12.0
13848,18140,2024-06-24,12.0
13849,18140,2024-07-24,12.0
13850,18140,2024-08-23,12.0
13851,18140,2024-09-22,12.0
13852,18140,2024-10-22,12.0
13853,18140,2024-11-21,12.0
13854,18140,2024-12-21,12.0
13855,18141,2024-09-16,12.0
13856,18141,2024-10-16,12.0
13857,18141,2024-11-15,12.0
13858,18141,2024-12-15,12.0
13859,18142,2024-07-30,24.0
13860,18142,2024-08-29,24.0
13861,18142,2024-09-28,24.0
13862,18142,2024-10-28,24.0
13863,18142,2024-11-27,24.0
13864,18142,2024-12-27,24.0
13865,18143,2025-01-02,12.0
13866,18147,2024-11-13,12.0
13867,18164,2024-11-01,24.0
13868,18164,2024-12-01,24.0
13869,18164,2024-12-31,24.0
13870,18168,2024-10-14,24.0
13871,18168,2024-11-13,24.0
13872,18168,2024-12-13,24.0
13873,18170,2024-11-08,12.0
13874,18180,2024-11-27,24.0
13875,18180,2024-12-27,24.0
13876,18195,2024-05-16,12.0
13877,18195,2024-06-15,12.0
13878,18195,2024-07-15,12.0
13879,18195,2024-08-14,12.0
13880,18195,2024-09-13,12.0
13881,18195,2024-10-13,12.0
13882,18195,2024-11-12,12.0
13883,18195,2024-12-12,12.0
13884,18198,2024-02-13,12.0
13885,18215,2024-12-10,24.0
13886,18216,2024-12-06,12.0
13887,18242,2024-02-05,12.0
13888,18242,2024-03-06,12.0
13889,18242,2024-04-05,12.0
13890,18242,2024-05-05,12.0
13891,18242,2024-06-04,12.0
13892,18242,2024-07-04,12.0
13893,18242,2024-08-03,12.0
13894,18242,2024-09-02,12.0
13895,18242,2024-10-02,12.0
13896,18242,2024-11-01,12.0
13897,18242,2024-12-01,12.0
13898,18242,2024-12-31,12.0
13899,18245,2024-03-29,24.0
13900,18246,2024-11-05,24.0
13901,18246,2024-12-05,24.0
13902,18247,2024-10-11,12.0
13903,18247,2024-11-10,12.0
13904,18247,2024-12-10,12.0
13905,18267,2024-06-16,12.0
13906,18267,2024-07-16,12.0
13907,18267,2024-08-15,12.0
13908,18267,2024-09-14,12.0
13909,18267,2024-10-14,12.0
13910,18267,2024-11-13,12.0
13911,18267,2024-12-13,12.0
13912,18271,2024-02-17,12.0
13913,18271,2024-03-18,12.0
13914,18271,2024-04-17,12.0
13915,18271,2024-05-17,12.0
13916,18271,2024-06-16,12.0
13917,18271,2024-07-16,12.0
13918,18271,2024-08-15,12.0
13919,18271,2024-09-14,12.0
13920,18271,2024-10-14,12.0
13921,18271,2024-11-13,12.0
13922,18271,2024-12-13,12.0
13923,18272,2025-01-12,24.0
13924,18277,2024-05-27,12.0
13925,18281,2024-02-27,12.0
13926,18281,2024-03-28,12.0
13927,18281,2024-04-27,12.0
13928,18281,2024-05-27,12.0
13929,18281,2024-06-26,12.0
13930,18281,2024-07-26,12.0
13931,18281,2024-08-25,12.0
13932,18281,2024-09-24,12.0
13933,18281,2024-10-24,12.0
13934,18281,2024-11-23,12.0
13935,18281,2024-12-23,12.0
13936,18300,2024-04-06,24.0
13937,18300,2024-05-06,24.0
13938,18300,2024-06-05,24.0
13939,18300,2024-07-05,24.0
13940,18300,2024-08-04,24.0
13941,18300,2024-09-03,24.0
13942,18300,2024-10-03,24.0
13943,18300,2024-11-02,24.0
13944,18300,2024-12-02,24.0
13945,18308,2024-05-07,12.0
13946,18308,2024-06-06,12.0
13947,18308,2024-07-06,12.0
13948,18308,2024-08-05,12.0
13949,18308,2024-09-04,12.0
13950,18308,2024-10-04,12.0
13951,18308,2024-11-03,12.0
13952,18308,2024-12-03,12.0
13953,18320,2024-01-18,24.0
13954,18320,2024-02-17,24.0
13955,18320,2024-03-18,24.0
13956,18320,2024-04-17,24.0
13957,18320,2024-05-17,24.0
13958,18320,2024-06-16,24.0
13959,18320,2024-07-16,24.0
13960,18320,2024-08-15,24.0
13961,18320,2024-09-14,24.0
13962,18320,2024-10-14,24.0
13963,18320,2024-11-13,24.0
13964,18320,2024-12-13,24.0
13965,18327,2024-06-27,12.0
13966,18343,2024-04-05,24.0
13967,18343,2024-05-05,24.0
13968,18343,2024-06-04,24.0
13969,18343,2024-07-04,24.0
13970,18343,2024-08-03,24.0
13971,18343,2024-09-02,24.0
13972,18343,2024-10-02,24.0
13973,18343,2024-11-01,24.0
13974,18343,2024-12-01,24.0
13975,18343,2024-12-31,24.0
13976,18358,2024-04-25,12.0
13977,18358,2024-05-25,12.0
13978,18358,2024-06-24,12.0
13979,18358,2024-07-24,12.0
13980,18358,2024-08-23,12.0
13981,18358,2024-09-22,12.0
13982,18358,2024-10-22,12.0
13983,18358,2024-11-21,12.0
13984,18358,2024-12-21,12.0
13985,18366,2024-06-16,24.0
13986,18366,2024-07-16,24.0
13987,18366,2024-08-15,24.0
13988,18366,2024-09-14,24.0
13989,18366,2024-10-14,24.0
13990,18366,2024-11-13,24.0
13991,18366,2024-12-13,24.0
13992,18371,2024-09-30,24.0
13993,18374,2024-07-05,12.0
13994,18374,2024-08-04,12.0
13995,18374,2024-09-03,12.0
13996,18374,2024-10-03,12.0
13997,18374,2024-11-02,12.0
13998,18374,2024-12-02,12.0
13999,18376,2024-08-16,12.0
14000,18376,2024-09-15,12.0
14001,18376,2024-10-15,12.0
14002,18376,2024-11-14,12.0
14003,18376,2024-12-14,12.0
14004,18380,2024-12-15,12.0
14005,18383,2024-05-21,24.0
14006,18383,2024-06-20,24.0
14007,18383,2024-07-20,24.0
14008,18383,2024-08-19,24.0
14009,18383,2024-09-18,24.0
14010,18383,2024-10-18,24.0
14011,18383,2024-11-17,24.0
14012,18383,2024-12-17,24.0
14013,18385,2024-09-04,12.0
14014,18393,2024-04-15,12.0
14015,18393,2024-05-15,12.0
14016,18393,2024-06-14,12.0
14017,18393,2024-07-14,12.0
14018,18393,2024-08-13,12.0
14019,18393,2024-09-12,12.0
14020,18393,2024-10-12,12.0
14021,18393,2024-11-11,12.0
14022,18393,2024-12-11,12.0
14023,18394,2024-12-20,12.0
14024,18396,2024-11-24,12.0
14025,18396,2024-12-24,12.0
14026,18402,2024-07-02,12.0
14027,18402,2024-08-01,12.0
14028,18402,2024-08-31,12.0
14029,18402,2024-09-30,12.0
14030,18402,2024-10-30,12.0
14031,18402,2024-11-29,12.0
14032,18402,2024-12-29,12.0
14033,18406,2024-10-16,12.0
14034,18408,2024-07-13,12.0
14035,18409,2024-02-28,12.0
14036,18409,2024-03-29,12.0
14037,18409,2024-04-28,12.0
14038,18409,2024-05-28,12.0
14039,18409,2024-06-27,12.0
14040,18409,2024-07-27,12.0
14041,18409,2024-08-26,12.0
14042,18409,2024-09-25,12.0
14043,18409,2024-10-25,12.0
14044,18409,2024-11-24,12.0
14045,18409,2024-12-24,12.0
14046,18413,2025-01-09,12.0
14047,18415,2024-01-23,12.0
14048,18415,2024-02-22,12.0
14049,18415,2024-03-23,12.0
14050,18415,2024-04-22,12.0
14051,18415,2024-05-22,12.0
14052,18415,2024-06-21,12.0
14053,18415,2024-07-21,12.0
14054,18415,2024-08-20,12.0
14055,18415,2024-09-19,12.0
14056,18415,2024-10-19,12.0
14057,18415,2024-11-18,12.0
14058,18415,2024-12-18,12.0
14059,18419,2024-11-10,12.0
14060,18426,2024-02-27,12.0
14061,18426,2024-03-28,12.0
14062,18426,2024-04-27,12.0
14063,18426,2024-05-27,12.0
14064,18426,2024-06-26,12.0
14065,18426,2024-07-26,12.0
14066,18426,2024-08-25,12.0
14067,18426,2024-09-24,12.0
14068,18426,2024-10-24,12.0
14069,18426,2024-11-23,12.0
14070,18426,2024-12-23,12.0
14071,18429,2024-08-08,12.0
14072,18429,2024-09-07,12.0
14073,18429,2024-10-07,12.0
14074,18429,2024-11-06,12.0
14075,18429,2024-12-06,12.0
14076,18432,2024-08-28,12.0
14077,18435,2024-11-30,12.0
14078,18435,2024-12-30,12.0
14079,18457,2024-10-25,24.0
14080,18457,2024-11-24,24.0
14081,18457,2024-12-24,24.0
14082,18474,2024-08-04,12.0
14083,18474,2024-09-03,12.0
14084,18474,2024-10-03,12.0
14085,18474,2024-11-02,12.0
14086,18474,2024-12-02,12.0
14087,18477,2024-12-24,12.0
14088,18482,2024-06-14,24.0
14089,18482,2024-07-14,24.0
14090,18482,2024-08-13,24.0
14091,18482,2024-09-12,24.0
14092,18482,2024-10-12,24.0
14093,18482,2024-11-11,24.0
14094,18482,2024-12-11,24.0
14095,18489,2024-08-22,24.0
14096,18498,2024-09-18,12.0
14097,18498,2024-10-18,12.0
14098,18498,2024-11-17,12.0
14099,18498,2024-12-17,12.0
14100,18505,2024-09-27,12.0
14101,18505,2024-10-27,12.0
14102,18505,2024-11-26,12.0
14103,18505,2024-12-26,12.0
14104,18508,2024-05-25,12.0
14105,18508,2024-06-24,12.0
14106,18508,2024-07-24,12.0
14107,18508,2024-08-23,12.0
14108,18508,2024-09-22,12.0
14109,18508,2024-10-22,12.0
14110,18508,2024-11-21,12.0
14111,18508,2024-12-21,12.0
14112,18514,2024-04-20,24.0
14113,18514,2024-05-20,24.0
14114,18514,2024-06-19,24.0
14115,18514,2024-07-19,24.0
14116,18514,2024-08-18,24.0
14117,18514,2024-09-17,24.0
14118,18514,2024-10-17,24.0
14119,18514,2024-11-16,24.0
14120,18514,2024-12-16,24.0
14121,18517,2024-10-12,12.0
14122,18517,2024-11-11,12.0
14123,18517,2024-12-11,12.0
14124,18525,2024-08-16,24.0
14125,18528,2024-05-14,12.0
14126,18528,2024-06-13,12.0
14127,18528,2024-07-13,12.0
14128,18528,2024-08-12,12.0
14129,18528,2024-09-11,12.0
14130,18528,2024-10-11,12.0
14131,18528,2024-11-10,12.0
14132,18528,2024-12-10,12.0
14133,18529,2024-09-16,12.0
14134,18529,2024-10-16,12.0
14135,18529,2024-11-15,12.0
14136,18529,2024-12-15,12.0
14137,18532,2024-12-18,12.0
14138,18536,2024-02-15,12.0
14139,18536,2024-03-16,12.0
14140,18536,2024-04-15,12.0
14141,18536,2024-05-15,12.0
14142,18536,2024-06-14,12.0
14143,18536,2024-07-14,12.0
14144,18536,2024-08-13,12.0
14145,18536,2024-09-12,12.0
14146,18536,2024-10-12,12.0
14147,18536,2024-11-11,12.0
14148,18536,2024-12-11,12.0
14149,18538,2024-11-14,12.0
14150,18538,2024-12-14,12.0
14151,18560,2024-10-26,12.0
14152,18562,2024-10-21,12.0
14153,18562,2024-11-20,12.0
14154,18562,2024-12-20,12.0
14155,18568,2024-05-04,12.0
14156,18576,2024-08-03,12.0
14157,18580,2024-06-01,24.0
14158,18580,2024-07-01,24.0
14159,18580,2024-07-31,24.0
14160,18580,2024-08-30,24.0
14161,18580,2024-09-29,24.0
14162,18580,2024-10-29,24.0
14163,18580,2024-11-28,24.0
14164,18580,2024-12-28,24.0
14165,18589,2024-02-26,12.0
14166,18589,2024-03-27,12.0
14167,18589,2024-04-26,12.0
14168,18589,2024-05-26,12.0
14169,18589,2024-06-25,12.0
14170,18589,2024-07-25,12.0
14171,18589,2024-08-24,12.0
14172,18589,2024-09-23,12.0
14173,18589,2024-10-23,12.0
14174,18589,2024-11-22,12.0
14175,18589,2024-12-22,12.0
14176,18591,2024-05-29,24.0
14177,18591,2024-06-28,24.0
14178,18591,2024-07-28,24.0
14179,18591,2024-08-27,24.0
14180,18591,2024-09-26,24.0
14181,18591,2024-10-26,24.0
14182,18591,2024-11-25,24.0
14183,18591,2024-12-25,24.0
14184,18593,2024-07-06,12.0
14185,18599,2024-03-18,12.0
14186,18599,2024-04-17,12.0
14187,18599,2024-05-17,12.0
14188,18599,2024-06-16,12.0
14189,18599,2024-07-16,12.0
14190,18599,2024-08-15,12.0
14191,18599,2024-09-14,12.0
14192,18599,2024-10-14,12.0
14193,18599,2024-11-13,12.0
14194,18599,2024-12-13,12.0
14195,18600,2024-06-12,12.0
14196,18610,2024-12-26,12.0
14197,18628,2024-04-18,12.0
14198,18632,2024-10-21,12.0
14199,18636,2024-11-07,24.0
14200,18636,2024-12-07,24.0
14201,18640,2025-01-13,12.0
14202,18641,2024-04-01,24.0
14203,18643,2024-10-11,12.0
14204,18645,2024-09-07,12.0
14205,18645,2024-10-07,12.0
14206,18645,2024-11-06,12.0
14207,18645,2024-12-06,12.0
14208,18650,2024-04-03,12.0
14209,18650,2024-05-03,12.0
14210,18650,2024-06-02,12.0
14211,18650,2024-07-02,12.0
14212,18650,2024-08-01,12.0
14213,18650,2024-08-31,12.0
14214,18650,2024-09-30,12.0
14215,18650,2024-10-30,12.0
14216,18650,2024-11-29,12.0
14217,18650,2024-12-29,12.0
14218,18651,2024-09-27,24.0
14219,18651,2024-10-27,24.0
14220,18651,2024-11-26,24.0
14221,18651,2024-12-26,24.0
14222,18657,2024-11-18,12.0
14223,18693,2024-09-27,12.0
14224,18693,2024-10-27,12.0
14225,18693,2024-11-26,12.0
14226,18693,2024-12-26,12.0
14227,18694,2024-07-21,12.0
14228,18694,2024-08-20,12.0
14229,18694,2024-09-19,12.0
14230,18694,2024-10-19,12.0
14231,18694,2024-11-18,12.0
14232,18694,2024-12-18,12.0
14233,18710,2024-11-12,12.0
14234,18721,2024-12-27,12.0
14235,18722,2024-11-08,12.0
14236,18722,2024-12-08,12.0
14237,18723,2024-11-19,12.0
14238,18723,2024-12-19,12.0
14239,18725,2024-02-25,12.0
14240,18728,2024-04-18,12.0
14241,18728,2024-05-18,12.0
14242,18728,2024-06-17,12.0
14243,18728,2024-07-17,12.0
14244,18728,2024-08-16,12.0
14245,18728,2024-09-15,12.0
14246,18728,2024-10-15,12.0
14247,18728,2024-11-14,12.0
14248,18728,2024-12-14,12.0
14249,18729,2024-07-28,24.0
14250,18729,2024-08-27,24.0
14251,18729,2024-09-26,24.0
14252,18729,2024-10-26,24.0
14253,18729,2024-11-25,24.0
14254,18729,2024-12-25,24.0
14255,18738,2024-10-06,24.0
14256,18738,2024-11-05,24.0
14257,18738,2024-12-05,24.0
14258,18741,2024-10-31,12.0
14259,18741,2024-11-30,12.0
14260,18741,2024-12-30,12.0
14261,18745,2024-07-09,24.0
14262,18745,2024-08-08,24.0
14263,18745,2024-09-07,24.0
14264,18745,2024-10-07,24.0
14265,18745,2024-11-06,24.0
14266,18745,2024-12-06,24.0
14267,18754,2024-01-24,12.0
14268,18754,2024-02-23,12.0
14269,18754,2024-03-24,12.0
14270,18754,2024-04-23,12.0
14271,18754,2024-05-23,12.0
14272,18754,2024-06-22,12.0
14273,18754,2024-07-22,12.0
14274,18754,2024-08-21,12.0
14275,18754,2024-09-20,12.0
14276,18754,2024-10-20,12.0
14277,18754,2024-11-19,12.0
14278,18754,2024-12-19,12.0
14279,18759,2024-05-01,24.0
14280,18759,2024-05-31,24.0
14281,18759,2024-06-30,24.0
14282,18759,2024-07-30,24.0
14283,18759,2024-08-29,24.0
14284,18759,2024-09-28,24.0
14285,18759,2024-10-28,24.0
14286,18759,2024-11-27,24.0
14287,18759,2024-12-27,24.0
14288,18761,2024-08-08,24.0
14289,18775,2024-09-03,24.0
14290,18775,2024-10-03,24.0
14291,18775,2024-11-02,24.0
14292,18775,2024-12-02,24.0
14293,18783,2024-03-31,12.0
14294,18783,2024-04-30,12.0
14295,18783,2024-05-30,12.0
14296,18783,2024-06-29,12.0
14297,18783,2024-07-29,12.0
14298,18783,2024-08-28,12.0
14299,18783,2024-09-27,12.0
14300,18783,2024-10-27,12.0
14301,18783,2024-11-26,12.0
14302,18783,2024-12-26,12.0
14303,18791,2024-07-28,12.0
14304,18792,2024-12-20,12.0
14305,18806,2024-08-16,12.0
14306,18806,2024-09-15,12.0
14307,18806,2024-10-15,12.0
14308,18806,2024-11-14,12.0
14309,18806,2024-12-14,12.0
14310,18809,2024-11-24,24.0
14311,18809,2024-12-24,24.0
14312,18813,2024-12-16,12.0
14313,18814,2024-02-23,12.0
14314,18814,2024-03-24,12.0
14315,18814,2024-04-23,12.0
14316,18814,2024-05-23,12.0
14317,18814,2024-06-22,12.0
14318,18814,2024-07-22,12.0
14319,18814,2024-08-21,12.0
14320,18814,2024-09-20,12.0
14321,18814,2024-10-20,12.0
14322,18814,2024-11-19,12.0
14323,18814,2024-12-19,12.0
14324,18832,2024-11-07,12.0
14325,18832,2024-12-07,12.0
14326,18833,2024-11-14,12.0
14327,18833,2024-12-14,12.0
14328,18849,2024-12-30,12.0
14329,18855,2024-11-06,12.0
14330,18855,2024-12-06,12.0
14331,18864,2024-11-30,12.0
14332,18868,2024-10-04,12.0
14333,18876,2024-08-15,12.0
14334,18876,2024-09-14,12.0
14335,18876,2024-10-14,12.0
14336,18876,2024-11-13,12.0
14337,18876,2024-12-13,12.0
14338,18883,2024-06-19,12.0
14339,18883,2024-07-19,12.0
14340,18883,2024-08-18,12.0
14341,18883,2024-09-17,12.0
14342,18883,2024-10-17,12.0
14343,18883,2024-11-16,12.0
14344,18883,2024-12-16,12.0
14345,18885,2024-06-05,24.0
14346,18887,2024-08-28,12.0
14347,18887,2024-09-27,12.0
14348,18887,2024-10-27,12.0
14349,18887,2024-11-26,12.0
14350,18887,2024-12-26,12.0
14351,18902,2024-04-29,12.0
14352,18902,2024-05-29,12.0
14353,18902,2024-06-28,12.0
14354,18902,2024-07-28,12.0
14355,18902,2024-08-27,12.0
14356,18902,2024-09-26,12.0
14357,18902,2024-10-26,12.0
14358,18902,2024-11-25,12.0
14359,18902,2024-12-25,12.0
14360,18905,2024-06-23,24.0
14361,18906,2024-11-20,24.0
14362,18908,2024-04-17,12.0
14363,18913,2025-01-10,24.0
14364,18916,2024-03-12,12.0
14365,18916,2024-04-11,12.0
14366,18916,2024-05-11,12.0
14367,18916,2024-06-10,12.0
14368,18916,2024-07-10,12.0
14369,18916,2024-08-09,12.0
14370,18916,2024-09-08,12.0
14371,18916,2024-10-08,12.0
14372,18916,2024-11-07,12.0
14373,18916,2024-12-07,12.0
14374,18917,2024-06-11,12.0
14375,18917,2024-07-11,12.0
14376,18917,2024-08-10,12.0
14377,18917,2024-09-09,12.0
14378,18917,2024-10-09,12.0
14379,18917,2024-11-08,12.0
14380,18917,2024-12-08,12.0
14381,18918,2024-10-03,24.0
14382,18919,2024-01-26,24.0
14383,18924,2024-04-05,24.0
14384,18927,2024-12-23,12.0
14385,18933,2024-09-03,12.0
14386,18946,2024-11-22,12.0
14387,18946,2024-12-22,12.0
14388,18947,2024-10-03,12.0
14389,18947,2024-11-02,12.0
14390,18947,2024-12-02,12.0
14391,18950,2024-11-08,12.0
14392,18950,2024-12-08,12.0
14393,18954,2024-02-01,12.0
14394,18954,2024-03-02,12.0
14395,18954,2024-04-01,12.0
14396,18954,2024-05-01,12.0
14397,18954,2024-05-31,12.0
14398,18954,2024-06-30,12.0
14399,18954,2024-07-30,12.0
14400,18954,2024-08-29,12.0
14401,18954,2024-09-28,12.0
14402,18954,2024-10-28,12.0
14403,18954,2024-11-27,12.0
14404,18954,2024-12-27,12.0
14405,18973,2024-02-21,12.0
14406,18976,2024-04-05,12.0
14407,19000,2024-09-10,12.0
14408,19009,2024-01-25,12.0
14409,19009,2024-02-24,12.0
14410,19009,2024-03-25,12.0
14411,19009,2024-04-24,12.0
14412,19009,2024-05-24,12.0
14413,19009,2024-06-23,12.0
14414,19009,2024-07-23,12.0
14415,19009,2024-08-22,12.0
14416,19009,2024-09-21,12.0
14417,19009,2024-10-21,12.0
14418,19009,2024-11-20,12.0
14419,19009,2024-12-20,12.0
14420,19015,2024-04-03,12.0
14421,19015,2024-05-03,12.0
14422,19015,2024-06-02,12.0
14423,19015,2024-07-02,12.0
14424,19015,2024-08-01,12.0
14425,19015,2024-08-31,12.0
14426,19015,2024-09-30,12.0
14427,19015,2024-10-30,12.0
14428,19015,2024-11-29,12.0
14429,19015,2024-12-29,12.0
14430,19016,2024-07-30,12.0
14431,19016,2024-08-29,12.0
14432,19016,2024-09-28,12.0
14433,19016,2024-10-28,12.0
14434,19016,2024-11-27,12.0
14435,19016,2024-12-27,12.0
14436,19024,2024-08-04,12.0
14437,19028,2024-04-07,24.0
14438,19028,2024-05-07,24.0
14439,19028,2024-06-06,24.0
14440,19028,2024-07-06,24.0
14441,19028,2024-08-05,24.0
14442,19028,2024-09-04,24.0
14443,19028,2024-10-04,24.0
14444,19028,2024-11-03,24.0
14445,19028,2024-12-03,24.0
14446,19033,2024-10-13,12.0
14447,19033,2024-11-12,12.0
14448,19033,2024-12-12,12.0
14449,19034,2024-11-18,12.0
14450,19034,2024-12-18,12.0
14451,19037,2024-04-28,12.0
14452,19037,2024-05-28,12.0
14453,19037,2024-06-27,12.0
14454,19037,2024-07-27,12.0
14455,19037,2024-08-26,12.0
14456,19037,2024-09-25,12.0
14457,19037,2024-10-25,12.0
14458,19037,2024-11-24,12.0
14459,19037,2024-12-24,12.0
14460,19041,2024-08-23,12.0
14461,19041,2024-09-22,12.0
14462,19041,2024-10-22,12.0
14463,19041,2024-11-21,12.0
14464,19041,2024-12-21,12.0
14465,19045,2024-05-12,12.0
14466,19047,2024-08-26,12.0
14467,19047,2024-09-25,12.0
14468,19047,2024-10-25,12.0
14469,19047,2024-11-24,12.0
14470,19047,2024-12-24,12.0
14471,19050,2024-08-26,24.0
14472,19050,2024-09-25,24.0
14473,19050,2024-10-25,24.0
14474,19050,2024-11-24,24.0
14475,19050,2024-12-24,24.0
14476,19052,2024-03-24,12.0
14477,19056,2024-08-12,12.0
14478,19063,2024-07-19,12.0
14479,19063,2024-08-18,12.0
14480,19063,2024-09-17,12.0
14481,19063,2024-10-17,12.0
14482,19063,2024-11-16,12.0
14483,19063,2024-12-16,12.0
14484,19069,2024-12-10,12.0
14485,19071,2024-07-29,12.0
14486,19071,2024-08-28,12.0
14487,19071,2024-09-27,12.0
14488,19071,2024-10-27,12.0
14489,19071,2024-11-26,12.0
14490,19071,2024-12-26,12.0
14491,19078,2024-10-20,24.0
14492,19079,2024-02-15,24.0
14493,19085,2024-11-24,24.0
14494,19085,2024-12-24,24.0
14495,19086,2024-06-04,12.0
14496,19086,2024-07-04,12.0
14497,19086,2024-08-03,12.0
14498,19086,2024-09-02,12.0
14499,19086,2024-10-02,12.0
14500,19086,2024-11-01,12.0
14501,19086,2024-12-01,12.0
14502,19086,2024-12-31,12.0
14503,19096,2024-07-25,12.0
14504,19096,2024-08-24,12.0
14505,19096,2024-09-23,12.0
14506,19096,2024-10-23,12.0
14507,19096,2024-11-22,12.0
14508,19096,2024-12-22,12.0
14509,19097,2024-07-20,12.0
14510,19097,2024-08-19,12.0
14511,19097,2024-09-18,12.0
14512,19097,2024-10-18,12.0
14513,19097,2024-11-17,12.0
14514,19097,2024-12-17,12.0
14515,19104,2024-09-22,24.0
14516,19104,2024-10-22,24.0
14517,19104,2024-11-21,24.0
14518,19104,2024-12-21,24.0
14519,19112,2024-06-11,12.0
14520,19112,2024-07-11,12.0
14521,19112,2024-08-10,12.0
14522,19112,2024-09-09,12.0
14523,19112,2024-10-09,12.0
14524,19112,2024-11-08,12.0
14525,19112,2024-12-08,12.0
14526,19122,2024-04-11,12.0
14527,19122,2024-05-11,12.0
14528,19122,2024-06-10,12.0
14529,19122,2024-07-10,12.0
14530,19122,2024-08-09,12.0
14531,19122,2024-09-08,12.0
14532,19122,2024-10-08,12.0
14533,19122,2024-11-07,12.0
14534,19122,2024-12-07,12.0
14535,19124,2024-01-24,12.0
14536,19128,2024-05-11,12.0
14537,19128,2024-06-10,12.0
14538,19128,2024-07-10,12.0
14539,19128,2024-08-09,12.0
14540,19128,2024-09-08,12.0
14541,19128,2024-10-08,12.0
14542,19128,2024-11-07,12.0
14543,19128,2024-12-07,12.0
14544,19144,2024-11-06,24.0
14545,19144,2024-12-06,24.0
14546,19145,2024-10-04,12.0
14547,19152,2024-11-16,12.0
14548,19152,2024-12-16,12.0
14549,19153,2024-03-12,12.0
14550,19153,2024-04-11,12.0
14551,19153,2024-05-11,12.0
14552,19153,2024-06-10,12.0
14553,19153,2024-07-10,12.0
14554,19153,2024-08-09,12.0
14555,19153,2024-09-08,12.0
14556,19153,2024-10-08,12.0
14557,19153,2024-11-07,12.0
14558,19153,2024-12-07,12.0
14559,19156,2024-12-13,12.0
14560,19157,2024-09-28,12.0
14561,19157,2024-10-28,12.0
14562,19157,2024-11-27,12.0
14563,19157,2024-12-27,12.0
14564,19158,2024-11-10,24.0
14565,19158,2024-12-10,24.0
14566,19161,2024-08-12,12.0
14567,19162,2024-11-07,12.0
14568,19162,2024-12-07,12.0
14569,19165,2024-10-09,12.0
14570,19165,2024-11-08,12.0
14571,19165,2024-12-08,12.0
14572,19167,2024-11-26,12.0
14573,19169,2024-11-26,12.0
14574,19169,2024-12-26,12.0
14575,19179,2024-10-26,12.0
14576,19181,2024-09-03,12.0
14577,19218,2024-10-08,12.0
14578,19218,2024-11-07,12.0
14579,19218,2024-12-07,12.0
14580,19237,2024-10-02,12.0
14581,19237,2024-11-01,12.0
14582,19237,2024-12-01,12.0
14583,19237,2024-12-31,12.0
14584,19241,2024-10-14,24.0
14585,19241,2024-11-13,24.0
14586,19241,2024-12-13,24.0
14587,19254,2024-06-20,12.0
14588,19254,2024-07-20,12.0
14589,19254,2024-08-19,12.0
14590,19254,2024-09-18,12.0
14591,19254,2024-10-18,12.0
14592,19254,2024-11-17,12.0
14593,19254,2024-12-17,12.0
14594,19256,2024-01-18,12.0
14595,19256,2024-02-17,12.0
14596,19256,2024-03-18,12.0
14597,19256,2024-04-17,12.0
14598,19256,2024-05-17,12.0
14599,19256,2024-06-16,12.0
14600,19256,2024-07-16,12.0
14601,19256,2024-08-15,12.0
14602,19256,2024-09-14,12.0
14603,19256,2024-10-14,12.0
14604,19256,2024-11-13,12.0
14605,19256,2024-12-13,12.0
14606,19269,2024-08-28,12.0
14607,19269,2024-09-27,12.0
14608,19269,2024-10-27,12.0
14609,19269,2024-11-26,12.0
14610,19269,2024-12-26,12.0
14611,19273,2024-10-23,12.0
14612,19278,2024-06-27,12.0
14613,19279,2024-08-14,12.0
14614,19281,2024-07-17,12.0
14615,19288,2024-07-24,12.0
14616,19293,2024-09-01,12.0
14617,19293,2024-10-01,12.0
14618,19293,2024-10-31,12.0
14619,19293,2024-11-30,12.0
14620,19293,2024-12-30,12.0
14621,19299,2024-06-23,12.0
14622,19299,2024-07-23,12.0
14623,19299,2024-08-22,12.0
14624,19299,2024-09-21,12.0
14625,19299,2024-10-21,12.0
14626,19299,2024-11-20,12.0
14627,19299,2024-12-20,12.0
14628,19300,2024-12-08,12.0
14629,19310,2024-10-02,12.0
14630,19310,2024-11-01,12.0
14631,19310,2024-12-01,12.0
14632,19310,2024-12-31,12.0
14633,19318,2024-03-22,24.0
14634,19318,2024-04-21,24.0
14635,19318,2024-05-21,24.0
14636,19318,2024-06-20,24.0
14637,19318,2024-07-20,24.0
14638,19318,2024-08-19,24.0
14639,19318,2024-09-18,24.0
14640,19318,2024-10-18,24.0
14641,19318,2024-11-17,24.0
14642,19318,2024-12-17,24.0
14643,19319,2024-09-06,12.0
14644,19319,2024-10-06,12.0
14645,19319,2024-11-05,12.0
14646,19319,2024-12-05,12.0
14647,19323,2024-08-29,12.0
14648,19323,2024-09-28,12.0
14649,19323,2024-10-28,12.0
14650,19323,2024-11-27,12.0
14651,19323,2024-12-27,12.0
14652,19330,2025-01-14,24.0
14653,19340,2024-10-23,12.0
14654,19343,2024-06-22,12.0
14655,19343,2024-07-22,12.0
14656,19343,2024-08-21,12.0
14657,19343,2024-09-20,12.0
14658,19343,2024-10-20,12.0
14659,19343,2024-11-19,12.0
14660,19343,2024-12-19,12.0
14661,19350,2024-11-15,24.0
14662,19350,2024-12-15,24.0
14663,19357,2024-04-19,12.0
14664,19358,2024-02-03,12.0
14665,19358,2024-03-04,12.0
14666,19358,2024-04-03,12.0
14667,19358,2024-05-03,12.0
14668,19358,2024-06-02,12.0
14669,19358,2024-07-02,12.0
14670,19358,2024-08-01,12.0
14671,19358,2024-08-31,12.0
14672,19358,2024-09-30,12.0
14673,19358,2024-10-30,12.0
14674,19358,2024-11-29,12.0
14675,19358,2024-12-29,12.0
14676,19362,2025-01-02,24.0
14677,19365,2024-02-25,24.0
14678,19365,2024-03-26,24.0
14679,19365,2024-04-25,24.0
14680,19365,2024-05-25,24.0
14681,19365,2024-06-24,24.0
14682,19365,2024-07-24,24.0
14683,19365,2024-08-23,24.0
14684,19365,2024-09-22,24.0
14685,19365,2024-10-22,24.0
14686,19365,2024-11-21,24.0
14687,19365,2024-12-21,24.0
14688,19369,2024-12-07,12.0
14689,19372,2024-12-29,24.0
14690,19374,2024-10-04,24.0
14691,19376,2024-07-24,12.0
14692,19376,2024-08-23,12.0
14693,19376,2024-09-22,12.0
14694,19376,2024-10-22,12.0
14695,19376,2024-11-21,12.0
14696,19376,2024-12-21,12.0
14697,19379,2024-09-19,12.0
14698,19379,2024-10-19,12.0
14699,19379,2024-11-18,12.0
14700,19379,2024-12-18,12.0
14701,19390,2024-05-21,24.0
14702,19390,2024-06-20,24.0
14703,19390,2024-07-20,24.0
14704,19390,2024-08-19,24.0
14705,19390,2024-09-18,24.0
14706,19390,2024-10-18,24.0
14707,19390,2024-11-17,24.0
14708,19390,2024-12-17,24.0
14709,19391,2024-05-19,12.0
14710,19391,2024-06-18,12.0
14711,19391,2024-07-18,12.0
14712,19391,2024-08-17,12.0
14713,19391,2024-09-16,12.0
14714,19391,2024-10-16,12.0
14715,19391,2024-11-15,12.0
14716,19391,2024-12-15,12.0
14717,19394,2024-07-15,24.0
14718,19394,2024-08-14,24.0
14719,19394,2024-09-13,24.0
14720,19394,2024-10-13,24.0
14721,19394,2024-11-12,24.0
14722,19394,2024-12-12,24.0
14723,19405,2024-08-17,12.0
14724,19422,2024-11-15,12.0
14725,19422,2024-12-15,12.0
14726,19425,2024-07-28,24.0
14727,19425,2024-08-27,24.0
14728,19425,2024-09-26,24.0
14729,19425,2024-10-26,24.0
14730,19425,2024-11-25,24.0
14731,19425,2024-12-25,24.0
14732,19434,2024-01-31,12.0
14733,19434,2024-03-01,12.0
14734,19434,2024-03-31,12.0
14735,19434,2024-04-30,12.0
14736,19434,2024-05-30,12.0
14737,19434,2024-06-29,12.0
14738,19434,2024-07-29,12.0
14739,19434,2024-08-28,12.0
14740,19434,2024-09-27,12.0
14741,19434,2024-10-27,12.0
14742,19434,2024-11-26,12.0
14743,19434,2024-12-26,12.0
14744,19438,2024-09-10,24.0
14745,19438,2024-10-10,24.0
14746,19438,2024-11-09,24.0
14747,19438,2024-12-09,24.0
14748,19447,2024-05-03,12.0
14749,19464,2024-02-16,24.0
14750,19464,2024-03-17,24.0
14751,19464,2024-04-16,24.0
14752,19464,2024-05-16,24.0
14753,19464,2024-06-15,24.0
14754,19464,2024-07-15,24.0
14755,19464,2024-08-14,24.0
14756,19464,2024-09-13,24.0
14757,19464,2024-10-13,24.0
14758,19464,2024-11-12,24.0
14759,19464,2024-12-12,24.0
14760,19468,2025-01-03,12.0
14761,19470,2024-05-18,12.0
14762,19470,2024-06-17,12.0
14763,19470,2024-07-17,12.0
14764,19470,2024-08-16,12.0
14765,19470,2024-09-15,12.0
14766,19470,2024-10-15,12.0
14767,19470,2024-11-14,12.0
14768,19470,2024-12-14,12.0
14769,19474,2024-02-17,12.0
14770,19474,2024-03-18,12.0
14771,19474,2024-04-17,12.0
14772,19474,2024-05-17,12.0
14773,19474,2024-06-16,12.0
14774,19474,2024-07-16,12.0
14775,19474,2024-08-15,12.0
14776,19474,2024-09-14,12.0
14777,19474,2024-10-14,12.0
14778,19474,2024-11-13,12.0
14779,19474,2024-12-13,12.0
14780,19479,2024-04-26,12.0
14781,19479,2024-05-26,12.0
14782,19479,2024-06-25,12.0
14783,19479,2024-07-25,12.0
14784,19479,2024-08-24,12.0
14785,19479,2024-09-23,12.0
14786,19479,2024-10-23,12.0
14787,19479,2024-11-22,12.0
14788,19479,2024-12-22,12.0
14789,19490,2024-12-15,24.0
14790,19492,2024-11-11,24.0
14791,19492,2024-12-11,24.0
14792,19497,2024-02-11,24.0
14793,19497,2024-03-12,24.0
14794,19497,2024-04-11,24.0
14795,19497,2024-05-11,24.0
14796,19497,2024-06-10,24.0
14797,19497,2024-07-10,24.0
14798,19497,2024-08-09,24.0
14799,19497,2024-09-08,24.0
14800,19497,2024-10-08,24.0
14801,19497,2024-11-07,24.0
14802,19497,2024-12-07,24.0
14803,19499,2024-04-19,24.0
14804,19499,2024-05-19,24.0
14805,19499,2024-06-18,24.0
14806,19499,2024-07-18,24.0
14807,19499,2024-08-17,24.0
14808,19499,2024-09-16,24.0
14809,19499,2024-10-16,24.0
14810,19499,2024-11-15,24.0
14811,19499,2024-12-15,24.0
14812,19503,2024-08-29,24.0
14813,19503,2024-09-28,24.0
14814,19503,2024-10-28,24.0
14815,19503,2024-11-27,24.0
14816,19503,2024-12-27,24.0
14817,19504,2025-01-09,12.0
14818,19505,2024-12-24,24.0
14819,19506,2024-08-09,24.0
14820,19506,2024-09-08,24.0
14821,19506,2024-10-08,24.0
14822,19506,2024-11-07,24.0
14823,19506,2024-12-07,24.0
14824,19507,2024-10-02,12.0
14825,19509,2024-04-11,24.0
14826,19509,2024-05-11,24.0
14827,19509,2024-06-10,24.0
14828,19509,2024-07-10,24.0
14829,19509,2024-08-09,24.0
14830,19509,2024-09-08,24.0
14831,19509,2024-10-08,24.0
14832,19509,2024-11-07,24.0
14833,19509,2024-12-07,24.0
14834,19511,2024-05-30,12.0
14835,19513,2024-07-02,24.0
14836,19518,2024-03-21,12.0
14837,19518,2024-04-20,12.0
14838,19518,2024-05-20,12.0
14839,19518,2024-06-19,12.0
14840,19518,2024-07-19,12.0
14841,19518,2024-08-18,12.0
14842,19518,2024-09-17,12.0
14843,19518,2024-10-17,12.0
14844,19518,2024-11-16,12.0
14845,19518,2024-12-16,12.0
14846,19520,2024-07-07,12.0
14847,19524,2024-07-26,12.0
14848,19526,2024-11-01,24.0
14849,19526,2024-12-01,24.0
14850,19526,2024-12-31,24.0
14851,19534,2024-10-17,12.0
14852,19534,2024-11-16,12.0
14853,19534,2024-12-16,12.0
14854,19538,2024-05-13,12.0
14855,19541,2024-01-29,12.0
14856,19541,2024-02-28,12.0
14857,19541,2024-03-29,12.0
14858,19541,2024-04-28,12.0
14859,19541,2024-05-28,12.0
14860,19541,2024-06-27,12.0
14861,19541,2024-07-27,12.0
14862,19541,2024-08-26,12.0
14863,19541,2024-09-25,12.0
14864,19541,2024-10-25,12.0
14865,19541,2024-11-24,12.0
14866,19541,2024-12-24,12.0
14867,19544,2024-08-22,12.0
14868,19551,2024-10-24,12.0
14869,19561,2024-02-09,12.0
14870,19561,2024-03-10,12.0
14871,19561,2024-04-09,12.0
14872,19561,2024-05-09,12.0
14873,19561,2024-06-08,12.0
14874,19561,2024-07-08,12.0
14875,19561,2024-08-07,12.0
14876,19561,2024-09-06,12.0
14877,19561,2024-10-06,12.0
14878,19561,2024-11-05,12.0
14879,19561,2024-12-05,12.0
14880,19562,2024-11-05,12.0
14881,19562,2024-12-05,12.0
14882,19563,2024-01-18,12.0
14883,19563,2024-02-17,12.0
14884,19563,2024-03-18,12.0
14885,19563,2024-04-17,12.0
14886,19563,2024-05-17,12.0
14887,19563,2024-06-16,12.0
14888,19563,2024-07-16,12.0
14889,19563,2024-08-15,12.0
14890,19563,2024-09-14,12.0
14891,19563,2024-10-14,12.0
14892,19563,2024-11-13,12.0
14893,19563,2024-12-13,12.0
14894,19566,2024-09-02,12.0
14895,19569,2025-01-02,24.0
14896,19575,2024-12-03,24.0
14897,19579,2024-02-11,24.0
14898,19582,2024-06-27,24.0
14899,19582,2024-07-27,24.0
14900,19582,2024-08-26,24.0
14901,19582,2024-09-25,24.0
14902,19582,2024-10-25,24.0
14903,19582,2024-11-24,24.0
14904,19582,2024-12-24,24.0
14905,19584,2024-05-08,12.0
14906,19584,2024-06-07,12.0
14907,19584,2024-07-07,12.0
14908,19584,2024-08-06,12.0
14909,19584,2024-09-05,12.0
14910,19584,2024-10-05,12.0
14911,19584,2024-11-04,12.0
14912,19584,2024-12-04,12.0
14913,19593,2024-05-16,12.0
14914,19594,2024-05-13,12.0
14915,19594,2024-06-12,12.0
14916,19594,2024-07-12,12.0
14917,19594,2024-08-11,12.0
14918,19594,2024-09-10,12.0
14919,19594,2024-10-10,12.0
14920,19594,2024-11-09,12.0
14921,19594,2024-12-09,12.0
14922,19614,2024-05-31,12.0
14923,19614,2024-06-30,12.0
14924,19614,2024-07-30,12.0
14925,19614,2024-08-29,12.0
14926,19614,2024-09-28,12.0
14927,19614,2024-10-28,12.0
14928,19614,2024-11-27,12.0
14929,19614,2024-12-27,12.0
14930,19624,2024-02-28,12.0
14931,19627,2024-10-10,12.0
14932,19634,2024-03-27,12.0
14933,19634,2024-04-26,12.0
14934,19634,2024-05-26,12.0
14935,19634,2024-06-25,12.0
14936,19634,2024-07-25,12.0
14937,19634,2024-08-24,12.0
14938,19634,2024-09-23,12.0
14939,19634,2024-10-23,12.0
14940,19634,2024-11-22,12.0
14941,19634,2024-12-22,12.0
14942,19648,2024-05-22,24.0
14943,19648,2024-06-21,24.0
14944,19648,2024-07-21,24.0
14945,19648,2024-08-20,24.0
14946,19648,2024-09-19,24.0
14947,19648,2024-10-19,24.0
14948,19648,2024-11-18,24.0
14949,19648,2024-12-18,24.0
14950,19654,2024-12-17,12.0
14951,19662,2024-12-09,12.0
14952,19665,2024-04-12,12.0
14953,19665,2024-05-12,12.0
14954,19665,2024-06-11,12.0
14955,19665,2024-07-11,12.0
14956,19665,2024-08-10,12.0
14957,19665,2024-09-09,12.0
14958,19665,2024-10-09,12.0
14959,19665,2024-11-08,12.0
14960,19665,2024-12-08,12.0
14961,19671,2024-03-10,12.0
14962,19671,2024-04-09,12.0
14963,19671,2024-05-09,12.0
14964,19671,2024-06-08,12.0
14965,19671,2024-07-08,12.0
14966,19671,2024-08-07,12.0
14967,19671,2024-09-06,12.0
14968,19671,2024-10-06,12.0
14969,19671,2024-11-05,12.0
14970,19671,2024-12-05,12.0
14971,19678,2024-08-31,12.0
14972,19678,2024-09-30,12.0
14973,19678,2024-10-30,12.0
14974,19678,2024-11-29,12.0
14975,19678,2024-12-29,12.0
14976,19681,2024-03-25,12.0
14977,19681,2024-04-24,12.0
14978,19681,2024-05-24,12.0
14979,19681,2024-06-23,12.0
14980,19681,2024-07-23,12.0
14981,19681,2024-08-22,12.0
14982,19681,2024-09-21,12.0
14983,19681,2024-10-21,12.0
14984,19681,2024-11-20,12.0
14985,19681,2024-12-20,12.0
14986,19693,2024-10-09,12.0
14987,19693,2024-11-08,12.0
14988,19693,2024-12-08,12.0
14989,19697,2024-09-28,12.0
14990,19697,2024-10-28,12.0
14991,19697,2024-11-27,12.0
14992,19697,2024-12-27,12.0
14993,19704,2024-02-12,24.0
14994,19704,2024-03-13,24.0
14995,19704,2024-04-12,24.0
14996,19704,2024-05-12,24.0
14997,19704,2024-06-11,24.0
14998,19704,2024-07-11,24.0
14999,19704,2024-08-10,24.0
15000,19704,2024-09-09,24.0
15001,19704,2024-10-09,24.0
15002,19704,2024-11-08,24.0
15003,19704,2024-12-08,24.0
15004,19715,2024-03-08,24.0
15005,19720,2024-05-17,12.0
15006,19720,2024-06-16,12.0
15007,19720,2024-07-16,12.0
15008,19720,2024-08-15,12.0
15009,19720,2024-09-14,12.0
15010,19720,2024-10-14,12.0
15011,19720,2024-11-13,12.0
15012,19720,2024-12-13,12.0
15013,19722,2024-11-13,12.0
15014,19723,2024-05-23,12.0
15015,19723,2024-06-22,12.0
15016,19723,2024-07-22,12.0
15017,19723,2024-08-21,12.0
15018,19723,2024-09-20,12.0
15019,19723,2024-10-20,12.0
15020,19723,2024-11-19,12.0
15021,19723,2024-12-19,12.0
15022,19727,2024-09-24,12.0
15023,19727,2024-10-24,12.0
15024,19727,2024-11-23,12.0
15025,19727,2024-12-23,12.0
15026,19733,2024-05-22,12.0
15027,19733,2024-06-21,12.0
15028,19733,2024-07-21,12.0
15029,19733,2024-08-20,12.0
15030,19733,2024-09-19,12.0
15031,19733,2024-10-19,12.0
15032,19733,2024-11-18,12.0
15033,19733,2024-12-18,12.0
15034,19744,2024-04-12,12.0
15035,19744,2024-05-12,12.0
15036,19744,2024-06-11,12.0
15037,19744,2024-07-11,12.0
15038,19744,2024-08-10,12.0
15039,19744,2024-09-09,12.0
15040,19744,2024-10-09,12.0
15041,19744,2024-11-08,12.0
15042,19744,2024-12-08,12.0
15043,19751,2024-01-29,12.0
15044,19751,2024-02-28,12.0
15045,19751,2024-03-29,12.0
15046,19751,2024-04-28,12.0
15047,19751,2024-05-28,12.0
15048,19751,2024-06-27,12.0
15049,19751,2024-07-27,12.0
15050,19751,2024-08-26,12.0
15051,19751,2024-09-25,12.0
15052,19751,2024-10-25,12.0
15053,19751,2024-11-24,12.0
15054,19751,2024-12-24,12.0
15055,19756,2024-09-19,12.0
15056,19756,2024-10-19,12.0
15057,19756,2024-11-18,12.0
15058,19756,2024-12-18,12.0
15059,19758,2024-04-30,12.0
15060,19759,2024-10-08,24.0
15061,19762,2024-08-22,24.0
15062,19762,2024-09-21,24.0
15063,19762,2024-10-21,24.0
15064,19762,2024-11-20,24.0
15065,19762,2024-12-20,24.0
15066,19769,2024-11-05,12.0
15067,19769,2024-12-05,12.0
15068,19772,2024-02-14,12.0
15069,19772,2024-03-15,12.0
15070,19772,2024-04-14,12.0
15071,19772,2024-05-14,12.0
15072,19772,2024-06-13,12.0
15073,19772,2024-07-13,12.0
15074,19772,2024-08-12,12.0
15075,19772,2024-09-11,12.0
15076,19772,2024-10-11,12.0
15077,19772,2024-11-10,12.0
15078,19772,2024-12-10,12.0
15079,19774,2024-09-15,24.0
15080,19774,2024-10-15,24.0
15081,19774,2024-11-14,24.0
15082,19774,2024-12-14,24.0
15083,19775,2024-01-20,12.0
15084,19775,2024-02-19,12.0
15085,19775,2024-03-20,12.0
15086,19775,2024-04-19,12.0
15087,19775,2024-05-19,12.0
15088,19775,2024-06-18,12.0
15089,19775,2024-07-18,12.0
15090,19775,2024-08-17,12.0
15091,19775,2024-09-16,12.0
15092,19775,2024-10-16,12.0
15093,19775,2024-11-15,12.0
15094,19775,2024-12-15,12.0
15095,19788,2024-12-15,12.0
15096,19789,2024-10-22,24.0
15097,19790,2024-07-23,12.0
15098,19793,2024-12-24,12.0
15099,19796,2024-03-31,12.0
15100,19799,2024-09-05,12.0
15101,19799,2024-10-05,12.0
15102,19799,2024-11-04,12.0
15103,19799,2024-12-04,12.0
15104,19803,2024-09-10,24.0
15105,19803,2024-10-10,24.0
15106,19803,2024-11-09,24.0
15107,19803,2024-12-09,24.0
15108,19812,2025-01-03,12.0
15109,19814,2024-02-22,12.0
15110,19814,2024-03-23,12.0
15111,19814,2024-04-22,12.0
15112,19814,2024-05-22,12.0
15113,19814,2024-06-21,12.0
15114,19814,2024-07-21,12.0
15115,19814,2024-08-20,12.0
15116,19814,2024-09-19,12.0
15117,19814,2024-10-19,12.0
15118,19814,2024-11-18,12.0
15119,19814,2024-12-18,12.0
15120,19818,2024-06-15,12.0
15121,19818,2024-07-15,12.0
15122,19818,2024-08-14,12.0
15123,19818,2024-09-13,12.0
15124,19818,2024-10-13,12.0
15125,19818,2024-11-12,12.0
15126,19818,2024-12-12,12.0
15127,19819,2024-11-03,12.0
15128,19820,2024-12-28,12.0
15129,19822,2024-03-27,24.0
15130,19822,2024-04-26,24.0
15131,19822,2024-05-26,24.0
15132,19822,2024-06-25,24.0
15133,19822,2024-07-25,24.0
15134,19822,2024-08-24,24.0
15135,19822,2024-09-23,24.0
15136,19822,2024-10-23,24.0
15137,19822,2024-11-22,24.0
15138,19822,2024-12-22,24.0
15139,19824,2024-11-20,12.0
15140,19826,2024-08-29,12.0
15141,19827,2025-01-09,12.0
15142,19832,2024-12-25,12.0
15143,19834,2024-05-19,24.0
15144,19834,2024-06-18,24.0
15145,19834,2024-07-18,24.0
15146,19834,2024-08-17,24.0
15147,19834,2024-09-16,24.0
15148,19834,2024-10-16,24.0
15149,19834,2024-11-15,24.0
15150,19834,2024-12-15,24.0
15151,19838,2024-07-23,12.0
15152,19838,2024-08-22,12.0
15153,19838,2024-09-21,12.0
15154,19838,2024-10-21,12.0
15155,19838,2024-11-20,12.0
15156,19838,2024-12-20,12.0
15157,19843,2025-01-08,24.0
15158,19844,2024-08-12,24.0
15159,19846,2024-06-07,12.0
15160,19850,2024-10-14,24.0
15161,19850,2024-11-13,24.0
15162,19850,2024-12-13,24.0
15163,19851,2024-09-18,24.0
15164,19851,2024-10-18,24.0
15165,19851,2024-11-17,24.0
15166,19851,2024-12-17,24.0
15167,19853,2024-06-21,24.0
15168,19853,2024-07-21,24.0
15169,19853,2024-08-20,24.0
15170,19853,2024-09-19,24.0
15171,19853,2024-10-19,24.0
15172,19853,2024-11-18,24.0
15173,19853,2024-12-18,24.0
15174,19854,2024-11-27,24.0
15175,19854,2024-12-27,24.0
15176,19855,2024-04-01,24.0
15177,19855,2024-05-01,24.0
15178,19855,2024-05-31,24.0
15179,19855,2024-06-30,24.0
15180,19855,2024-07-30,24.0
15181,19855,2024-08-29,24.0
15182,19855,2024-09-28,24.0
15183,19855,2024-10-28,24.0
15184,19855,2024-11-27,24.0
15185,19855,2024-12-27,24.0
15186,19870,2024-08-23,12.0
15187,19870,2024-09-22,12.0
15188,19870,2024-10-22,12.0
15189,19870,2024-11-21,12.0
15190,19870,2024-12-21,12.0
15191,19874,2024-04-25,12.0
15192,19874,2024-05-25,12.0
15193,19874,2024-06-24,12.0
15194,19874,2024-07-24,12.0
15195,19874,2024-08-23,12.0
15196,19874,2024-09-22,12.0
15197,19874,2024-10-22,12.0
15198,19874,2024-11-21,12.0
15199,19874,2024-12-21,12.0
15200,19878,2024-09-16,12.0
15201,19888,2024-09-22,24.0
15202,19889,2024-05-13,12.0
15203,19889,2024-06-12,12.0
15204,19889,2024-07-12,12.0
15205,19889,2024-08-11,12.0
15206,19889,2024-09-10,12.0
15207,19889,2024-10-10,12.0
15208,19889,2024-11-09,12.0
15209,19889,2024-12-09,12.0
15210,19891,2024-08-15,12.0
15211,19891,2024-09-14,12.0
15212,19891,2024-10-14,12.0
15213,19891,2024-11-13,12.0
15214,19891,2024-12-13,12.0
15215,19892,2024-10-28,12.0
15216,19893,2024-11-20,12.0
15217,19897,2024-09-29,24.0
15218,19897,2024-10-29,24.0
15219,19897,2024-11-28,24.0
15220,19897,2024-12-28,24.0
15221,19902,2024-06-22,12.0
15222,19905,2024-08-15,12.0
15223,19905,2024-09-14,12.0
15224,19905,2024-10-14,12.0
15225,19905,2024-11-13,12.0
15226,19905,2024-12-13,12.0
15227,19907,2024-09-12,12.0
15228,19907,2024-10-12,12.0
15229,19907,2024-11-11,12.0
15230,19907,2024-12-11,12.0
15231,19908,2024-04-13,12.0
15232,19913,2024-04-25,24.0
15233,19913,2024-05-25,24.0
15234,19913,2024-06-24,24.0
15235,19913,2024-07-24,24.0
15236,19913,2024-08-23,24.0
15237,19913,2024-09-22,24.0
15238,19913,2024-10-22,24.0
15239,19913,2024-11-21,24.0
15240,19913,2024-12-21,24.0
15241,19914,2024-11-17,24.0
15242,19914,2024-12-17,24.0
15243,19916,2024-11-19,12.0
15244,19920,2024-12-27,24.0
15245,19922,2024-12-04,24.0
15246,19935,2024-10-15,24.0
15247,19935,2024-11-14,24.0
15248,19935,2024-12-14,24.0
15249,19936,2025-01-08,12.0
15250,19938,2024-02-26,12.0
15251,19941,2025-01-13,12.0
15252,19944,2024-06-02,12.0
15253,19944,2024-07-02,12.0
15254,19944,2024-08-01,12.0
15255,19944,2024-08-31,12.0
15256,19944,2024-09-30,12.0
15257,19944,2024-10-30,12.0
15258,19944,2024-11-29,12.0
15259,19944,2024-12-29,12.0
15260,19948,2024-02-08,12.0
15261,19948,2024-03-09,12.0
15262,19948,2024-04-08,12.0
15263,19948,2024-05-08,12.0
15264,19948,2024-06-07,12.0
15265,19948,2024-07-07,12.0
15266,19948,2024-08-06,12.0
15267,19948,2024-09-05,12.0
15268,19948,2024-10-05,12.0
15269,19948,2024-11-04,12.0
15270,19948,2024-12-04,12.0
15271,19952,2024-08-28,24.0
15272,19953,2024-07-25,12.0
15273,19953,2024-08-24,12.0
15274,19953,2024-09-23,12.0
15275,19953,2024-10-23,12.0
15276,19953,2024-11-22,12.0
15277,19953,2024-12-22,12.0
15278,19961,2024-10-06,12.0
15279,19961,2024-11-05,12.0
15280,19961,2024-12-05,12.0
15281,19962,2024-03-29,12.0
15282,19968,2024-01-16,12.0
15283,19968,2024-02-15,12.0
15284,19968,2024-03-16,12.0
15285,19968,2024-04-15,12.0
15286,19968,2024-05-15,12.0
15287,19968,2024-06-14,12.0
15288,19968,2024-07-14,12.0
15289,19968,2024-08-13,12.0
15290,19968,2024-09-12,12.0
15291,19968,2024-10-12,12.0
15292,19968,2024-11-11,12.0
15293,19968,2024-12-11,12.0
15294,19974,2024-10-29,12.0
15295,19981,2024-03-31,12.0
15296,19981,2024-04-30,12.0
15297,19981,2024-05-30,12.0
15298,19981,2024-06-29,12.0
15299,19981,2024-07-29,12.0
15300,19981,2024-08-28,12.0
15301,19981,2024-09-27,12.0
15302,19981,2024-10-27,12.0
15303,19981,2024-11-26,12.0
15304,19981,2024-12-26,12.0
15305,19982,2024-08-08,12.0
15306,19982,2024-09-07,12.0
15307,19982,2024-10-07,12.0
15308,19982,2024-11-06,12.0
15309,19982,2024-12-06,12.0
15310,19983,2024-10-05,24.0
15311,19988,2024-09-23,24.0
15312,19988,2024-10-23,24.0
15313,19988,2024-11-22,24.0
15314,19988,2024-12-22,24.0
15315,19994,2024-04-09,12.0
15316,19996,2024-11-16,12.0
15317,19996,2024-12-16,12.0
15318,20000,2024-03-14,12.0
15319,20000,2024-04-13,12.0
15320,20000,2024-05-13,12.0
15321,20000,2024-06-12,12.0
15322,20000,2024-07-12,12.0
15323,20000,2024-08-11,12.0
15324,20000,2024-09-10,12.0
15325,20000,2024-10-10,12.0
15326,20000,2024-11-09,12.0
15327,20000,2024-12-09,12.0
15328,20004,2024-04-27,24.0
15329,20004,2024-05-27,24.0
15330,20004,2024-06-26,24.0
15331,20004,2024-07-26,24.0
15332,20004,2024-08-25,24.0
15333,20004,2024-09-24,24.0
15334,20004,2024-10-24,24.0
15335,20004,2024-11-23,24.0
15336,20004,2024-12-23,24.0
15337,20014,2024-08-02,12.0
15338,20014,2024-09-01,12.0
15339,20014,2024-10-01,12.0
15340,20014,2024-10-31,12.0
15341,20014,2024-11-30,12.0
15342,20014,2024-12-30,12.0
15343,20015,2024-01-24,12.0
15344,20015,2024-02-23,12.0
15345,20015,2024-03-24,12.0
15346,20015,2024-04-23,12.0
15347,20015,2024-05-23,12.0
15348,20015,2024-06-22,12.0
15349,20015,2024-07-22,12.0
15350,20015,2024-08-21,12.0
15351,20015,2024-09-20,12.0
15352,20015,2024-10-20,12.0
15353,20015,2024-11-19,12.0
15354,20015,2024-12-19,12.0
15355,20017,2024-07-18,12.0
15356,20017,2024-08-17,12.0
15357,20017,2024-09-16,12.0
15358,20017,2024-10-16,12.0
15359,20017,2024-11-15,12.0
15360,20017,2024-12-15,12.0
15361,20019,2024-10-15,12.0
15362,20028,2024-03-22,12.0
15363,20037,2024-06-27,12.0
15364,20040,2024-05-30,12.0
15365,20040,2024-06-29,12.0
15366,20040,2024-07-29,12.0
15367,20040,2024-08-28,12.0
15368,20040,2024-09-27,12.0
15369,20040,2024-10-27,12.0
15370,20040,2024-11-26,12.0
15371,20040,2024-12-26,12.0
15372,20041,2024-12-08,24.0
15373,20043,2024-12-31,24.0
15374,20044,2024-03-02,24.0
15375,20044,2024-04-01,24.0
15376,20044,2024-05-01,24.0
15377,20044,2024-05-31,24.0
15378,20044,2024-06-30,24.0
15379,20044,2024-07-30,24.0
15380,20044,2024-08-29,24.0
15381,20044,2024-09-28,24.0
15382,20044,2024-10-28,24.0
15383,20044,2024-11-27,24.0
15384,20044,2024-12-27,24.0
15385,20057,2024-12-13,12.0
15386,20058,2025-01-07,12.0
15387,20059,2024-09-27,24.0
15388,20065,2024-07-13,12.0
15389,20065,2024-08-12,12.0
15390,20065,2024-09-11,12.0
15391,20065,2024-10-11,12.0
15392,20065,2024-11-10,12.0
15393,20065,2024-12-10,12.0
15394,20079,2024-02-01,24.0
15395,20082,2024-09-17,24.0
15396,20082,2024-10-17,24.0
15397,20082,2024-11-16,24.0
15398,20082,2024-12-16,24.0
15399,20084,2024-04-21,12.0
15400,20084,2024-05-21,12.0
15401,20084,2024-06-20,12.0
15402,20084,2024-07-20,12.0
15403,20084,2024-08-19,12.0
15404,20084,2024-09-18,12.0
15405,20084,2024-10-18,12.0
15406,20084,2024-11-17,12.0
15407,20084,2024-12-17,12.0
15408,20089,2024-06-26,24.0
15409,20094,2024-01-22,12.0
15410,20095,2024-03-30,12.0
15411,20103,2024-05-23,12.0
15412,20103,2024-06-22,12.0
15413,20103,2024-07-22,12.0
15414,20103,2024-08-21,12.0
15415,20103,2024-09-20,12.0
15416,20103,2024-10-20,12.0
15417,20103,2024-11-19,12.0
15418,20103,2024-12-19,12.0
15419,20109,2024-10-05,12.0
15420,20109,2024-11-04,12.0
15421,20109,2024-12-04,12.0
15422,20121,2024-11-28,12.0
15423,20121,2024-12-28,12.0
15424,20140,2024-07-30,12.0
15425,20140,2024-08-29,12.0
15426,20140,2024-09-28,12.0
15427,20140,2024-10-28,12.0
15428,20140,2024-11-27,12.0
15429,20140,2024-12-27,12.0
15430,20141,2024-05-07,12.0
15431,20141,2024-06-06,12.0
15432,20141,2024-07-06,12.0
15433,20141,2024-08-05,12.0
15434,20141,2024-09-04,12.0
15435,20141,2024-10-04,12.0
15436,20141,2024-11-03,12.0
15437,20141,2024-12-03,12.0
15438,20143,2024-08-24,12.0
15439,20143,2024-09-23,12.0
15440,20143,2024-10-23,12.0
15441,20143,2024-11-22,12.0
15442,20143,2024-12-22,12.0
15443,20148,2024-07-23,12.0
15444,20149,2024-02-04,12.0
15445,20161,2024-06-12,24.0
15446,20170,2024-06-20,12.0
15447,20170,2024-07-20,12.0
15448,20170,2024-08-19,12.0
15449,20170,2024-09-18,12.0
15450,20170,2024-10-18,12.0
15451,20170,2024-11-17,12.0
15452,20170,2024-12-17,12.0
15453,20185,2024-03-06,12.0
15454,20186,2024-11-22,12.0
15455,20186,2024-12-22,12.0
15456,20191,2024-06-01,12.0
15457,20196,2024-10-11,12.0
15458,20196,2024-11-10,12.0
15459,20196,2024-12-10,12.0
15460,20198,2024-02-13,24.0
15461,20198,2024-03-14,24.0
15462,20198,2024-04-13,24.0
15463,20198,2024-05-13,24.0
15464,20198,2024-06-12,24.0
15465,20198,2024-07-12,24.0
15466,20198,2024-08-11,24.0
15467,20198,2024-09-10,24.0
15468,20198,2024-10-10,24.0
15469,20198,2024-11-09,24.0
15470,20198,2024-12-09,24.0
15471,20206,2024-11-06,12.0
15472,20216,2024-06-25,12.0
15473,20218,2024-10-17,12.0
15474,20218,2024-11-16,12.0
15475,20218,2024-12-16,12.0
15476,20220,2024-12-27,24.0
15477,20229,2024-05-15,24.0
15478,20229,2024-06-14,24.0
15479,20229,2024-07-14,24.0
15480,20229,2024-08-13,24.0
15481,20229,2024-09-12,24.0
15482,20229,2024-10-12,24.0
15483,20229,2024-11-11,24.0
15484,20229,2024-12-11,24.0
15485,20238,2025-01-13,12.0
15486,20244,2024-09-16,12.0
15487,20252,2024-12-21,12.0
15488,20269,2024-02-16,12.0
15489,20269,2024-03-17,12.0
15490,20269,2024-04-16,12.0
15491,20269,2024-05-16,12.0
15492,20269,2024-06-15,12.0
15493,20269,2024-07-15,12.0
15494,20269,2024-08-14,12.0
15495,20269,2024-09-13,12.0
15496,20269,2024-10-13,12.0
15497,20269,2024-11-12,12.0
15498,20269,2024-12-12,12.0
15499,20271,2024-10-25,24.0
15500,20284,2024-02-08,24.0
15501,20284,2024-03-09,24.0
15502,20284,2024-04-08,24.0
15503,20284,2024-05-08,24.0
15504,20284,2024-06-07,24.0
15505,20284,2024-07-07,24.0
15506,20284,2024-08-06,24.0
15507,20284,2024-09-05,24.0
15508,20284,2024-10-05,24.0
15509,20284,2024-11-04,24.0
15510,20284,2024-12-04,24.0
15511,20285,2024-09-16,12.0
15512,20285,2024-10-16,12.0
15513,20285,2024-11-15,12.0
15514,20285,2024-12-15,12.0
15515,20290,2024-06-24,12.0
15516,20290,2024-07-24,12.0
15517,20290,2024-08-23,12.0
15518,20290,2024-09-22,12.0
15519,20290,2024-10-22,12.0
15520,20290,2024-11-21,12.0
15521,20290,2024-12-21,12.0
15522,20307,2024-04-13,12.0
15523,20307,2024-05-13,12.0
15524,20307,2024-06-12,12.0
15525,20307,2024-07-12,12.0
15526,20307,2024-08-11,12.0
15527,20307,2024-09-10,12.0
15528,20307,2024-10-10,12.0
15529,20307,2024-11-09,12.0
15530,20307,2024-12-09,12.0
15531,20331,2024-02-23,24.0
15532,20331,2024-03-24,24.0
15533,20331,2024-04-23,24.0
15534,20331,2024-05-23,24.0
15535,20331,2024-06-22,24.0
15536,20331,2024-07-22,24.0
15537,20331,2024-08-21,24.0
15538,20331,2024-09-20,24.0
15539,20331,2024-10-20,24.0
15540,20331,2024-11-19,24.0
15541,20331,2024-12-19,24.0
15542,20338,2024-03-22,24.0
15543,20338,2024-04-21,24.0
15544,20338,2024-05-21,24.0
15545,20338,2024-06-20,24.0
15546,20338,2024-07-20,24.0
15547,20338,2024-08-19,24.0
15548,20338,2024-09-18,24.0
15549,20338,2024-10-18,24.0
15550,20338,2024-11-17,24.0
15551,20338,2024-12-17,24.0
15552,20345,2024-12-02,12.0
15553,20346,2024-12-12,12.0
15554,20358,2025-01-05,24.0
15555,20363,2024-12-16,12.0
15556,20364,2024-04-01,24.0
15557,20364,2024-05-01,24.0
15558,20364,2024-05-31,24.0
15559,20364,2024-06-30,24.0
15560,20364,2024-07-30,24.0
15561,20364,2024-08-29,24.0
15562,20364,2024-09-28,24.0
15563,20364,2024-10-28,24.0
15564,20364,2024-11-27,24.0
15565,20364,2024-12-27,24.0
15566,20366,2024-11-20,12.0
15567,20366,2024-12-20,12.0
15568,20367,2024-03-08,12.0
15569,20369,2025-01-05,12.0
15570,20372,2024-03-09,12.0
15571,20382,2024-10-20,24.0
15572,20382,2024-11-19,24.0
15573,20382,2024-12-19,24.0
15574,20384,2024-11-27,24.0
15575,20385,2024-07-26,12.0
15576,20400,2024-08-14,12.0
15577,20406,2024-12-19,12.0
15578,20408,2024-10-10,24.0
15579,20408,2024-11-09,24.0
15580,20408,2024-12-09,24.0
15581,20409,2024-09-30,24.0
15582,20409,2024-10-30,24.0
15583,20409,2024-11-29,24.0
15584,20409,2024-12-29,24.0
15585,20421,2024-09-06,12.0
15586,20423,2024-11-04,24.0
15587,20423,2024-12-04,24.0
15588,20426,2024-09-22,12.0
15589,20426,2024-10-22,12.0
15590,20426,2024-11-21,12.0
15591,20426,2024-12-21,12.0
15592,20433,2024-09-15,12.0
15593,20433,2024-10-15,12.0
15594,20433,2024-11-14,12.0
15595,20433,2024-12-14,12.0
15596,20445,2024-04-10,24.0
15597,20445,2024-05-10,24.0
15598,20445,2024-06-09,24.0
15599,20445,2024-07-09,24.0
15600,20445,2024-08-08,24.0
15601,20445,2024-09-07,24.0
15602,20445,2024-10-07,24.0
15603,20445,2024-11-06,24.0
15604,20445,2024-12-06,24.0
15605,20449,2024-11-25,12.0
15606,20449,2024-12-25,12.0
15607,20454,2024-06-11,24.0
15608,20454,2024-07-11,24.0
15609,20454,2024-08-10,24.0
15610,20454,2024-09-09,24.0
15611,20454,2024-10-09,24.0
15612,20454,2024-11-08,24.0
15613,20454,2024-12-08,24.0
15614,20456,2024-10-07,24.0
15615,20458,2024-10-30,24.0
15616,20475,2024-11-21,12.0
15617,20477,2025-01-01,12.0
15618,20480,2024-09-30,12.0
15619,20480,2024-10-30,12.0
15620,20480,2024-11-29,12.0
15621,20480,2024-12-29,12.0
15622,20485,2024-11-12,12.0
15623,20485,2024-12-12,12.0
15624,20490,2024-08-27,12.0
15625,20496,2024-11-22,12.0
15626,20496,2024-12-22,12.0
15627,20498,2024-10-22,12.0
15628,20498,2024-11-21,12.0
15629,20498,2024-12-21,12.0
15630,20508,2024-07-26,24.0
15631,20508,2024-08-25,24.0
15632,20508,2024-09-24,24.0
15633,20508,2024-10-24,24.0
15634,20508,2024-11-23,24.0
15635,20508,2024-12-23,24.0
15636,20517,2024-03-20,24.0
15637,20517,2024-04-19,24.0
15638,20517,2024-05-19,24.0
15639,20517,2024-06-18,24.0
15640,20517,2024-07-18,24.0
15641,20517,2024-08-17,24.0
15642,20517,2024-09-16,24.0
15643,20517,2024-10-16,24.0
15644,20517,2024-11-15,24.0
15645,20517,2024-12-15,24.0
15646,20521,2024-12-23,12.0
15647,20522,2024-03-23,24.0
15648,20524,2024-04-11,24.0
15649,20524,2024-05-11,24.0
15650,20524,2024-06-10,24.0
15651,20524,2024-07-10,24.0
15652,20524,2024-08-09,24.0
15653,20524,2024-09-08,24.0
15654,20524,2024-10-08,24.0
15655,20524,2024-11-07,24.0
15656,20524,2024-12-07,24.0
15657,20536,2024-07-11,12.0
15658,20536,2024-08-10,12.0
15659,20536,2024-09-09,12.0
15660,20536,2024-10-09,12.0
15661,20536,2024-11-08,12.0
15662,20536,2024-12-08,12.0
15663,20550,2025-01-13,24.0
15664,20555,2024-03-27,12.0
15665,20557,2024-02-04,12.0
15666,20557,2024-03-05,12.0
15667,20557,2024-04-04,12.0
15668,20557,2024-05-04,12.0
15669,20557,2024-06-03,12.0
15670,20557,2024-07-03,12.0
15671,20557,2024-08-02,12.0
15672,20557,2024-09-01,12.0
15673,20557,2024-10-01,12.0
15674,20557,2024-10-31,12.0
15675,20557,2024-11-30,12.0
15676,20557,2024-12-30,12.0
15677,20560,2024-05-30,12.0
15678,20564,2025-01-11,24.0
15679,20566,2024-03-13,12.0
15680,20566,2024-04-12,12.0
15681,20566,2024-05-12,12.0
15682,20566,2024-06-11,12.0
15683,20566,2024-07-11,12.0
15684,20566,2024-08-10,12.0
15685,20566,2024-09-09,12.0
15686,20566,2024-10-09,12.0
15687,20566,2024-11-08,12.0
15688,20566,2024-12-08,12.0
15689,20570,2024-12-28,24.0
15690,20571,2024-07-29,24.0
15691,20571,2024-08-28,24.0
15692,20571,2024-09-27,24.0
15693,20571,2024-10-27,24.0
15694,20571,2024-11-26,24.0
15695,20571,2024-12-26,24.0
15696,20573,2024-07-24,24.0
15697,20573,2024-08-23,24.0
15698,20573,2024-09-22,24.0
15699,20573,2024-10-22,24.0
15700,20573,2024-11-21,24.0
15701,20573,2024-12-21,24.0
15702,20574,2024-11-07,24.0
15703,20578,2024-10-04,24.0
15704,20582,2024-07-23,12.0
15705,20582,2024-08-22,12.0
15706,20582,2024-09-21,12.0
15707,20582,2024-10-21,12.0
15708,20582,2024-11-20,12.0
15709,20582,2024-12-20,12.0
15710,20598,2024-07-24,12.0
15711,20598,2024-08-23,12.0
15712,20598,2024-09-22,12.0
15713,20598,2024-10-22,12.0
15714,20598,2024-11-21,12.0
15715,20598,2024-12-21,12.0
15716,20603,2024-01-17,12.0
15717,20603,2024-02-16,12.0
15718,20603,2024-03-17,12.0
15719,20603,2024-04-16,12.0
15720,20603,2024-05-16,12.0
15721,20603,2024-06-15,12.0
15722,20603,2024-07-15,12.0
15723,20603,2024-08-14,12.0
15724,20603,2024-09-13,12.0
15725,20603,2024-10-13,12.0
15726,20603,2024-11-12,12.0
15727,20603,2024-12-12,12.0
15728,20609,2024-02-13,24.0
15729,20611,2024-09-13,12.0
15730,20611,2024-10-13,12.0
15731,20611,2024-11-12,12.0
15732,20611,2024-12-12,12.0
15733,20615,2024-06-01,12.0
15734,20615,2024-07-01,12.0
15735,20615,2024-07-31,12.0
15736,20615,2024-08-30,12.0
15737,20615,2024-09-29,12.0
15738,20615,2024-10-29,12.0
15739,20615,2024-11-28,12.0
15740,20615,2024-12-28,12.0
15741,20620,2024-07-29,24.0
15742,20620,2024-08-28,24.0
15743,20620,2024-09-27,24.0
15744,20620,2024-10-27,24.0
15745,20620,2024-11-26,24.0
15746,20620,2024-12-26,24.0
15747,20623,2024-09-08,12.0
15748,20623,2024-10-08,12.0
15749,20623,2024-11-07,12.0
15750,20623,2024-12-07,12.0
15751,20629,2024-10-24,12.0
15752,20630,2024-12-29,12.0
15753,20631,2024-06-03,12.0
15754,20631,2024-07-03,12.0
15755,20631,2024-08-02,12.0
15756,20631,2024-09-01,12.0
15757,20631,2024-10-01,12.0
15758,20631,2024-10-31,12.0
15759,20631,2024-11-30,12.0
15760,20631,2024-12-30,12.0
15761,20632,2024-08-14,12.0
15762,20632,2024-09-13,12.0
15763,20632,2024-10-13,12.0
15764,20632,2024-11-12,12.0
15765,20632,2024-12-12,12.0
15766,20635,2024-05-13,12.0
15767,20639,2024-03-21,24.0
15768,20643,2024-09-12,24.0
15769,20643,2024-10-12,24.0
15770,20643,2024-11-11,24.0
15771,20643,2024-12-11,24.0
15772,20647,2024-11-15,12.0
15773,20647,2024-12-15,12.0
15774,20655,2024-08-05,24.0
15775,20655,2024-09-04,24.0
15776,20655,2024-10-04,24.0
15777,20655,2024-11-03,24.0
15778,20655,2024-12-03,24.0
15779,20658,2024-05-28,24.0
15780,20658,2024-06-27,24.0
15781,20658,2024-07-27,24.0
15782,20658,2024-08-26,24.0
15783,20658,2024-09-25,24.0
15784,20658,2024-10-25,24.0
15785,20658,2024-11-24,24.0
15786,20658,2024-12-24,24.0
15787,20665,2024-12-21,12.0
15788,20669,2024-05-23,24.0
15789,20669,2024-06-22,24.0
15790,20669,2024-07-22,24.0
15791,20669,2024-08-21,24.0
15792,20669,2024-09-20,24.0
15793,20669,2024-10-20,24.0
15794,20669,2024-11-19,24.0
15795,20669,2024-12-19,24.0
15796,20670,2024-06-18,12.0
15797,20670,2024-07-18,12.0
15798,20670,2024-08-17,12.0
15799,20670,2024-09-16,12.0
15800,20670,2024-10-16,12.0
15801,20670,2024-11-15,12.0
15802,20670,2024-12-15,12.0
15803,20675,2024-08-11,12.0
15804,20677,2024-12-17,12.0
15805,20679,2024-09-03,12.0
15806,20679,2024-10-03,12.0
15807,20679,2024-11-02,12.0
15808,20679,2024-12-02,12.0
15809,20680,2024-05-17,24.0
15810,20680,2024-06-16,24.0
15811,20680,2024-07-16,24.0
15812,20680,2024-08-15,24.0
15813,20680,2024-09-14,24.0
15814,20680,2024-10-14,24.0
15815,20680,2024-11-13,24.0
15816,20680,2024-12-13,24.0
15817,20693,2024-05-16,12.0
15818,20693,2024-06-15,12.0
15819,20693,2024-07-15,12.0
15820,20693,2024-08-14,12.0
15821,20693,2024-09-13,12.0
15822,20693,2024-10-13,12.0
15823,20693,2024-11-12,12.0
15824,20693,2024-12-12,12.0
15825,20697,2024-06-22,12.0
15826,20705,2024-09-23,12.0
15827,20706,2024-11-23,12.0
15828,20706,2024-12-23,12.0
15829,20712,2024-07-04,12.0
15830,20712,2024-08-03,12.0
15831,20712,2024-09-02,12.0
15832,20712,2024-10-02,12.0
15833,20712,2024-11-01,12.0
15834,20712,2024-12-01,12.0
15835,20712,2024-12-31,12.0
15836,20718,2024-10-31,24.0
15837,20723,2024-04-18,24.0
15838,20724,2024-01-27,24.0
15839,20724,2024-02-26,24.0
15840,20724,2024-03-27,24.0
15841,20724,2024-04-26,24.0
15842,20724,2024-05-26,24.0
15843,20724,2024-06-25,24.0
15844,20724,2024-07-25,24.0
15845,20724,2024-08-24,24.0
15846,20724,2024-09-23,24.0
15847,20724,2024-10-23,24.0
15848,20724,2024-11-22,24.0
15849,20724,2024-12-22,24.0
15850,20725,2024-08-14,12.0
15851,20725,2024-09-13,12.0
15852,20725,2024-10-13,12.0
15853,20725,2024-11-12,12.0
15854,20725,2024-12-12,12.0
15855,20729,2025-01-09,12.0
15856,20738,2024-07-09,12.0
15857,20738,2024-08-08,12.0
15858,20738,2024-09-07,12.0
15859,20738,2024-10-07,12.0
15860,20738,2024-11-06,12.0
15861,20738,2024-12-06,12.0
15862,20749,2024-10-07,12.0
15863,20749,2024-11-06,12.0
15864,20749,2024-12-06,12.0
15865,20753,2024-02-02,12.0
15866,20759,2024-04-26,12.0
15867,20759,2024-05-26,12.0
15868,20759,2024-06-25,12.0
15869,20759,2024-07-25,12.0
15870,20759,2024-08-24,12.0
15871,20759,2024-09-23,12.0
15872,20759,2024-10-23,12.0
15873,20759,2024-11-22,12.0
15874,20759,2024-12-22,12.0
15875,20768,2024-03-05,24.0
15876,20768,2024-04-04,24.0
15877,20768,2024-05-04,24.0
15878,20768,2024-06-03,24.0
15879,20768,2024-07-03,24.0
15880,20768,2024-08-02,24.0
15881,20768,2024-09-01,24.0
15882,20768,2024-10-01,24.0
15883,20768,2024-10-31,24.0
15884,20768,2024-11-30,24.0
15885,20768,2024-12-30,24.0
15886,20781,2024-10-02,12.0
15887,20781,2024-11-01,12.0
15888,20781,2024-12-01,12.0
15889,20781,2024-12-31,12.0
15890,20789,2025-01-08,12.0
15891,20792,2024-08-24,12.0
15892,20793,2024-12-11,12.0
15893,20796,2024-06-08,12.0
15894,20797,2024-10-14,12.0
15895,20798,2024-03-22,12.0
15896,20814,2024-05-23,24.0
15897,20817,2024-11-10,12.0
15898,20817,2024-12-10,12.0
15899,20823,2024-10-11,12.0
15900,20828,2024-11-19,12.0
15901,20828,2024-12-19,12.0
15902,20847,2024-09-26,12.0
15903,20857,2024-01-31,12.0
15904,20858,2024-04-08,12.0
15905,20858,2024-05-08,12.0
15906,20858,2024-06-07,12.0
15907,20858,2024-07-07,12.0
15908,20858,2024-08-06,12.0
15909,20858,2024-09-05,12.0
15910,20858,2024-10-05,12.0
15911,20858,2024-11-04,12.0
15912,20858,2024-12-04,12.0
15913,20859,2024-03-16,24.0
15914,20866,2024-05-06,12.0
15915,20867,2024-04-08,12.0
15916,20868,2024-01-21,24.0
15917,20869,2024-05-09,12.0
15918,20872,2024-04-13,12.0
15919,20872,2024-05-13,12.0
15920,20872,2024-06-12,12.0
15921,20872,2024-07-12,12.0
15922,20872,2024-08-11,12.0
15923,20872,2024-09-10,12.0
15924,20872,2024-10-10,12.0
15925,20872,2024-11-09,12.0
15926,20872,2024-12-09,12.0
15927,20873,2024-07-29,12.0
15928,20873,2024-08-28,12.0
15929,20873,2024-09-27,12.0
15930,20873,2024-10-27,12.0
15931,20873,2024-11-26,12.0
15932,20873,2024-12-26,12.0
15933,20874,2024-04-19,24.0
15934,20874,2024-05-19,24.0
15935,20874,2024-06-18,24.0
15936,20874,2024-07-18,24.0
15937,20874,2024-08-17,24.0
15938,20874,2024-09-16,24.0
15939,20874,2024-10-16,24.0
15940,20874,2024-11-15,24.0
15941,20874,2024-12-15,24.0
15942,20880,2024-04-15,12.0
15943,20883,2024-11-11,24.0
15944,20884,2024-01-29,12.0
15945,20887,2024-07-25,12.0
15946,20898,2024-09-10,12.0
15947,20898,2024-10-10,12.0
15948,20898,2024-11-09,12.0
15949,20898,2024-12-09,12.0
15950,20899,2024-09-15,24.0
15951,20899,2024-10-15,24.0
15952,20899,2024-11-14,24.0
15953,20899,2024-12-14,24.0
15954,20907,2024-11-13,12.0
15955,20907,2024-12-13,12.0
15956,20908,2024-12-02,12.0
15957,20913,2024-07-18,12.0
15958,20922,2024-01-17,12.0
15959,20927,2024-07-09,12.0
15960,20927,2024-08-08,12.0
15961,20927,2024-09-07,12.0
15962,20927,2024-10-07,12.0
15963,20927,2024-11-06,12.0
15964,20927,2024-12-06,12.0
15965,20929,2024-07-19,12.0
15966,20929,2024-08-18,12.0
15967,20929,2024-09-17,12.0
15968,20929,2024-10-17,12.0
15969,20929,2024-11-16,12.0
15970,20929,2024-12-16,12.0
15971,20939,2024-08-29,12.0
15972,20939,2024-09-28,12.0
15973,20939,2024-10-28,12.0
15974,20939,2024-11-27,12.0
15975,20939,2024-12-27,12.0
15976,20942,2024-09-01,24.0
15977,20942,2024-10-01,24.0
15978,20942,2024-10-31,24.0
15979,20942,2024-11-30,24.0
15980,20942,2024-12-30,24.0
15981,20945,2024-12-05,12.0
15982,20947,2024-08-05,12.0
15983,20947,2024-09-04,12.0
15984,20947,2024-10-04,12.0
15985,20947,2024-11-03,12.0
15986,20947,2024-12-03,12.0
15987,20948,2024-10-28,12.0
15988,20948,2024-11-27,12.0
15989,20948,2024-12-27,12.0
15990,20956,2024-12-14,12.0
15991,20959,2024-06-02,12.0
15992,20959,2024-07-02,12.0
15993,20959,2024-08-01,12.0
15994,20959,2024-08-31,12.0
15995,20959,2024-09-30,12.0
15996,20959,2024-10-30,12.0
15997,20959,2024-11-29,12.0
15998,20959,2024-12-29,12.0
15999,20960,2024-12-08,12.0
16000,20961,2024-08-08,12.0
16001,21003,2024-11-03,12.0
16002,21003,2024-12-03,12.0
16003,21008,2024-12-28,12.0
16004,21021,2024-09-28,12.0
16005,21021,2024-10-28,12.0
16006,21021,2024-11-27,12.0
16007,21021,2024-12-27,12.0
16008,21022,2025-01-15,24.0
16009,21027,2024-10-25,12.0
16010,21027,2024-11-24,12.0
16011,21027,2024-12-24,12.0
16012,21028,2024-08-19,12.0
16013,21028,2024-09-18,12.0
16014,21028,2024-10-18,12.0
16015,21028,2024-11-17,12.0
16016,21028,2024-12-17,12.0
16017,21029,2024-11-12,12.0
16018,21031,2025-01-11,12.0
16019,21058,2024-05-09,24.0
16020,21068,2024-03-24,12.0
16021,21068,2024-04-23,12.0
16022,21068,2024-05-23,12.0
16023,21068,2024-06-22,12.0
16024,21068,2024-07-22,12.0
16025,21068,2024-08-21,12.0
16026,21068,2024-09-20,12.0
16027,21068,2024-10-20,12.0
16028,21068,2024-11-19,12.0
16029,21068,2024-12-19,12.0
16030,21069,2024-04-04,12.0
16031,21069,2024-05-04,12.0
16032,21069,2024-06-03,12.0
16033,21069,2024-07-03,12.0
16034,21069,2024-08-02,12.0
16035,21069,2024-09-01,12.0
16036,21069,2024-10-01,12.0
16037,21069,2024-10-31,12.0
16038,21069,2024-11-30,12.0
16039,21069,2024-12-30,12.0
16040,21075,2024-02-17,12.0
16041,21075,2024-03-18,12.0
16042,21075,2024-04-17,12.0
16043,21075,2024-05-17,12.0
16044,21075,2024-06-16,12.0
16045,21075,2024-07-16,12.0
16046,21075,2024-08-15,12.0
16047,21075,2024-09-14,12.0
16048,21075,2024-10-14,12.0
16049,21075,2024-11-13,12.0
16050,21075,2024-12-13,12.0
16051,21077,2024-06-07,24.0
16052,21090,2024-07-08,24.0
16053,21090,2024-08-07,24.0
16054,21090,2024-09-06,24.0
16055,21090,2024-10-06,24.0
16056,21090,2024-11-05,24.0
16057,21090,2024-12-05,24.0
16058,21092,2025-01-07,24.0
16059,21095,2024-08-26,12.0
16060,21095,2024-09-25,12.0
16061,21095,2024-10-25,12.0
16062,21095,2024-11-24,12.0
16063,21095,2024-12-24,12.0
16064,21101,2024-03-01,12.0
16065,21104,2024-03-27,12.0
16066,21104,2024-04-26,12.0
16067,21104,2024-05-26,12.0
16068,21104,2024-06-25,12.0
16069,21104,2024-07-25,12.0
16070,21104,2024-08-24,12.0
16071,21104,2024-09-23,12.0
16072,21104,2024-10-23,12.0
16073,21104,2024-11-22,12.0
16074,21104,2024-12-22,12.0
16075,21107,2025-01-03,24.0
16076,21112,2024-08-31,12.0
16077,21115,2024-08-20,24.0
16078,21122,2024-05-04,12.0
16079,21130,2024-02-01,12.0
16080,21135,2024-10-27,24.0
16081,21135,2024-11-26,24.0
16082,21135,2024-12-26,24.0
16083,21144,2024-06-28,24.0
16084,21144,2024-07-28,24.0
16085,21144,2024-08-27,24.0
16086,21144,2024-09-26,24.0
16087,21144,2024-10-26,24.0
16088,21144,2024-11-25,24.0
16089,21144,2024-12-25,24.0
16090,21149,2024-09-08,12.0
16091,21151,2024-08-05,24.0
16092,21151,2024-09-04,24.0
16093,21151,2024-10-04,24.0
16094,21151,2024-11-03,24.0
16095,21151,2024-12-03,24.0
16096,21152,2025-01-07,12.0
16097,21156,2024-03-29,24.0
16098,21156,2024-04-28,24.0
16099,21156,2024-05-28,24.0
16100,21156,2024-06-27,24.0
16101,21156,2024-07-27,24.0
16102,21156,2024-08-26,24.0
16103,21156,2024-09-25,24.0
16104,21156,2024-10-25,24.0
16105,21156,2024-11-24,24.0
16106,21156,2024-12-24,24.0
16107,21160,2024-04-26,12.0
16108,21162,2024-06-19,24.0
16109,21162,2024-07-19,24.0
16110,21162,2024-08-18,24.0
16111,21162,2024-09-17,24.0
16112,21162,2024-10-17,24.0
16113,21162,2024-11-16,24.0
16114,21162,2024-12-16,24.0
16115,21164,2024-02-22,12.0
16116,21164,2024-03-23,12.0
16117,21164,2024-04-22,12.0
16118,21164,2024-05-22,12.0
16119,21164,2024-06-21,12.0
16120,21164,2024-07-21,12.0
16121,21164,2024-08-20,12.0
16122,21164,2024-09-19,12.0
16123,21164,2024-10-19,12.0
16124,21164,2024-11-18,12.0
16125,21164,2024-12-18,12.0
16126,21166,2024-07-04,12.0
16127,21181,2024-08-30,24.0
16128,21181,2024-09-29,24.0
16129,21181,2024-10-29,24.0
16130,21181,2024-11-28,24.0
16131,21181,2024-12-28,24.0
16132,21185,2024-08-13,12.0
16133,21185,2024-09-12,12.0
16134,21185,2024-10-12,12.0
16135,21185,2024-11-11,12.0
16136,21185,2024-12-11,12.0
16137,21191,2024-12-19,12.0
16138,21204,2024-08-16,12.0
16139,21204,2024-09-15,12.0
16140,21204,2024-10-15,12.0
16141,21204,2024-11-14,12.0
16142,21204,2024-12-14,12.0
16143,21212,2024-04-13,12.0
16144,21220,2024-06-28,12.0
16145,21220,2024-07-28,12.0
16146,21220,2024-08-27,12.0
16147,21220,2024-09-26,12.0
16148,21220,2024-10-26,12.0
16149,21220,2024-11-25,12.0
16150,21220,2024-12-25,12.0
16151,21231,2024-03-11,24.0
16152,21238,2024-08-01,24.0
16153,21238,2024-08-31,24.0
16154,21238,2024-09-30,24.0
16155,21238,2024-10-30,24.0
16156,21238,2024-11-29,24.0
16157,21238,2024-12-29,24.0
16158,21253,2024-11-26,12.0
16159,21253,2024-12-26,12.0
16160,21260,2024-05-31,12.0
16161,21265,2024-07-30,12.0
16162,21265,2024-08-29,12.0
16163,21265,2024-09-28,12.0
16164,21265,2024-10-28,12.0
16165,21265,2024-11-27,12.0
16166,21265,2024-12-27,12.0
16167,21268,2024-05-23,12.0
16168,21268,2024-06-22,12.0
16169,21268,2024-07-22,12.0
16170,21268,2024-08-21,12.0
16171,21268,2024-09-20,12.0
16172,21268,2024-10-20,12.0
16173,21268,2024-11-19,12.0
16174,21268,2024-12-19,12.0
16175,21276,2024-11-25,12.0
16176,21277,2024-02-22,12.0
16177,21277,2024-03-23,12.0
16178,21277,2024-04-22,12.0
16179,21277,2024-05-22,12.0
16180,21277,2024-06-21,12.0
16181,21277,2024-07-21,12.0
16182,21277,2024-08-20,12.0
16183,21277,2024-09-19,12.0
16184,21277,2024-10-19,12.0
16185,21277,2024-11-18,12.0
16186,21277,2024-12-18,12.0
16187,21287,2024-10-19,24.0
16188,21293,2024-01-19,12.0
16189,21309,2025-01-03,24.0
16190,21312,2024-12-08,12.0
16191,21314,2024-02-01,24.0
16192,21322,2024-07-05,12.0
16193,21328,2024-11-07,12.0
16194,21328,2024-12-07,12.0
16195,21331,2024-10-24,12.0
16196,21331,2024-11-23,12.0
16197,21331,2024-12-23,12.0
16198,21346,2024-07-29,24.0
16199,21351,2024-02-22,12.0
16200,21351,2024-03-23,12.0
16201,21351,2024-04-22,12.0
16202,21351,2024-05-22,12.0
16203,21351,2024-06-21,12.0
16204,21351,2024-07-21,12.0
16205,21351,2024-08-20,12.0
16206,21351,2024-09-19,12.0
16207,21351,2024-10-19,12.0
16208,21351,2024-11-18,12.0
16209,21351,2024-12-18,12.0
16210,21361,2024-03-23,12.0
16211,21365,2024-09-18,12.0
16212,21365,2024-10-18,12.0
16213,21365,2024-11-17,12.0
16214,21365,2024-12-17,12.0
16215,21368,2024-05-27,12.0
16216,21372,2024-08-16,12.0
16217,21377,2025-01-11,12.0
16218,21384,2024-04-04,12.0
16219,21388,2024-10-17,24.0
16220,21388,2024-11-16,24.0
16221,21388,2024-12-16,24.0
16222,21392,2024-11-01,24.0
16223,21392,2024-12-01,24.0
16224,21392,2024-12-31,24.0
16225,21393,2024-03-24,12.0
16226,21393,2024-04-23,12.0
16227,21393,2024-05-23,12.0
16228,21393,2024-06-22,12.0
16229,21393,2024-07-22,12.0
16230,21393,2024-08-21,12.0
16231,21393,2024-09-20,12.0
16232,21393,2024-10-20,12.0
16233,21393,2024-11-19,12.0
16234,21393,2024-12-19,12.0
16235,21411,2025-01-08,24.0
16236,21415,2024-12-13,24.0
16237,21419,2024-06-27,12.0
16238,21419,2024-07-27,12.0
16239,21419,2024-08-26,12.0
16240,21419,2024-09-25,12.0
16241,21419,2024-10-25,12.0
16242,21419,2024-11-24,12.0
16243,21419,2024-12-24,12.0
16244,21423,2024-04-16,12.0
16245,21423,2024-05-16,12.0
16246,21423,2024-06-15,12.0
16247,21423,2024-07-15,12.0
16248,21423,2024-08-14,12.0
16249,21423,2024-09-13,12.0
16250,21423,2024-10-13,12.0
16251,21423,2024-11-12,12.0
16252,21423,2024-12-12,12.0
16253,21429,2025-01-01,24.0
16254,21432,2024-12-01,24.0
16255,21435,2024-06-20,12.0
16256,21435,2024-07-20,12.0
16257,21435,2024-08-19,12.0
16258,21435,2024-09-18,12.0
16259,21435,2024-10-18,12.0
16260,21435,2024-11-17,12.0
16261,21435,2024-12-17,12.0
16262,21442,2024-09-15,24.0
16263,21442,2024-10-15,24.0
16264,21442,2024-11-14,24.0
16265,21442,2024-12-14,24.0
16266,21445,2024-10-21,12.0
16267,21445,2024-11-20,12.0
16268,21445,2024-12-20,12.0
16269,21446,2024-12-02,12.0
16270,21449,2024-11-06,12.0
16271,21449,2024-12-06,12.0
16272,21458,2025-01-09,12.0
16273,21474,2024-04-25,24.0
16274,21474,2024-05-25,24.0
16275,21474,2024-06-24,24.0
16276,21474,2024-07-24,24.0
16277,21474,2024-08-23,24.0
16278,21474,2024-09-22,24.0
16279,21474,2024-10-22,24.0
16280,21474,2024-11-21,24.0
16281,21474,2024-12-21,24.0
16282,21475,2024-09-05,24.0
16283,21480,2024-02-25,24.0
16284,21480,2024-03-26,24.0
16285,21480,2024-04-25,24.0
16286,21480,2024-05-25,24.0
16287,21480,2024-06-24,24.0
16288,21480,2024-07-24,24.0
16289,21480,2024-08-23,24.0
16290,21480,2024-09-22,24.0
16291,21480,2024-10-22,24.0
16292,21480,2024-11-21,24.0
16293,21480,2024-12-21,24.0
16294,21486,2024-09-16,12.0
16295,21486,2024-10-16,12.0
16296,21486,2024-11-15,12.0
16297,21486,2024-12-15,12.0
16298,21492,2024-08-22,24.0
16299,21492,2024-09-21,24.0
16300,21492,2024-10-21,24.0
16301,21492,2024-11-20,24.0
16302,21492,2024-12-20,24.0
16303,21499,2024-10-19,12.0
16304,21499,2024-11-18,12.0
16305,21499,2024-12-18,12.0
16306,21505,2024-06-13,12.0
16307,21505,2024-07-13,12.0
16308,21505,2024-08-12,12.0
16309,21505,2024-09-11,12.0
16310,21505,2024-10-11,12.0
16311,21505,2024-11-10,12.0
16312,21505,2024-12-10,12.0
16313,21507,2024-06-07,12.0
16314,21507,2024-07-07,12.0
16315,21507,2024-08-06,12.0
16316,21507,2024-09-05,12.0
16317,21507,2024-10-05,12.0
16318,21507,2024-11-04,12.0
16319,21507,2024-12-04,12.0
16320,21513,2024-12-07,24.0
16321,21517,2024-10-31,12.0
16322,21518,2024-11-01,24.0
16323,21518,2024-12-01,24.0
16324,21518,2024-12-31,24.0
16325,21519,2024-05-13,12.0
16326,21519,2024-06-12,12.0
16327,21519,2024-07-12,12.0
16328,21519,2024-08-11,12.0
16329,21519,2024-09-10,12.0
16330,21519,2024-10-10,12.0
16331,21519,2024-11-09,12.0
16332,21519,2024-12-09,12.0
16333,21522,2024-12-29,24.0
16334,21524,2025-01-10,12.0
16335,21525,2024-11-06,24.0
16336,21525,2024-12-06,24.0
16337,21529,2024-10-30,12.0
16338,21529,2024-11-29,12.0
16339,21529,2024-12-29,12.0
16340,21533,2024-09-20,12.0
16341,21537,2024-05-31,24.0
16342,21541,2024-10-17,12.0
16343,21544,2024-02-21,12.0
16344,21544,2024-03-22,12.0
16345,21544,2024-04-21,12.0
16346,21544,2024-05-21,12.0
16347,21544,2024-06-20,12.0
16348,21544,2024-07-20,12.0
16349,21544,2024-08-19,12.0
16350,21544,2024-09-18,12.0
16351,21544,2024-10-18,12.0
16352,21544,2024-11-17,12.0
16353,21544,2024-12-17,12.0
16354,21548,2024-08-25,12.0
16355,21548,2024-09-24,12.0
16356,21548,2024-10-24,12.0
16357,21548,2024-11-23,12.0
16358,21548,2024-12-23,12.0
16359,21549,2024-06-23,12.0
16360,21550,2024-08-12,24.0
16361,21564,2024-05-29,24.0
16362,21566,2024-09-10,24.0
16363,21571,2024-08-25,12.0
16364,21574,2024-05-03,24.0
16365,21574,2024-06-02,24.0
16366,21574,2024-07-02,24.0
16367,21574,2024-08-01,24.0
16368,21574,2024-08-31,24.0
16369,21574,2024-09-30,24.0
16370,21574,2024-10-30,24.0
16371,21574,2024-11-29,24.0
16372,21574,2024-12-29,24.0
16373,21576,2024-05-10,24.0
16374,21577,2024-07-25,12.0
16375,21577,2024-08-24,12.0
16376,21577,2024-09-23,12.0
16377,21577,2024-10-23,12.0
16378,21577,2024-11-22,12.0
16379,21577,2024-12-22,12.0
16380,21583,2025-01-12,24.0
16381,21615,2024-07-15,24.0
16382,21616,2024-05-12,12.0
16383,21616,2024-06-11,12.0
16384,21616,2024-07-11,12.0
16385,21616,2024-08-10,12.0
16386,21616,2024-09-09,12.0
16387,21616,2024-10-09,12.0
16388,21616,2024-11-08,12.0
16389,21616,2024-12-08,12.0
16390,21619,2024-09-21,12.0
16391,21637,2024-03-07,12.0
16392,21653,2024-03-29,12.0
16393,21653,2024-04-28,12.0
16394,21653,2024-05-28,12.0
16395,21653,2024-06-27,12.0
16396,21653,2024-07-27,12.0
16397,21653,2024-08-26,12.0
16398,21653,2024-09-25,12.0
16399,21653,2024-10-25,12.0
16400,21653,2024-11-24,12.0
16401,21653,2024-12-24,12.0
16402,21654,2024-11-26,12.0
16403,21655,2024-03-21,12.0
16404,21655,2024-04-20,12.0
16405,21655,2024-05-20,12.0
16406,21655,2024-06-19,12.0
16407,21655,2024-07-19,12.0
16408,21655,2024-08-18,12.0
16409,21655,2024-09-17,12.0
16410,21655,2024-10-17,12.0
16411,21655,2024-11-16,12.0
16412,21655,2024-12-16,12.0
16413,21657,2024-03-07,12.0
16414,21660,2024-11-21,24.0
16415,21661,2024-07-16,12.0
16416,21672,2024-07-09,12.0
16417,21672,2024-08-08,12.0
16418,21672,2024-09-07,12.0
16419,21672,2024-10-07,12.0
16420,21672,2024-11-06,12.0
16421,21672,2024-12-06,12.0
16422,21693,2024-11-17,12.0
16423,21693,2024-12-17,12.0
16424,21698,2024-04-19,12.0
16425,21698,2024-05-19,12.0
16426,21698,2024-06-18,12.0
16427,21698,2024-07-18,12.0
16428,21698,2024-08-17,12.0
16429,21698,2024-09-16,12.0
16430,21698,2024-10-16,12.0
16431,21698,2024-11-15,12.0
16432,21698,2024-12-15,12.0
16433,21703,2024-08-11,12.0
16434,21703,2024-09-10,12.0
16435,21703,2024-10-10,12.0
16436,21703,2024-11-09,12.0
16437,21703,2024-12-09,12.0
16438,21707,2024-10-06,12.0
16439,21717,2024-04-16,12.0
16440,21717,2024-05-16,12.0
16441,21717,2024-06-15,12.0
16442,21717,2024-07-15,12.0
16443,21717,2024-08-14,12.0
16444,21717,2024-09-13,12.0
16445,21717,2024-10-13,12.0
16446,21717,2024-11-12,12.0
16447,21717,2024-12-12,12.0
16448,21722,2024-06-28,12.0
16449,21722,2024-07-28,12.0
16450,21722,2024-08-27,12.0
16451,21722,2024-09-26,12.0
16452,21722,2024-10-26,12.0
16453,21722,2024-11-25,12.0
16454,21722,2024-12-25,12.0
16455,21728,2024-12-30,12.0
16456,21732,2024-11-22,12.0
16457,21732,2024-12-22,12.0
16458,21740,2024-12-29,24.0
16459,21743,2024-01-16,24.0
16460,21756,2024-12-17,12.0
16461,21762,2024-12-27,12.0
16462,21769,2025-01-08,12.0
16463,21785,2024-11-12,12.0
16464,21785,2024-12-12,12.0
16465,21789,2024-11-22,24.0
16466,21789,2024-12-22,24.0
16467,21793,2024-10-30,12.0
16468,21800,2024-05-28,12.0
16469,21800,2024-06-27,12.0
16470,21800,2024-07-27,12.0
16471,21800,2024-08-26,12.0
16472,21800,2024-09-25,12.0
16473,21800,2024-10-25,12.0
16474,21800,2024-11-24,12.0
16475,21800,2024-12-24,12.0
16476,21812,2024-02-08,12.0
16477,21812,2024-03-09,12.0
16478,21812,2024-04-08,12.0
16479,21812,2024-05-08,12.0
16480,21812,2024-06-07,12.0
16481,21812,2024-07-07,12.0
16482,21812,2024-08-06,12.0
16483,21812,2024-09-05,12.0
16484,21812,2024-10-05,12.0
16485,21812,2024-11-04,12.0
16486,21812,2024-12-04,12.0
16487,21815,2024-08-01,24.0
16488,21817,2024-04-10,12.0
16489,21817,2024-05-10,12.0
16490,21817,2024-06-09,12.0
16491,21817,2024-07-09,12.0
16492,21817,2024-08-08,12.0
16493,21817,2024-09-07,12.0
16494,21817,2024-10-07,12.0
16495,21817,2024-11-06,12.0
16496,21817,2024-12-06,12.0
16497,21820,2025-01-12,12.0
16498,21824,2024-06-28,12.0
16499,21824,2024-07-28,12.0
16500,21824,2024-08-27,12.0
16501,21824,2024-09-26,12.0
16502,21824,2024-10-26,12.0
16503,21824,2024-11-25,12.0
16504,21824,2024-12-25,12.0
16505,21825,2024-03-19,24.0
16506,21825,2024-04-18,24.0
16507,21825,2024-05-18,24.0
16508,21825,2024-06-17,24.0
16509,21825,2024-07-17,24.0
16510,21825,2024-08-16,24.0
16511,21825,2024-09-15,24.0
16512,21825,2024-10-15,24.0
16513,21825,2024-11-14,24.0
16514,21825,2024-12-14,24.0
16515,21831,2024-02-05,12.0
16516,21836,2024-07-27,24.0
16517,21836,2024-08-26,24.0
16518,21836,2024-09-25,24.0
16519,21836,2024-10-25,24.0
16520,21836,2024-11-24,24.0
16521,21836,2024-12-24,24.0
16522,21839,2024-09-01,12.0
16523,21839,2024-10-01,12.0
16524,21839,2024-10-31,12.0
16525,21839,2024-11-30,12.0
16526,21839,2024-12-30,12.0
16527,21847,2024-01-26,12.0
16528,21851,2024-12-16,12.0
16529,21853,2024-03-16,12.0
16530,21854,2024-07-05,12.0
16531,21854,2024-08-04,12.0
16532,21854,2024-09-03,12.0
16533,21854,2024-10-03,12.0
16534,21854,2024-11-02,12.0
16535,21854,2024-12-02,12.0
16536,21856,2024-11-20,24.0
16537,21856,2024-12-20,24.0
16538,21860,2025-01-01,12.0
16539,21863,2024-06-07,12.0
16540,21863,2024-07-07,12.0
16541,21863,2024-08-06,12.0
16542,21863,2024-09-05,12.0
16543,21863,2024-10-05,12.0
16544,21863,2024-11-04,12.0
16545,21863,2024-12-04,12.0
16546,21879,2024-10-21,24.0
16547,21879,2024-11-20,24.0
16548,21879,2024-12-20,24.0
16549,21886,2024-04-11,24.0
16550,21888,2024-09-12,12.0
16551,21888,2024-10-12,12.0
16552,21888,2024-11-11,12.0
16553,21888,2024-12-11,12.0
16554,21890,2024-12-06,12.0
16555,21893,2024-07-28,12.0
16556,21895,2025-01-07,12.0
16557,21899,2024-12-25,12.0
16558,21910,2024-01-25,12.0
16559,21910,2024-02-24,12.0
16560,21910,2024-03-25,12.0
16561,21910,2024-04-24,12.0
16562,21910,2024-05-24,12.0
16563,21910,2024-06-23,12.0
16564,21910,2024-07-23,12.0
16565,21910,2024-08-22,12.0
16566,21910,2024-09-21,12.0
16567,21910,2024-10-21,12.0
16568,21910,2024-11-20,12.0
16569,21910,2024-12-20,12.0
16570,21916,2024-02-06,24.0
16571,21916,2024-03-07,24.0
16572,21916,2024-04-06,24.0
16573,21916,2024-05-06,24.0
16574,21916,2024-06-05,24.0
16575,21916,2024-07-05,24.0
16576,21916,2024-08-04,24.0
16577,21916,2024-09-03,24.0
16578,21916,2024-10-03,24.0
16579,21916,2024-11-02,24.0
16580,21916,2024-12-02,24.0
16581,21919,2024-05-05,24.0
16582,21919,2024-06-04,24.0
16583,21919,2024-07-04,24.0
16584,21919,2024-08-03,24.0
16585,21919,2024-09-02,24.0
16586,21919,2024-10-02,24.0
16587,21919,2024-11-01,24.0
16588,21919,2024-12-01,24.0
16589,21919,2024-12-31,24.0
16590,21920,2025-01-01,12.0
16591,21934,2024-04-25,24.0
16592,21941,2024-09-04,12.0
16593,21941,2024-10-04,12.0
16594,21941,2024-11-03,12.0
16595,21941,2024-12-03,12.0
16596,21947,2025-01-07,12.0
16597,21948,2024-08-14,12.0
16598,21950,2024-11-09,12.0
16599,21950,2024-12-09,12.0
16600,21952,2024-05-25,12.0
16601,21970,2024-03-30,12.0
16602,21970,2024-04-29,12.0
16603,21970,2024-05-29,12.0
16604,21970,2024-06-28,12.0
16605,21970,2024-07-28,12.0
16606,21970,2024-08-27,12.0
16607,21970,2024-09-26,12.0
16608,21970,2024-10-26,12.0
16609,21970,2024-11-25,12.0
16610,21970,2024-12-25,12.0
16611,21971,2024-07-04,12.0
16612,21971,2024-08-03,12.0
16613,21971,2024-09-02,12.0
16614,21971,2024-10-02,12.0
16615,21971,2024-11-01,12.0
16616,21971,2024-12-01,12.0
16617,21971,2024-12-31,12.0
16618,21975,2024-11-16,24.0
16619,21975,2024-12-16,24.0
16620,21978,2024-02-20,24.0
16621,21978,2024-03-21,24.0
16622,21978,2024-04-20,24.0
16623,21978,2024-05-20,24.0
16624,21978,2024-06-19,24.0
16625,21978,2024-07-19,24.0
16626,21978,2024-08-18,24.0
16627,21978,2024-09-17,24.0
16628,21978,2024-10-17,24.0
16629,21978,2024-11-16,24.0
16630,21978,2024-12-16,24.0
16631,21983,2025-01-06,12.0
16632,21984,2024-11-08,24.0
16633,21984,2024-12-08,24.0
16634,21995,2025-01-06,24.0
16635,21996,2024-06-16,12.0
16636,21997,2024-05-30,12.0
16637,21999,2024-08-08,12.0
16638,22015,2024-04-15,12.0
16639,22015,2024-05-15,12.0
16640,22015,2024-06-14,12.0
16641,22015,2024-07-14,12.0
16642,22015,2024-08-13,12.0
16643,22015,2024-09-12,12.0
16644,22015,2024-10-12,12.0
16645,22015,2024-11-11,12.0
16646,22015,2024-12-11,12.0
16647,22026,2024-04-02,12.0
16648,22026,2024-05-02,12.0
16649,22026,2024-06-01,12.0
16650,22026,2024-07-01,12.0
16651,22026,2024-07-31,12.0
16652,22026,2024-08-30,12.0
16653,22026,2024-09-29,12.0
16654,22026,2024-10-29,12.0
16655,22026,2024-11-28,12.0
16656,22026,2024-12-28,12.0
16657,22027,2024-06-11,24.0
16658,22027,2024-07-11,24.0
16659,22027,2024-08-10,24.0
16660,22027,2024-09-09,24.0
16661,22027,2024-10-09,24.0
16662,22027,2024-11-08,24.0
16663,22027,2024-12-08,24.0
16664,22030,2024-08-14,24.0
16665,22032,2024-06-11,12.0
16666,22032,2024-07-11,12.0
16667,22032,2024-08-10,12.0
16668,22032,2024-09-09,12.0
16669,22032,2024-10-09,12.0
16670,22032,2024-11-08,12.0
16671,22032,2024-12-08,12.0
16672,22034,2024-07-04,24.0
16673,22038,2024-12-12,24.0
16674,22039,2024-07-16,24.0
16675,22042,2024-05-27,12.0
16676,22046,2024-02-19,24.0
16677,22046,2024-03-20,24.0
16678,22046,2024-04-19,24.0
16679,22046,2024-05-19,24.0
16680,22046,2024-06-18,24.0
16681,22046,2024-07-18,24.0
16682,22046,2024-08-17,24.0
16683,22046,2024-09-16,24.0
16684,22046,2024-10-16,24.0
16685,22046,2024-11-15,24.0
16686,22046,2024-12-15,24.0
16687,22051,2024-11-16,24.0
16688,22053,2024-07-16,12.0
16689,22060,2024-11-02,12.0
16690,22070,2024-04-16,12.0
16691,22070,2024-05-16,12.0
16692,22070,2024-06-15,12.0
16693,22070,2024-07-15,12.0
16694,22070,2024-08-14,12.0
16695,22070,2024-09-13,12.0
16696,22070,2024-10-13,12.0
16697,22070,2024-11-12,12.0
16698,22070,2024-12-12,12.0
16699,22073,2024-10-05,12.0
16700,22073,2024-11-04,12.0
16701,22073,2024-12-04,12.0
16702,22074,2024-10-22,24.0
16703,22074,2024-11-21,24.0
16704,22074,2024-12-21,24.0
16705,22077,2024-11-24,24.0
16706,22077,2024-12-24,24.0
16707,22080,2024-11-15,12.0
16708,22082,2024-03-08,12.0
16709,22082,2024-04-07,12.0
16710,22082,2024-05-07,12.0
16711,22082,2024-06-06,12.0
16712,22082,2024-07-06,12.0
16713,22082,2024-08-05,12.0
16714,22082,2024-09-04,12.0
16715,22082,2024-10-04,12.0
16716,22082,2024-11-03,12.0
16717,22082,2024-12-03,12.0
16718,22085,2024-07-03,24.0
16719,22089,2024-04-08,24.0
16720,22089,2024-05-08,24.0
16721,22089,2024-06-07,24.0
16722,22089,2024-07-07,24.0
16723,22089,2024-08-06,24.0
16724,22089,2024-09-05,24.0
16725,22089,2024-10-05,24.0
16726,22089,2024-11-04,24.0
16727,22089,2024-12-04,24.0
16728,22092,2024-12-27,12.0
16729,22098,2025-01-08,12.0
16730,22104,2024-09-14,12.0
16731,22104,2024-10-14,12.0
16732,22104,2024-11-13,12.0
16733,22104,2024-12-13,12.0
16734,22106,2024-11-18,12.0
16735,22115,2024-10-01,12.0
16736,22115,2024-10-31,12.0
16737,22115,2024-11-30,12.0
16738,22115,2024-12-30,12.0
16739,22116,2024-04-19,24.0
16740,22123,2024-12-02,12.0
16741,22131,2024-12-18,12.0
16742,22137,2025-01-06,12.0
16743,22139,2024-10-29,24.0
16744,22145,2024-12-17,12.0
16745,22154,2024-11-29,12.0
16746,22155,2024-05-28,24.0
16747,22155,2024-06-27,24.0
16748,22155,2024-07-27,24.0
16749,22155,2024-08-26,24.0
16750,22155,2024-09-25,24.0
16751,22155,2024-10-25,24.0
16752,22155,2024-11-24,24.0
16753,22155,2024-12-24,24.0
16754,22157,2024-01-15,12.0
16755,22164,2024-10-10,24.0
16756,22164,2024-11-09,24.0
16757,22164,2024-12-09,24.0
16758,22167,2024-09-17,12.0
16759,22167,2024-10-17,12.0
16760,22167,2024-11-16,12.0
16761,22167,2024-12-16,12.0
16762,22169,2025-01-13,12.0
16763,22172,2024-09-09,24.0
16764,22175,2024-01-31,12.0
16765,22181,2024-12-31,12.0
16766,22182,2024-08-25,12.0
16767,22182,2024-09-24,12.0
16768,22182,2024-10-24,12.0
16769,22182,2024-11-23,12.0
16770,22182,2024-12-23,12.0
16771,22193,2024-01-20,24.0
16772,22193,2024-02-19,24.0
16773,22193,2024-03-20,24.0
16774,22193,2024-04-19,24.0
16775,22193,2024-05-19,24.0
16776,22193,2024-06-18,24.0
16777,22193,2024-07-18,24.0
16778,22193,2024-08-17,24.0
16779,22193,2024-09-16,24.0
16780,22193,2024-10-16,24.0
16781,22193,2024-11-15,24.0
16782,22193,2024-12-15,24.0
16783,22194,2024-02-17,12.0
16784,22209,2024-01-28,12.0
16785,22210,2024-11-04,12.0
16786,22215,2024-03-12,24.0
16787,22215,2024-04-11,24.0
16788,22215,2024-05-11,24.0
16789,22215,2024-06-10,24.0
16790,22215,2024-07-10,24.0
16791,22215,2024-08-09,24.0
16792,22215,2024-09-08,24.0
16793,22215,2024-10-08,24.0
16794,22215,2024-11-07,24.0
16795,22215,2024-12-07,24.0
16796,22219,2024-04-25,12.0
16797,22219,2024-05-25,12.0
16798,22219,2024-06-24,12.0
16799,22219,2024-07-24,12.0
16800,22219,2024-08-23,12.0
16801,22219,2024-09-22,12.0
16802,22219,2024-10-22,12.0
16803,22219,2024-11-21,12.0
16804,22219,2024-12-21,12.0
16805,22234,2024-09-12,12.0
16806,22234,2024-10-12,12.0
16807,22234,2024-11-11,12.0
16808,22234,2024-12-11,12.0
16809,22261,2024-08-05,12.0
16810,22264,2024-11-02,12.0
16811,22264,2024-12-02,12.0
16812,22267,2024-10-20,12.0
16813,22268,2024-04-30,24.0
16814,22271,2024-03-26,12.0
16815,22271,2024-04-25,12.0
16816,22271,2024-05-25,12.0
16817,22271,2024-06-24,12.0
16818,22271,2024-07-24,12.0
16819,22271,2024-08-23,12.0
16820,22271,2024-09-22,12.0
16821,22271,2024-10-22,12.0
16822,22271,2024-11-21,12.0
16823,22271,2024-12-21,12.0
16824,22274,2024-03-28,24.0
16825,22276,2024-12-18,12.0
16826,22282,2024-12-15,24.0
16827,22285,2024-06-11,12.0
16828,22288,2024-02-06,12.0
16829,22292,2024-10-15,12.0
16830,22292,2024-11-14,12.0
16831,22292,2024-12-14,12.0
16832,22294,2024-06-12,12.0
16833,22297,2024-11-20,12.0
16834,22320,2024-09-11,12.0
16835,22327,2024-12-02,12.0
16836,22332,2024-05-27,12.0
16837,22332,2024-06-26,12.0
16838,22332,2024-07-26,12.0
16839,22332,2024-08-25,12.0
16840,22332,2024-09-24,12.0
16841,22332,2024-10-24,12.0
16842,22332,2024-11-23,12.0
16843,22332,2024-12-23,12.0
16844,22334,2024-08-13,12.0
16845,22334,2024-09-12,12.0
16846,22334,2024-10-12,12.0
16847,22334,2024-11-11,12.0
16848,22334,2024-12-11,12.0
16849,22336,2024-06-29,12.0
16850,22336,2024-07-29,12.0
16851,22336,2024-08-28,12.0
16852,22336,2024-09-27,12.0
16853,22336,2024-10-27,12.0
16854,22336,2024-11-26,12.0
16855,22336,2024-12-26,12.0
16856,22347,2024-10-17,24.0
16857,22347,2024-11-16,24.0
16858,22347,2024-12-16,24.0
16859,22354,2024-12-09,12.0
16860,22360,2024-09-10,12.0
16861,22366,2024-05-10,12.0
16862,22366,2024-06-09,12.0
16863,22366,2024-07-09,12.0
16864,22366,2024-08-08,12.0
16865,22366,2024-09-07,12.0
16866,22366,2024-10-07,12.0
16867,22366,2024-11-06,12.0
16868,22366,2024-12-06,12.0
16869,22371,2024-03-07,24.0
16870,22371,2024-04-06,24.0
16871,22371,2024-05-06,24.0
16872,22371,2024-06-05,24.0
16873,22371,2024-07-05,24.0
16874,22371,2024-08-04,24.0
16875,22371,2024-09-03,24.0
16876,22371,2024-10-03,24.0
16877,22371,2024-11-02,24.0
16878,22371,2024-12-02,24.0
16879,22387,2024-08-12,12.0
16880,22389,2024-02-21,12.0
16881,22389,2024-03-22,12.0
16882,22389,2024-04-21,12.0
16883,22389,2024-05-21,12.0
16884,22389,2024-06-20,12.0
16885,22389,2024-07-20,12.0
16886,22389,2024-08-19,12.0
16887,22389,2024-09-18,12.0
16888,22389,2024-10-18,12.0
16889,22389,2024-11-17,12.0
16890,22389,2024-12-17,12.0
16891,22391,2024-05-09,24.0
16892,22400,2024-05-05,12.0
16893,22401,2024-07-07,12.0
16894,22401,2024-08-06,12.0
16895,22401,2024-09-05,12.0
16896,22401,2024-10-05,12.0
16897,22401,2024-11-04,12.0
16898,22401,2024-12-04,12.0
16899,22404,2024-09-15,24.0
16900,22407,2024-11-01,24.0
16901,22410,2024-07-20,24.0
16902,22410,2024-08-19,24.0
16903,22410,2024-09-18,24.0
16904,22410,2024-10-18,24.0
16905,22410,2024-11-17,24.0
16906,22410,2024-12-17,24.0
16907,22420,2024-02-28,12.0
16908,22420,2024-03-29,12.0
16909,22420,2024-04-28,12.0
16910,22420,2024-05-28,12.0
16911,22420,2024-06-27,12.0
16912,22420,2024-07-27,12.0
16913,22420,2024-08-26,12.0
16914,22420,2024-09-25,12.0
16915,22420,2024-10-25,12.0
16916,22420,2024-11-24,12.0
16917,22420,2024-12-24,12.0
16918,22428,2024-12-09,24.0
16919,22431,2024-06-30,12.0
16920,22431,2024-07-30,12.0
16921,22431,2024-08-29,12.0
16922,22431,2024-09-28,12.0
16923,22431,2024-10-28,12.0
16924,22431,2024-11-27,12.0
16925,22431,2024-12-27,12.0
16926,22432,2024-11-29,12.0
16927,22453,2024-01-18,12.0
16928,22453,2024-02-17,12.0
16929,22453,2024-03-18,12.0
16930,22453,2024-04-17,12.0
16931,22453,2024-05-17,12.0
16932,22453,2024-06-16,12.0
16933,22453,2024-07-16,12.0
16934,22453,2024-08-15,12.0
16935,22453,2024-09-14,12.0
16936,22453,2024-10-14,12.0
16937,22453,2024-11-13,12.0
16938,22453,2024-12-13,12.0
16939,22454,2024-07-24,12.0
16940,22461,2024-09-19,24.0
16941,22461,2024-10-19,24.0
16942,22461,2024-11-18,24.0
16943,22461,2024-12-18,24.0
16944,22463,2024-08-07,12.0
16945,22470,2024-08-17,12.0
16946,22470,2024-09-16,12.0
16947,22470,2024-10-16,12.0
16948,22470,2024-11-15,12.0
16949,22470,2024-12-15,12.0
16950,22484,2024-11-21,12.0
16951,22489,2024-10-18,12.0
16952,22489,2024-11-17,12.0
16953,22489,2024-12-17,12.0
16954,22491,2024-10-06,12.0
16955,22491,2024-11-05,12.0
16956,22491,2024-12-05,12.0
16957,22492,2024-01-16,12.0
16958,22492,2024-02-15,12.0
16959,22492,2024-03-16,12.0
16960,22492,2024-04-15,12.0
16961,22492,2024-05-15,12.0
16962,22492,2024-06-14,12.0
16963,22492,2024-07-14,12.0
16964,22492,2024-08-13,12.0
16965,22492,2024-09-12,12.0
16966,22492,2024-10-12,12.0
16967,22492,2024-11-11,12.0
16968,22492,2024-12-11,12.0
16969,22499,2024-09-09,24.0
16970,22499,2024-10-09,24.0
16971,22499,2024-11-08,24.0
16972,22499,2024-12-08,24.0
16973,22502,2024-04-11,12.0
16974,22502,2024-05-11,12.0
16975,22502,2024-06-10,12.0
16976,22502,2024-07-10,12.0
16977,22502,2024-08-09,12.0
16978,22502,2024-09-08,12.0
16979,22502,2024-10-08,12.0
16980,22502,2024-11-07,12.0
16981,22502,2024-12-07,12.0
16982,22506,2024-10-27,12.0
16983,22513,2024-06-27,12.0
16984,22513,2024-07-27,12.0
16985,22513,2024-08-26,12.0
16986,22513,2024-09-25,12.0
16987,22513,2024-10-25,12.0
16988,22513,2024-11-24,12.0
16989,22513,2024-12-24,12.0
16990,22516,2024-04-23,12.0
16991,22516,2024-05-23,12.0
16992,22516,2024-06-22,12.0
16993,22516,2024-07-22,12.0
16994,22516,2024-08-21,12.0
16995,22516,2024-09-20,12.0
16996,22516,2024-10-20,12.0
16997,22516,2024-11-19,12.0
16998,22516,2024-12-19,12.0
16999,22519,2024-05-02,24.0
17000,22519,2024-06-01,24.0
17001,22519,2024-07-01,24.0
17002,22519,2024-07-31,24.0
17003,22519,2024-08-30,24.0
17004,22519,2024-09-29,24.0
17005,22519,2024-10-29,24.0
17006,22519,2024-11-28,24.0
17007,22519,2024-12-28,24.0
17008,22522,2025-01-11,12.0
17009,22523,2024-09-18,24.0
17010,22523,2024-10-18,24.0
17011,22523,2024-11-17,24.0
17012,22523,2024-12-17,24.0
17013,22525,2024-11-01,12.0
17014,22525,2024-12-01,12.0
17015,22525,2024-12-31,12.0
17016,22541,2024-04-29,12.0
17017,22547,2024-05-12,12.0
17018,22547,2024-06-11,12.0
17019,22547,2024-07-11,12.0
17020,22547,2024-08-10,12.0
17021,22547,2024-09-09,12.0
17022,22547,2024-10-09,12.0
17023,22547,2024-11-08,12.0
17024,22547,2024-12-08,12.0
17025,22555,2024-01-29,12.0
17026,22555,2024-02-28,12.0
17027,22555,2024-03-29,12.0
17028,22555,2024-04-28,12.0
17029,22555,2024-05-28,12.0
17030,22555,2024-06-27,12.0
17031,22555,2024-07-27,12.0
17032,22555,2024-08-26,12.0
17033,22555,2024-09-25,12.0
17034,22555,2024-10-25,12.0
17035,22555,2024-11-24,12.0
17036,22555,2024-12-24,12.0
17037,22559,2024-06-21,12.0
17038,22562,2024-07-25,24.0
17039,22562,2024-08-24,24.0
17040,22562,2024-09-23,24.0
17041,22562,2024-10-23,24.0
17042,22562,2024-11-22,24.0
17043,22562,2024-12-22,24.0
17044,22566,2024-02-07,12.0
17045,22567,2024-07-05,24.0
17046,22567,2024-08-04,24.0
17047,22567,2024-09-03,24.0
17048,22567,2024-10-03,24.0
17049,22567,2024-11-02,24.0
17050,22567,2024-12-02,24.0
17051,22574,2024-06-06,24.0
17052,22574,2024-07-06,24.0
17053,22574,2024-08-05,24.0
17054,22574,2024-09-04,24.0
17055,22574,2024-10-04,24.0
17056,22574,2024-11-03,24.0
17057,22574,2024-12-03,24.0
17058,22579,2024-01-18,24.0
17059,22585,2024-01-25,12.0
17060,22585,2024-02-24,12.0
17061,22585,2024-03-25,12.0
17062,22585,2024-04-24,12.0
17063,22585,2024-05-24,12.0
17064,22585,2024-06-23,12.0
17065,22585,2024-07-23,12.0
17066,22585,2024-08-22,12.0
17067,22585,2024-09-21,12.0
17068,22585,2024-10-21,12.0
17069,22585,2024-11-20,12.0
17070,22585,2024-12-20,12.0
17071,22587,2024-11-20,12.0
17072,22587,2024-12-20,12.0
17073,22592,2024-07-30,12.0
17074,22592,2024-08-29,12.0
17075,22592,2024-09-28,12.0
17076,22592,2024-10-28,12.0
17077,22592,2024-11-27,12.0
17078,22592,2024-12-27,12.0
17079,22601,2024-11-04,24.0
17080,22601,2024-12-04,24.0
17081,22602,2024-09-15,24.0
17082,22613,2024-07-08,24.0
17083,22613,2024-08-07,24.0
17084,22613,2024-09-06,24.0
17085,22613,2024-10-06,24.0
17086,22613,2024-11-05,24.0
17087,22613,2024-12-05,24.0
17088,22620,2024-09-04,12.0
17089,22620,2024-10-04,12.0
17090,22620,2024-11-03,12.0
17091,22620,2024-12-03,12.0
17092,22624,2024-01-20,24.0
17093,22624,2024-02-19,24.0
17094,22624,2024-03-20,24.0
17095,22624,2024-04-19,24.0
17096,22624,2024-05-19,24.0
17097,22624,2024-06-18,24.0
17098,22624,2024-07-18,24.0
17099,22624,2024-08-17,24.0
17100,22624,2024-09-16,24.0
17101,22624,2024-10-16,24.0
17102,22624,2024-11-15,24.0
17103,22624,2024-12-15,24.0
17104,22626,2024-01-16,12.0
17105,22627,2024-06-30,12.0
17106,22627,2024-07-30,12.0
17107,22627,2024-08-29,12.0
17108,22627,2024-09-28,12.0
17109,22627,2024-10-28,12.0
17110,22627,2024-11-27,12.0
17111,22627,2024-12-27,12.0
17112,22629,2024-07-07,24.0
17113,22629,2024-08-06,24.0
17114,22629,2024-09-05,24.0
17115,22629,2024-10-05,24.0
17116,22629,2024-11-04,24.0
17117,22629,2024-12-04,24.0
17118,22630,2024-04-08,24.0
17119,22630,2024-05-08,24.0
17120,22630,2024-06-07,24.0
17121,22630,2024-07-07,24.0
17122,22630,2024-08-06,24.0
17123,22630,2024-09-05,24.0
17124,22630,2024-10-05,24.0
17125,22630,2024-11-04,24.0
17126,22630,2024-12-04,24.0
17127,22640,2024-11-16,12.0
17128,22640,2024-12-16,12.0
17129,22641,2024-11-27,12.0
17130,22649,2024-04-20,12.0
17131,22650,2024-03-23,12.0
17132,22653,2024-09-30,12.0
17133,22653,2024-10-30,12.0
17134,22653,2024-11-29,12.0
17135,22653,2024-12-29,12.0
17136,22673,2024-03-18,12.0
17137,22673,2024-04-17,12.0
17138,22673,2024-05-17,12.0
17139,22673,2024-06-16,12.0
17140,22673,2024-07-16,12.0
17141,22673,2024-08-15,12.0
17142,22673,2024-09-14,12.0
17143,22673,2024-10-14,12.0
17144,22673,2024-11-13,12.0
17145,22673,2024-12-13,12.0
17146,22686,2024-12-05,12.0
17147,22689,2024-03-22,24.0
17148,22701,2024-05-24,12.0
17149,22703,2024-04-05,12.0
17150,22703,2024-05-05,12.0
17151,22703,2024-06-04,12.0
17152,22703,2024-07-04,12.0
17153,22703,2024-08-03,12.0
17154,22703,2024-09-02,12.0
17155,22703,2024-10-02,12.0
17156,22703,2024-11-01,12.0
17157,22703,2024-12-01,12.0
17158,22703,2024-12-31,12.0
17159,22714,2024-06-20,24.0
17160,22719,2024-05-05,24.0
17161,22719,2024-06-04,24.0
17162,22719,2024-07-04,24.0
17163,22719,2024-08-03,24.0
17164,22719,2024-09-02,24.0
17165,22719,2024-10-02,24.0
17166,22719,2024-11-01,24.0
17167,22719,2024-12-01,24.0
17168,22719,2024-12-31,24.0
17169,22721,2024-06-17,24.0
17170,22722,2024-10-12,24.0
17171,22722,2024-11-11,24.0
17172,22722,2024-12-11,24.0
17173,22724,2024-07-31,24.0
17174,22724,2024-08-30,24.0
17175,22724,2024-09-29,24.0
17176,22724,2024-10-29,24.0
17177,22724,2024-11-28,24.0
17178,22724,2024-12-28,24.0
17179,22735,2025-01-04,12.0
17180,22746,2024-08-05,12.0
17181,22759,2024-08-11,12.0
17182,22759,2024-09-10,12.0
17183,22759,2024-10-10,12.0
17184,22759,2024-11-09,12.0
17185,22759,2024-12-09,12.0
17186,22763,2024-11-18,12.0
17187,22763,2024-12-18,12.0
17188,22765,2024-06-09,24.0
17189,22765,2024-07-09,24.0
17190,22765,2024-08-08,24.0
17191,22765,2024-09-07,24.0
17192,22765,2024-10-07,24.0
17193,22765,2024-11-06,24.0
17194,22765,2024-12-06,24.0
17195,22771,2024-05-16,12.0
17196,22771,2024-06-15,12.0
17197,22771,2024-07-15,12.0
17198,22771,2024-08-14,12.0
17199,22771,2024-09-13,12.0
17200,22771,2024-10-13,12.0
17201,22771,2024-11-12,12.0
17202,22771,2024-12-12,12.0
17203,22784,2024-01-27,12.0
17204,22796,2024-01-30,12.0
17205,22796,2024-02-29,12.0
17206,22796,2024-03-30,12.0
17207,22796,2024-04-29,12.0
17208,22796,2024-05-29,12.0
17209,22796,2024-06-28,12.0
17210,22796,2024-07-28,12.0
17211,22796,2024-08-27,12.0
17212,22796,2024-09-26,12.0
17213,22796,2024-10-26,12.0
17214,22796,2024-11-25,12.0
17215,22796,2024-12-25,12.0
17216,22805,2024-04-10,12.0
17217,22805,2024-05-10,12.0
17218,22805,2024-06-09,12.0
17219,22805,2024-07-09,12.0
17220,22805,2024-08-08,12.0
17221,22805,2024-09-07,12.0
17222,22805,2024-10-07,12.0
17223,22805,2024-11-06,12.0
17224,22805,2024-12-06,12.0
17225,22814,2024-09-25,24.0
17226,22817,2024-03-31,12.0
17227,22818,2024-07-20,12.0
17228,22818,2024-08-19,12.0
17229,22818,2024-09-18,12.0
17230,22818,2024-10-18,12.0
17231,22818,2024-11-17,12.0
17232,22818,2024-12-17,12.0
17233,22826,2024-10-15,12.0
17234,22828,2024-02-19,12.0
17235,22828,2024-03-20,12.0
17236,22828,2024-04-19,12.0
17237,22828,2024-05-19,12.0
17238,22828,2024-06-18,12.0
17239,22828,2024-07-18,12.0
17240,22828,2024-08-17,12.0
17241,22828,2024-09-16,12.0
17242,22828,2024-10-16,12.0
17243,22828,2024-11-15,12.0
17244,22828,2024-12-15,12.0
17245,22831,2024-11-09,12.0
17246,22835,2025-01-03,12.0
17247,22840,2024-08-12,24.0
17248,22840,2024-09-11,24.0
17249,22840,2024-10-11,24.0
17250,22840,2024-11-10,24.0
17251,22840,2024-12-10,24.0
17252,22848,2024-09-27,12.0
17253,22851,2024-06-05,12.0
17254,22854,2024-05-31,24.0
17255,22854,2024-06-30,24.0
17256,22854,2024-07-30,24.0
17257,22854,2024-08-29,24.0
17258,22854,2024-09-28,24.0
17259,22854,2024-10-28,24.0
17260,22854,2024-11-27,24.0
17261,22854,2024-12-27,24.0
17262,22855,2024-06-30,24.0
17263,22855,2024-07-30,24.0
17264,22855,2024-08-29,24.0
17265,22855,2024-09-28,24.0
17266,22855,2024-10-28,24.0
17267,22855,2024-11-27,24.0
17268,22855,2024-12-27,24.0
17269,22874,2024-11-17,12.0
17270,22874,2024-12-17,12.0
17271,22875,2024-06-01,24.0
17272,22875,2024-07-01,24.0
17273,22875,2024-07-31,24.0
17274,22875,2024-08-30,24.0
17275,22875,2024-09-29,24.0
17276,22875,2024-10-29,24.0
17277,22875,2024-11-28,24.0
17278,22875,2024-12-28,24.0
17279,22882,2024-12-30,24.0
17280,22888,2024-02-11,12.0
17281,22888,2024-03-12,12.0
17282,22888,2024-04-11,12.0
17283,22888,2024-05-11,12.0
17284,22888,2024-06-10,12.0
17285,22888,2024-07-10,12.0
17286,22888,2024-08-09,12.0
17287,22888,2024-09-08,12.0
17288,22888,2024-10-08,12.0
17289,22888,2024-11-07,12.0
17290,22888,2024-12-07,12.0
17291,22892,2024-02-29,12.0
17292,22897,2024-05-23,24.0
17293,22897,2024-06-22,24.0
17294,22897,2024-07-22,24.0
17295,22897,2024-08-21,24.0
17296,22897,2024-09-20,24.0
17297,22897,2024-10-20,24.0
17298,22897,2024-11-19,24.0
17299,22897,2024-12-19,24.0
17300,22905,2024-07-12,12.0
17301,22912,2024-06-08,12.0
17302,22912,2024-07-08,12.0
17303,22912,2024-08-07,12.0
17304,22912,2024-09-06,12.0
17305,22912,2024-10-06,12.0
17306,22912,2024-11-05,12.0
17307,22912,2024-12-05,12.0
17308,22926,2024-06-11,12.0
17309,22926,2024-07-11,12.0
17310,22926,2024-08-10,12.0
17311,22926,2024-09-09,12.0
17312,22926,2024-10-09,12.0
17313,22926,2024-11-08,12.0
17314,22926,2024-12-08,12.0
17315,22930,2024-08-13,12.0
17316,22931,2024-02-07,12.0
17317,22931,2024-03-08,12.0
17318,22931,2024-04-07,12.0
17319,22931,2024-05-07,12.0
17320,22931,2024-06-06,12.0
17321,22931,2024-07-06,12.0
17322,22931,2024-08-05,12.0
17323,22931,2024-09-04,12.0
17324,22931,2024-10-04,12.0
17325,22931,2024-11-03,12.0
17326,22931,2024-12-03,12.0
17327,22936,2024-06-02,24.0
17328,22936,2024-07-02,24.0
17329,22936,2024-08-01,24.0
17330,22936,2024-08-31,24.0
17331,22936,2024-09-30,24.0
17332,22936,2024-10-30,24.0
17333,22936,2024-11-29,24.0
17334,22936,2024-12-29,24.0
17335,22951,2024-11-19,12.0
17336,22951,2024-12-19,12.0
17337,22953,2024-11-27,12.0
17338,22954,2024-12-06,12.0
17339,22956,2024-09-02,12.0
17340,22962,2024-02-07,12.0
17341,22964,2024-03-23,24.0
17342,22964,2024-04-22,24.0
17343,22964,2024-05-22,24.0
17344,22964,2024-06-21,24.0
17345,22964,2024-07-21,24.0
17346,22964,2024-08-20,24.0
17347,22964,2024-09-19,24.0
17348,22964,2024-10-19,24.0
17349,22964,2024-11-18,24.0
17350,22964,2024-12-18,24.0
17351,22967,2024-08-02,24.0
17352,22967,2024-09-01,24.0
17353,22967,2024-10-01,24.0
17354,22967,2024-10-31,24.0
17355,22967,2024-11-30,24.0
17356,22967,2024-12-30,24.0
17357,22970,2024-07-11,12.0
17358,22975,2024-12-19,12.0
17359,22984,2024-09-11,12.0
17360,22986,2024-12-13,12.0
17361,22988,2024-04-05,12.0
17362,22988,2024-05-05,12.0
17363,22988,2024-06-04,12.0
17364,22988,2024-07-04,12.0
17365,22988,2024-08-03,12.0
17366,22988,2024-09-02,12.0
17367,22988,2024-10-02,12.0
17368,22988,2024-11-01,12.0
17369,22988,2024-12-01,12.0
17370,22988,2024-12-31,12.0
17371,22995,2024-11-08,24.0
17372,22995,2024-12-08,24.0
17373,23002,2024-01-29,12.0
17374,23002,2024-02-28,12.0
17375,23002,2024-03-29,12.0
17376,23002,2024-04-28,12.0
17377,23002,2024-05-28,12.0
17378,23002,2024-06-27,12.0
17379,23002,2024-07-27,12.0
17380,23002,2024-08-26,12.0
17381,23002,2024-09-25,12.0
17382,23002,2024-10-25,12.0
17383,23002,2024-11-24,12.0
17384,23002,2024-12-24,12.0
17385,23004,2024-03-05,12.0
17386,23004,2024-04-04,12.0
17387,23004,2024-05-04,12.0
17388,23004,2024-06-03,12.0
17389,23004,2024-07-03,12.0
17390,23004,2024-08-02,12.0
17391,23004,2024-09-01,12.0
17392,23004,2024-10-01,12.0
17393,23004,2024-10-31,12.0
17394,23004,2024-11-30,12.0
17395,23004,2024-12-30,12.0
17396,23008,2024-06-11,12.0
17397,23008,2024-07-11,12.0
17398,23008,2024-08-10,12.0
17399,23008,2024-09-09,12.0
17400,23008,2024-10-09,12.0
17401,23008,2024-11-08,12.0
17402,23008,2024-12-08,12.0
17403,23009,2024-10-05,12.0
17404,23013,2024-11-20,12.0
17405,23015,2024-03-24,12.0
17406,23015,2024-04-23,12.0
17407,23015,2024-05-23,12.0
17408,23015,2024-06-22,12.0
17409,23015,2024-07-22,12.0
17410,23015,2024-08-21,12.0
17411,23015,2024-09-20,12.0
17412,23015,2024-10-20,12.0
17413,23015,2024-11-19,12.0
17414,23015,2024-12-19,12.0
17415,23024,2024-09-19,12.0
17416,23040,2024-07-10,12.0
17417,23040,2024-08-09,12.0
17418,23040,2024-09-08,12.0
17419,23040,2024-10-08,12.0
17420,23040,2024-11-07,12.0
17421,23040,2024-12-07,12.0
17422,23041,2024-04-18,24.0
17423,23047,2024-04-07,12.0
17424,23047,2024-05-07,12.0
17425,23047,2024-06-06,12.0
17426,23047,2024-07-06,12.0
17427,23047,2024-08-05,12.0
17428,23047,2024-09-04,12.0
17429,23047,2024-10-04,12.0
17430,23047,2024-11-03,12.0
17431,23047,2024-12-03,12.0
17432,23052,2025-01-10,24.0
17433,23055,2024-06-27,24.0
17434,23055,2024-07-27,24.0
17435,23055,2024-08-26,24.0
17436,23055,2024-09-25,24.0
17437,23055,2024-10-25,24.0
17438,23055,2024-11-24,24.0
17439,23055,2024-12-24,24.0
17440,23079,2024-07-28,24.0
17441,23079,2024-08-27,24.0
17442,23079,2024-09-26,24.0
17443,23079,2024-10-26,24.0
17444,23079,2024-11-25,24.0
17445,23079,2024-12-25,24.0
17446,23086,2024-06-17,12.0
17447,23100,2024-06-11,24.0
17448,23105,2024-03-19,12.0
17449,23106,2024-08-04,12.0
17450,23106,2024-09-03,12.0
17451,23106,2024-10-03,12.0
17452,23106,2024-11-02,12.0
17453,23106,2024-12-02,12.0
17454,23108,2024-02-22,12.0
17455,23112,2024-06-07,24.0
17456,23112,2024-07-07,24.0
17457,23112,2024-08-06,24.0
17458,23112,2024-09-05,24.0
17459,23112,2024-10-05,24.0
17460,23112,2024-11-04,24.0
17461,23112,2024-12-04,24.0
17462,23123,2024-02-27,12.0
17463,23123,2024-03-28,12.0
17464,23123,2024-04-27,12.0
17465,23123,2024-05-27,12.0
17466,23123,2024-06-26,12.0
17467,23123,2024-07-26,12.0
17468,23123,2024-08-25,12.0
17469,23123,2024-09-24,12.0
17470,23123,2024-10-24,12.0
17471,23123,2024-11-23,12.0
17472,23123,2024-12-23,12.0
17473,23133,2024-10-05,12.0
17474,23133,2024-11-04,12.0
17475,23133,2024-12-04,12.0
17476,23136,2024-06-05,12.0
17477,23136,2024-07-05,12.0
17478,23136,2024-08-04,12.0
17479,23136,2024-09-03,12.0
17480,23136,2024-10-03,12.0
17481,23136,2024-11-02,12.0
17482,23136,2024-12-02,12.0
17483,23137,2024-10-17,24.0
17484,23137,2024-11-16,24.0
17485,23137,2024-12-16,24.0
17486,23139,2024-03-14,24.0
17487,23149,2024-09-26,12.0
17488,23149,2024-10-26,12.0
17489,23149,2024-11-25,12.0
17490,23149,2024-12-25,12.0
17491,23153,2024-06-26,12.0
17492,23153,2024-07-26,12.0
17493,23153,2024-08-25,12.0
17494,23153,2024-09-24,12.0
17495,23153,2024-10-24,12.0
17496,23153,2024-11-23,12.0
17497,23153,2024-12-23,12.0
17498,23157,2024-01-24,24.0
17499,23161,2024-05-05,12.0
17500,23161,2024-06-04,12.0
17501,23161,2024-07-04,12.0
17502,23161,2024-08-03,12.0
17503,23161,2024-09-02,12.0
17504,23161,2024-10-02,12.0
17505,23161,2024-11-01,12.0
17506,23161,2024-12-01,12.0
17507,23161,2024-12-31,12.0
17508,23163,2024-06-27,12.0
17509,23169,2024-01-16,24.0
17510,23172,2024-08-27,12.0
17511,23172,2024-09-26,12.0
17512,23172,2024-10-26,12.0
17513,23172,2024-11-25,12.0
17514,23172,2024-12-25,12.0
17515,23173,2024-10-30,24.0
17516,23173,2024-11-29,24.0
17517,23173,2024-12-29,24.0
17518,23179,2024-12-22,12.0
17519,23199,2024-11-15,12.0
17520,23200,2024-04-21,24.0
17521,23200,2024-05-21,24.0
17522,23200,2024-06-20,24.0
17523,23200,2024-07-20,24.0
17524,23200,2024-08-19,24.0
17525,23200,2024-09-18,24.0
17526,23200,2024-10-18,24.0
17527,23200,2024-11-17,24.0
17528,23200,2024-12-17,24.0
17529,23225,2024-02-01,12.0
17530,23225,2024-03-02,12.0
17531,23225,2024-04-01,12.0
17532,23225,2024-05-01,12.0
17533,23225,2024-05-31,12.0
17534,23225,2024-06-30,12.0
17535,23225,2024-07-30,12.0
17536,23225,2024-08-29,12.0
17537,23225,2024-09-28,12.0
17538,23225,2024-10-28,12.0
17539,23225,2024-11-27,12.0
17540,23225,2024-12-27,12.0
17541,23228,2024-05-16,12.0
17542,23229,2024-12-19,24.0
17543,23236,2024-01-28,12.0
17544,23236,2024-02-27,12.0
17545,23236,2024-03-28,12.0
17546,23236,2024-04-27,12.0
17547,23236,2024-05-27,12.0
17548,23236,2024-06-26,12.0
17549,23236,2024-07-26,12.0
17550,23236,2024-08-25,12.0
17551,23236,2024-09-24,12.0
17552,23236,2024-10-24,12.0
17553,23236,2024-11-23,12.0
17554,23236,2024-12-23,12.0
17555,23239,2024-12-12,12.0
17556,23245,2024-05-06,24.0
17557,23245,2024-06-05,24.0
17558,23245,2024-07-05,24.0
17559,23245,2024-08-04,24.0
17560,23245,2024-09-03,24.0
17561,23245,2024-10-03,24.0
17562,23245,2024-11-02,24.0
17563,23245,2024-12-02,24.0
17564,23255,2024-03-02,24.0
17565,23255,2024-04-01,24.0
17566,23255,2024-05-01,24.0
17567,23255,2024-05-31,24.0
17568,23255,2024-06-30,24.0
17569,23255,2024-07-30,24.0
17570,23255,2024-08-29,24.0
17571,23255,2024-09-28,24.0
17572,23255,2024-10-28,24.0
17573,23255,2024-11-27,24.0
17574,23255,2024-12-27,24.0
17575,23259,2024-12-06,12.0
17576,23260,2024-06-13,24.0
17577,23267,2024-08-06,12.0
17578,23270,2024-12-30,24.0
17579,23276,2024-04-05,12.0
17580,23276,2024-05-05,12.0
17581,23276,2024-06-04,12.0
17582,23276,2024-07-04,12.0
17583,23276,2024-08-03,12.0
17584,23276,2024-09-02,12.0
17585,23276,2024-10-02,12.0
17586,23276,2024-11-01,12.0
17587,23276,2024-12-01,12.0
17588,23276,2024-12-31,12.0
17589,23289,2024-04-25,24.0
17590,23289,2024-05-25,24.0
17591,23289,2024-06-24,24.0
17592,23289,2024-07-24,24.0
17593,23289,2024-08-23,24.0
17594,23289,2024-09-22,24.0
17595,23289,2024-10-22,24.0
17596,23289,2024-11-21,24.0
17597,23289,2024-12-21,24.0
17598,23295,2024-02-20,24.0
17599,23295,2024-03-21,24.0
17600,23295,2024-04-20,24.0
17601,23295,2024-05-20,24.0
17602,23295,2024-06-19,24.0
17603,23295,2024-07-19,24.0
17604,23295,2024-08-18,24.0
17605,23295,2024-09-17,24.0
17606,23295,2024-10-17,24.0
17607,23295,2024-11-16,24.0
17608,23295,2024-12-16,24.0
17609,23299,2024-07-20,24.0
17610,23299,2024-08-19,24.0
17611,23299,2024-09-18,24.0
17612,23299,2024-10-18,24.0
17613,23299,2024-11-17,24.0
17614,23299,2024-12-17,24.0
17615,23304,2024-02-28,24.0
17616,23311,2024-03-05,12.0
17617,23312,2024-10-16,12.0
17618,23312,2024-11-15,12.0
17619,23312,2024-12-15,12.0
17620,23321,2024-08-02,12.0
17621,23321,2024-09-01,12.0
17622,23321,2024-10-01,12.0
17623,23321,2024-10-31,12.0
17624,23321,2024-11-30,12.0
17625,23321,2024-12-30,12.0
17626,23334,2024-08-10,12.0
17627,23334,2024-09-09,12.0
17628,23334,2024-10-09,12.0
17629,23334,2024-11-08,12.0
17630,23334,2024-12-08,12.0
17631,23336,2024-06-10,12.0
17632,23336,2024-07-10,12.0
17633,23336,2024-08-09,12.0
17634,23336,2024-09-08,12.0
17635,23336,2024-10-08,12.0
17636,23336,2024-11-07,12.0
17637,23336,2024-12-07,12.0
17638,23337,2024-11-20,24.0
17639,23337,2024-12-20,24.0
17640,23338,2024-02-08,24.0
17641,23340,2024-11-20,12.0
17642,23340,2024-12-20,12.0
17643,23344,2024-10-18,12.0
17644,23344,2024-11-17,12.0
17645,23344,2024-12-17,12.0
17646,23354,2024-01-21,24.0
17647,23354,2024-02-20,24.0
17648,23354,2024-03-21,24.0
17649,23354,2024-04-20,24.0
17650,23354,2024-05-20,24.0
17651,23354,2024-06-19,24.0
17652,23354,2024-07-19,24.0
17653,23354,2024-08-18,24.0
17654,23354,2024-09-17,24.0
17655,23354,2024-10-17,24.0
17656,23354,2024-11-16,24.0
17657,23354,2024-12-16,24.0
17658,23362,2025-01-02,24.0
17659,23372,2024-07-27,12.0
17660,23372,2024-08-26,12.0
17661,23372,2024-09-25,12.0
17662,23372,2024-10-25,12.0
17663,23372,2024-11-24,12.0
17664,23372,2024-12-24,12.0
17665,23373,2024-07-13,12.0
17666,23373,2024-08-12,12.0
17667,23373,2024-09-11,12.0
17668,23373,2024-10-11,12.0
17669,23373,2024-11-10,12.0
17670,23373,2024-12-10,12.0
17671,23377,2024-12-03,12.0
17672,23381,2024-09-21,12.0
17673,23381,2024-10-21,12.0
17674,23381,2024-11-20,12.0
17675,23381,2024-12-20,12.0
17676,23384,2024-01-17,12.0
17677,23384,2024-02-16,12.0
17678,23384,2024-03-17,12.0
17679,23384,2024-04-16,12.0
17680,23384,2024-05-16,12.0
17681,23384,2024-06-15,12.0
17682,23384,2024-07-15,12.0
17683,23384,2024-08-14,12.0
17684,23384,2024-09-13,12.0
17685,23384,2024-10-13,12.0
17686,23384,2024-11-12,12.0
17687,23384,2024-12-12,12.0
17688,23388,2024-05-27,12.0
17689,23388,2024-06-26,12.0
17690,23388,2024-07-26,12.0
17691,23388,2024-08-25,12.0
17692,23388,2024-09-24,12.0
17693,23388,2024-10-24,12.0
17694,23388,2024-11-23,12.0
17695,23388,2024-12-23,12.0
17696,23389,2024-07-02,24.0
17697,23389,2024-08-01,24.0
17698,23389,2024-08-31,24.0
17699,23389,2024-09-30,24.0
17700,23389,2024-10-30,24.0
17701,23389,2024-11-29,24.0
17702,23389,2024-12-29,24.0
17703,23390,2024-11-25,12.0
17704,23390,2024-12-25,12.0
17705,23403,2024-01-22,24.0
17706,23403,2024-02-21,24.0
17707,23403,2024-03-22,24.0
17708,23403,2024-04-21,24.0
17709,23403,2024-05-21,24.0
17710,23403,2024-06-20,24.0
17711,23403,2024-07-20,24.0
17712,23403,2024-08-19,24.0
17713,23403,2024-09-18,24.0
17714,23403,2024-10-18,24.0
17715,23403,2024-11-17,24.0
17716,23403,2024-12-17,24.0
17717,23413,2024-10-15,12.0
17718,23413,2024-11-14,12.0
17719,23413,2024-12-14,12.0
17720,23415,2024-11-03,12.0
17721,23418,2024-08-16,24.0
17722,23418,2024-09-15,24.0
17723,23418,2024-10-15,24.0
17724,23418,2024-11-14,24.0
17725,23418,2024-12-14,24.0
17726,23424,2024-07-31,24.0
17727,23426,2024-04-26,12.0
17728,23438,2024-06-06,12.0
17729,23438,2024-07-06,12.0
17730,23438,2024-08-05,12.0
17731,23438,2024-09-04,12.0
17732,23438,2024-10-04,12.0
17733,23438,2024-11-03,12.0
17734,23438,2024-12-03,12.0
17735,23440,2024-08-27,12.0
17736,23440,2024-09-26,12.0
17737,23440,2024-10-26,12.0
17738,23440,2024-11-25,12.0
17739,23440,2024-12-25,12.0
17740,23441,2024-05-29,12.0
17741,23446,2024-06-10,12.0
17742,23446,2024-07-10,12.0
17743,23446,2024-08-09,12.0
17744,23446,2024-09-08,12.0
17745,23446,2024-10-08,12.0
17746,23446,2024-11-07,12.0
17747,23446,2024-12-07,12.0
17748,23447,2024-05-19,24.0
17749,23447,2024-06-18,24.0
17750,23447,2024-07-18,24.0
17751,23447,2024-08-17,24.0
17752,23447,2024-09-16,24.0
17753,23447,2024-10-16,24.0
17754,23447,2024-11-15,24.0
17755,23447,2024-12-15,24.0
17756,23448,2024-07-02,12.0
17757,23448,2024-08-01,12.0
17758,23448,2024-08-31,12.0
17759,23448,2024-09-30,12.0
17760,23448,2024-10-30,12.0
17761,23448,2024-11-29,12.0
17762,23448,2024-12-29,12.0
17763,23449,2024-09-13,12.0
17764,23449,2024-10-13,12.0
17765,23449,2024-11-12,12.0
17766,23449,2024-12-12,12.0
17767,23451,2024-10-08,12.0
17768,23461,2024-05-26,24.0
17769,23462,2025-01-08,24.0
17770,23472,2024-05-03,12.0
17771,23472,2024-06-02,12.0
17772,23472,2024-07-02,12.0
17773,23472,2024-08-01,12.0
17774,23472,2024-08-31,12.0
17775,23472,2024-09-30,12.0
17776,23472,2024-10-30,12.0
17777,23472,2024-11-29,12.0
17778,23472,2024-12-29,12.0
17779,23482,2024-12-08,24.0
17780,23488,2024-10-20,24.0
17781,23488,2024-11-19,24.0
17782,23488,2024-12-19,24.0
17783,23490,2024-03-04,12.0
17784,23491,2024-12-11,24.0
17785,23492,2024-05-19,12.0
17786,23492,2024-06-18,12.0
17787,23492,2024-07-18,12.0
17788,23492,2024-08-17,12.0
17789,23492,2024-09-16,12.0
17790,23492,2024-10-16,12.0
17791,23492,2024-11-15,12.0
17792,23492,2024-12-15,12.0
17793,23494,2025-01-10,12.0
17794,23500,2024-10-03,12.0
17795,23502,2024-08-22,12.0
17796,23524,2024-08-08,12.0
17797,23524,2024-09-07,12.0
17798,23524,2024-10-07,12.0
17799,23524,2024-11-06,12.0
17800,23524,2024-12-06,12.0
17801,23529,2024-09-11,12.0
17802,23529,2024-10-11,12.0
17803,23529,2024-11-10,12.0
17804,23529,2024-12-10,12.0
17805,23532,2024-12-14,24.0
17806,23538,2024-01-16,12.0
17807,23538,2024-02-15,12.0
17808,23538,2024-03-16,12.0
17809,23538,2024-04-15,12.0
17810,23538,2024-05-15,12.0
17811,23538,2024-06-14,12.0
17812,23538,2024-07-14,12.0
17813,23538,2024-08-13,12.0
17814,23538,2024-09-12,12.0
17815,23538,2024-10-12,12.0
17816,23538,2024-11-11,12.0
17817,23538,2024-12-11,12.0
17818,23543,2024-11-07,24.0
17819,23543,2024-12-07,24.0
17820,23546,2024-10-07,12.0
17821,23552,2024-12-09,12.0
17822,23562,2024-11-18,12.0
17823,23562,2024-12-18,12.0
17824,23564,2024-02-26,12.0
17825,23564,2024-03-27,12.0
17826,23564,2024-04-26,12.0
17827,23564,2024-05-26,12.0
17828,23564,2024-06-25,12.0
17829,23564,2024-07-25,12.0
17830,23564,2024-08-24,12.0
17831,23564,2024-09-23,12.0
17832,23564,2024-10-23,12.0
17833,23564,2024-11-22,12.0
17834,23564,2024-12-22,12.0
17835,23572,2024-11-27,12.0
17836,23572,2024-12-27,12.0
17837,23576,2024-11-22,12.0
17838,23582,2024-04-30,12.0
17839,23591,2024-09-12,24.0
17840,23602,2024-09-23,12.0
17841,23607,2024-06-29,12.0
17842,23607,2024-07-29,12.0
17843,23607,2024-08-28,12.0
17844,23607,2024-09-27,12.0
17845,23607,2024-10-27,12.0
17846,23607,2024-11-26,12.0
17847,23607,2024-12-26,12.0
17848,23616,2024-10-22,12.0
17849,23616,2024-11-21,12.0
17850,23616,2024-12-21,12.0
17851,23621,2024-04-10,24.0
17852,23621,2024-05-10,24.0
17853,23621,2024-06-09,24.0
17854,23621,2024-07-09,24.0
17855,23621,2024-08-08,24.0
17856,23621,2024-09-07,24.0
17857,23621,2024-10-07,24.0
17858,23621,2024-11-06,24.0
17859,23621,2024-12-06,24.0
17860,23626,2024-12-09,12.0
17861,23627,2024-01-20,24.0
17862,23628,2024-02-19,24.0
17863,23628,2024-03-20,24.0
17864,23628,2024-04-19,24.0
17865,23628,2024-05-19,24.0
17866,23628,2024-06-18,24.0
17867,23628,2024-07-18,24.0
17868,23628,2024-08-17,24.0
17869,23628,2024-09-16,24.0
17870,23628,2024-10-16,24.0
17871,23628,2024-11-15,24.0
17872,23628,2024-12-15,24.0
17873,23635,2024-05-03,12.0
17874,23638,2024-10-09,12.0
17875,23638,2024-11-08,12.0
17876,23638,2024-12-08,12.0
17877,23640,2024-11-29,12.0
17878,23640,2024-12-29,12.0
17879,23643,2025-01-03,12.0
17880,23646,2024-06-26,12.0
17881,23646,2024-07-26,12.0
17882,23646,2024-08-25,12.0
17883,23646,2024-09-24,12.0
17884,23646,2024-10-24,12.0
17885,23646,2024-11-23,12.0
17886,23646,2024-12-23,12.0
17887,23665,2024-01-29,24.0
17888,23666,2024-08-14,12.0
17889,23666,2024-09-13,12.0
17890,23666,2024-10-13,12.0
17891,23666,2024-11-12,12.0
17892,23666,2024-12-12,12.0
17893,23673,2024-10-11,12.0
17894,23673,2024-11-10,12.0
17895,23673,2024-12-10,12.0
17896,23682,2024-01-23,12.0
17897,23682,2024-02-22,12.0
17898,23682,2024-03-23,12.0
17899,23682,2024-04-22,12.0
17900,23682,2024-05-22,12.0
17901,23682,2024-06-21,12.0
17902,23682,2024-07-21,12.0
17903,23682,2024-08-20,12.0
17904,23682,2024-09-19,12.0
17905,23682,2024-10-19,12.0
17906,23682,2024-11-18,12.0
17907,23682,2024-12-18,12.0
17908,23686,2024-04-17,12.0
17909,23686,2024-05-17,12.0
17910,23686,2024-06-16,12.0
17911,23686,2024-07-16,12.0
17912,23686,2024-08-15,12.0
17913,23686,2024-09-14,12.0
17914,23686,2024-10-14,12.0
17915,23686,2024-11-13,12.0
17916,23686,2024-12-13,12.0
17917,23687,2025-01-03,12.0
17918,23690,2024-08-31,12.0
17919,23690,2024-09-30,12.0
17920,23690,2024-10-30,12.0
17921,23690,2024-11-29,12.0
17922,23690,2024-12-29,12.0
17923,23700,2024-06-13,12.0
17924,23700,2024-07-13,12.0
17925,23700,2024-08-12,12.0
17926,23700,2024-09-11,12.0
17927,23700,2024-10-11,12.0
17928,23700,2024-11-10,12.0
17929,23700,2024-12-10,12.0
17930,23702,2024-04-28,12.0
17931,23704,2024-05-18,24.0
17932,23705,2024-03-07,12.0
17933,23710,2024-10-10,12.0
17934,23710,2024-11-09,12.0
17935,23710,2024-12-09,12.0
17936,23714,2024-12-24,12.0
17937,23716,2024-02-13,12.0
17938,23730,2024-02-15,12.0
17939,23730,2024-03-16,12.0
17940,23730,2024-04-15,12.0
17941,23730,2024-05-15,12.0
17942,23730,2024-06-14,12.0
17943,23730,2024-07-14,12.0
17944,23730,2024-08-13,12.0
17945,23730,2024-09-12,12.0
17946,23730,2024-10-12,12.0
17947,23730,2024-11-11,12.0
17948,23730,2024-12-11,12.0
17949,23737,2024-12-28,12.0
17950,23740,2024-03-03,12.0
17951,23740,2024-04-02,12.0
17952,23740,2024-05-02,12.0
17953,23740,2024-06-01,12.0
17954,23740,2024-07-01,12.0
17955,23740,2024-07-31,12.0
17956,23740,2024-08-30,12.0
17957,23740,2024-09-29,12.0
17958,23740,2024-10-29,12.0
17959,23740,2024-11-28,12.0
17960,23740,2024-12-28,12.0
17961,23743,2024-07-21,12.0
17962,23743,2024-08-20,12.0
17963,23743,2024-09-19,12.0
17964,23743,2024-10-19,12.0
17965,23743,2024-11-18,12.0
17966,23743,2024-12-18,12.0
17967,23745,2024-08-08,24.0
17968,23746,2024-09-27,12.0
17969,23746,2024-10-27,12.0
17970,23746,2024-11-26,12.0
17971,23746,2024-12-26,12.0
17972,23755,2024-09-26,24.0
17973,23756,2024-12-01,12.0
17974,23756,2024-12-31,12.0
17975,23760,2024-11-13,24.0
17976,23760,2024-12-13,24.0
17977,23763,2024-08-30,12.0
17978,23763,2024-09-29,12.0
17979,23763,2024-10-29,12.0
17980,23763,2024-11-28,12.0
17981,23763,2024-12-28,12.0
17982,23768,2024-05-08,12.0
17983,23768,2024-06-07,12.0
17984,23768,2024-07-07,12.0
17985,23768,2024-08-06,12.0
17986,23768,2024-09-05,12.0
17987,23768,2024-10-05,12.0
17988,23768,2024-11-04,12.0
17989,23768,2024-12-04,12.0
17990,23777,2024-03-16,24.0
17991,23798,2024-08-20,12.0
17992,23798,2024-09-19,12.0
17993,23798,2024-10-19,12.0
17994,23798,2024-11-18,12.0
17995,23798,2024-12-18,12.0
17996,23801,2024-10-13,24.0
17997,23801,2024-11-12,24.0
17998,23801,2024-12-12,24.0
17999,23803,2024-09-04,12.0
18000,23803,2024-10-04,12.0
18001,23803,2024-11-03,12.0
18002,23803,2024-12-03,12.0
18003,23809,2024-02-19,12.0
18004,23809,2024-03-20,12.0
18005,23809,2024-04-19,12.0
18006,23809,2024-05-19,12.0
18007,23809,2024-06-18,12.0
18008,23809,2024-07-18,12.0
18009,23809,2024-08-17,12.0
18010,23809,2024-09-16,12.0
18011,23809,2024-10-16,12.0
18012,23809,2024-11-15,12.0
18013,23809,2024-12-15,12.0
18014,23811,2024-03-12,12.0
18015,23811,2024-04-11,12.0
18016,23811,2024-05-11,12.0
18017,23811,2024-06-10,12.0
18018,23811,2024-07-10,12.0
18019,23811,2024-08-09,12.0
18020,23811,2024-09-08,12.0
18021,23811,2024-10-08,12.0
18022,23811,2024-11-07,12.0
18023,23811,2024-12-07,12.0
18024,23815,2024-08-06,24.0
18025,23815,2024-09-05,24.0
18026,23815,2024-10-05,24.0
18027,23815,2024-11-04,24.0
18028,23815,2024-12-04,24.0
18029,23832,2024-07-05,12.0
18030,23832,2024-08-04,12.0
18031,23832,2024-09-03,12.0
18032,23832,2024-10-03,12.0
18033,23832,2024-11-02,12.0
18034,23832,2024-12-02,12.0
18035,23850,2024-05-12,12.0
18036,23850,2024-06-11,12.0
18037,23850,2024-07-11,12.0
18038,23850,2024-08-10,12.0
18039,23850,2024-09-09,12.0
18040,23850,2024-10-09,12.0
18041,23850,2024-11-08,12.0
18042,23850,2024-12-08,12.0
18043,23852,2024-07-27,12.0
18044,23852,2024-08-26,12.0
18045,23852,2024-09-25,12.0
18046,23852,2024-10-25,12.0
18047,23852,2024-11-24,12.0
18048,23852,2024-12-24,12.0
18049,23855,2024-01-21,12.0
18050,23856,2024-06-24,12.0
18051,23858,2024-07-20,12.0
18052,23862,2024-06-24,12.0
18053,23862,2024-07-24,12.0
18054,23862,2024-08-23,12.0
18055,23862,2024-09-22,12.0
18056,23862,2024-10-22,12.0
18057,23862,2024-11-21,12.0
18058,23862,2024-12-21,12.0
18059,23864,2024-09-12,12.0
18060,23864,2024-10-12,12.0
18061,23864,2024-11-11,12.0
18062,23864,2024-12-11,12.0
18063,23866,2024-10-12,12.0
18064,23866,2024-11-11,12.0
18065,23866,2024-12-11,12.0
18066,23868,2024-02-18,12.0
18067,23868,2024-03-19,12.0
18068,23868,2024-04-18,12.0
18069,23868,2024-05-18,12.0
18070,23868,2024-06-17,12.0
18071,23868,2024-07-17,12.0
18072,23868,2024-08-16,12.0
18073,23868,2024-09-15,12.0
18074,23868,2024-10-15,12.0
18075,23868,2024-11-14,12.0
18076,23868,2024-12-14,12.0
18077,23870,2024-08-31,24.0
18078,23880,2025-01-13,12.0
18079,23882,2024-03-04,12.0
18080,23882,2024-04-03,12.0
18081,23882,2024-05-03,12.0
18082,23882,2024-06-02,12.0
18083,23882,2024-07-02,12.0
18084,23882,2024-08-01,12.0
18085,23882,2024-08-31,12.0
18086,23882,2024-09-30,12.0
18087,23882,2024-10-30,12.0
18088,23882,2024-11-29,12.0
18089,23882,2024-12-29,12.0
18090,23884,2024-07-07,12.0
18091,23892,2024-04-03,24.0
18092,23895,2024-09-05,24.0
18093,23895,2024-10-05,24.0
18094,23895,2024-11-04,24.0
18095,23895,2024-12-04,24.0
18096,23902,2024-04-07,24.0
18097,23907,2024-10-29,12.0
18098,23909,2024-06-15,12.0
18099,23915,2024-04-19,12.0
18100,23915,2024-05-19,12.0
18101,23915,2024-06-18,12.0
18102,23915,2024-07-18,12.0
18103,23915,2024-08-17,12.0
18104,23915,2024-09-16,12.0
18105,23915,2024-10-16,12.0
18106,23915,2024-11-15,12.0
18107,23915,2024-12-15,12.0
18108,23916,2025-01-13,12.0
18109,23922,2024-11-13,12.0
18110,23922,2024-12-13,12.0
18111,23926,2024-08-29,12.0
18112,23926,2024-09-28,12.0
18113,23926,2024-10-28,12.0
18114,23926,2024-11-27,12.0
18115,23926,2024-12-27,12.0
18116,23937,2024-10-05,12.0
18117,23940,2024-06-07,24.0
18118,23940,2024-07-07,24.0
18119,23940,2024-08-06,24.0
18120,23940,2024-09-05,24.0
18121,23940,2024-10-05,24.0
18122,23940,2024-11-04,24.0
18123,23940,2024-12-04,24.0
18124,23941,2024-08-29,12.0
18125,23942,2024-11-24,12.0
18126,23948,2024-10-25,12.0
18127,23948,2024-11-24,12.0
18128,23948,2024-12-24,12.0
18129,23950,2024-09-09,12.0
18130,23950,2024-10-09,12.0
18131,23950,2024-11-08,12.0
18132,23950,2024-12-08,12.0
18133,23959,2024-09-12,12.0
18134,23960,2024-05-06,12.0
18135,23960,2024-06-05,12.0
18136,23960,2024-07-05,12.0
18137,23960,2024-08-04,12.0
18138,23960,2024-09-03,12.0
18139,23960,2024-10-03,12.0
18140,23960,2024-11-02,12.0
18141,23960,2024-12-02,12.0
18142,23971,2024-12-24,24.0
18143,23972,2024-06-03,12.0
18144,23972,2024-07-03,12.0
18145,23972,2024-08-02,12.0
18146,23972,2024-09-01,12.0
18147,23972,2024-10-01,12.0
18148,23972,2024-10-31,12.0
18149,23972,2024-11-30,12.0
18150,23972,2024-12-30,12.0
18151,23976,2024-03-05,12.0
18152,23976,2024-04-04,12.0
18153,23976,2024-05-04,12.0
18154,23976,2024-06-03,12.0
18155,23976,2024-07-03,12.0
18156,23976,2024-08-02,12.0
18157,23976,2024-09-01,12.0
18158,23976,2024-10-01,12.0
18159,23976,2024-10-31,12.0
18160,23976,2024-11-30,12.0
18161,23976,2024-12-30,12.0
18162,23983,2024-07-19,24.0
18163,23983,2024-08-18,24.0
18164,23983,2024-09-17,24.0
18165,23983,2024-10-17,24.0
18166,23983,2024-11-16,24.0
18167,23983,2024-12-16,24.0
18168,23984,2024-12-25,12.0
18169,23992,2024-09-23,12.0
18170,23995,2024-12-22,12.0
18171,23999,2024-05-21,24.0
18172,24003,2024-04-02,12.0
18173,24006,2024-05-18,12.0
18174,24006,2024-06-17,12.0
18175,24006,2024-07-17,12.0
18176,24006,2024-08-16,12.0
18177,24006,2024-09-15,12.0
18178,24006,2024-10-15,12.0
18179,24006,2024-11-14,12.0
18180,24006,2024-12-14,12.0
18181,24009,2024-05-11,12.0
18182,24009,2024-06-10,12.0
18183,24009,2024-07-10,12.0
18184,24009,2024-08-09,12.0
18185,24009,2024-09-08,12.0
18186,24009,2024-10-08,12.0
18187,24009,2024-11-07,12.0
18188,24009,2024-12-07,12.0
18189,24018,2024-04-21,24.0
18190,24023,2024-08-04,24.0
18191,24023,2024-09-03,24.0
18192,24023,2024-10-03,24.0
18193,24023,2024-11-02,24.0
18194,24023,2024-12-02,24.0
18195,24027,2024-06-05,12.0
18196,24028,2024-09-04,12.0
18197,24040,2024-04-26,24.0
18198,24040,2024-05-26,24.0
18199,24040,2024-06-25,24.0
18200,24040,2024-07-25,24.0
18201,24040,2024-08-24,24.0
18202,24040,2024-09-23,24.0
18203,24040,2024-10-23,24.0
18204,24040,2024-11-22,24.0
18205,24040,2024-12-22,24.0
18206,24042,2024-06-09,12.0
18207,24042,2024-07-09,12.0
18208,24042,2024-08-08,12.0
18209,24042,2024-09-07,12.0
18210,24042,2024-10-07,12.0
18211,24042,2024-11-06,12.0
18212,24042,2024-12-06,12.0
18213,24044,2024-04-04,12.0
18214,24046,2024-02-10,12.0
18215,24048,2024-02-15,12.0
18216,24048,2024-03-16,12.0
18217,24048,2024-04-15,12.0
18218,24048,2024-05-15,12.0
18219,24048,2024-06-14,12.0
18220,24048,2024-07-14,12.0
18221,24048,2024-08-13,12.0
18222,24048,2024-09-12,12.0
18223,24048,2024-10-12,12.0
18224,24048,2024-11-11,12.0
18225,24048,2024-12-11,12.0
18226,24049,2024-05-24,24.0
18227,24049,2024-06-23,24.0
18228,24049,2024-07-23,24.0
18229,24049,2024-08-22,24.0
18230,24049,2024-09-21,24.0
18231,24049,2024-10-21,24.0
18232,24049,2024-11-20,24.0
18233,24049,2024-12-20,24.0
18234,24054,2024-03-06,12.0
18235,24059,2024-07-18,24.0
18236,24074,2024-10-29,12.0
18237,24074,2024-11-28,12.0
18238,24074,2024-12-28,12.0
18239,24078,2024-04-17,12.0
18240,24082,2024-12-14,12.0
18241,24083,2024-08-15,12.0
18242,24085,2024-06-03,24.0
18243,24085,2024-07-03,24.0
18244,24085,2024-08-02,24.0
18245,24085,2024-09-01,24.0
18246,24085,2024-10-01,24.0
18247,24085,2024-10-31,24.0
18248,24085,2024-11-30,24.0
18249,24085,2024-12-30,24.0
18250,24086,2024-09-14,12.0
18251,24086,2024-10-14,12.0
18252,24086,2024-11-13,12.0
18253,24086,2024-12-13,12.0
18254,24088,2024-11-02,24.0
18255,24098,2024-06-24,12.0
18256,24100,2024-12-19,12.0
18257,24102,2024-05-30,12.0
18258,24102,2024-06-29,12.0
18259,24102,2024-07-29,12.0
18260,24102,2024-08-28,12.0
18261,24102,2024-09-27,12.0
18262,24102,2024-10-27,12.0
18263,24102,2024-11-26,12.0
18264,24102,2024-12-26,12.0
18265,24112,2024-01-23,12.0
18266,24114,2024-03-06,12.0
18267,24137,2024-02-16,12.0
18268,24138,2024-11-10,12.0
18269,24138,2024-12-10,12.0
18270,24144,2024-04-23,24.0
18271,24145,2024-06-27,12.0
18272,24145,2024-07-27,12.0
18273,24145,2024-08-26,12.0
18274,24145,2024-09-25,12.0
18275,24145,2024-10-25,12.0
18276,24145,2024-11-24,12.0
18277,24145,2024-12-24,12.0
18278,24174,2024-03-02,24.0
18279,24178,2024-09-23,24.0
18280,24178,2024-10-23,24.0
18281,24178,2024-11-22,24.0
18282,24178,2024-12-22,24.0
18283,24183,2024-05-12,12.0
18284,24183,2024-06-11,12.0
18285,24183,2024-07-11,12.0
18286,24183,2024-08-10,12.0
18287,24183,2024-09-09,12.0
18288,24183,2024-10-09,12.0
18289,24183,2024-11-08,12.0
18290,24183,2024-12-08,12.0
18291,24198,2024-12-03,12.0
18292,24199,2024-01-19,12.0
18293,24199,2024-02-18,12.0
18294,24199,2024-03-19,12.0
18295,24199,2024-04-18,12.0
18296,24199,2024-05-18,12.0
18297,24199,2024-06-17,12.0
18298,24199,2024-07-17,12.0
18299,24199,2024-08-16,12.0
18300,24199,2024-09-15,12.0
18301,24199,2024-10-15,12.0
18302,24199,2024-11-14,12.0
18303,24199,2024-12-14,12.0
18304,24204,2024-02-12,24.0
18305,24204,2024-03-13,24.0
18306,24204,2024-04-12,24.0
18307,24204,2024-05-12,24.0
18308,24204,2024-06-11,24.0
18309,24204,2024-07-11,24.0
18310,24204,2024-08-10,24.0
18311,24204,2024-09-09,24.0
18312,24204,2024-10-09,24.0
18313,24204,2024-11-08,24.0
18314,24204,2024-12-08,24.0
18315,24205,2024-01-26,12.0
18316,24205,2024-02-25,12.0
18317,24205,2024-03-26,12.0
18318,24205,2024-04-25,12.0
18319,24205,2024-05-25,12.0
18320,24205,2024-06-24,12.0
18321,24205,2024-07-24,12.0
18322,24205,2024-08-23,12.0
18323,24205,2024-09-22,12.0
18324,24205,2024-10-22,12.0
18325,24205,2024-11-21,12.0
18326,24205,2024-12-21,12.0
18327,24208,2024-11-06,12.0
18328,24208,2024-12-06,12.0
18329,24210,2024-04-23,24.0
18330,24210,2024-05-23,24.0
18331,24210,2024-06-22,24.0
18332,24210,2024-07-22,24.0
18333,24210,2024-08-21,24.0
18334,24210,2024-09-20,24.0
18335,24210,2024-10-20,24.0
18336,24210,2024-11-19,24.0
18337,24210,2024-12-19,24.0
18338,24214,2024-05-28,12.0
18339,24214,2024-06-27,12.0
18340,24214,2024-07-27,12.0
18341,24214,2024-08-26,12.0
18342,24214,2024-09-25,12.0
18343,24214,2024-10-25,12.0
18344,24214,2024-11-24,12.0
18345,24214,2024-12-24,12.0
18346,24218,2024-08-20,12.0
18347,24218,2024-09-19,12.0
18348,24218,2024-10-19,12.0
18349,24218,2024-11-18,12.0
18350,24218,2024-12-18,12.0
18351,24224,2024-11-25,24.0
18352,24228,2024-07-04,24.0
18353,24228,2024-08-03,24.0
18354,24228,2024-09-02,24.0
18355,24228,2024-10-02,24.0
18356,24228,2024-11-01,24.0
18357,24228,2024-12-01,24.0
18358,24228,2024-12-31,24.0
18359,24231,2024-01-26,12.0
18360,24231,2024-02-25,12.0
18361,24231,2024-03-26,12.0
18362,24231,2024-04-25,12.0
18363,24231,2024-05-25,12.0
18364,24231,2024-06-24,12.0
18365,24231,2024-07-24,12.0
18366,24231,2024-08-23,12.0
18367,24231,2024-09-22,12.0
18368,24231,2024-10-22,12.0
18369,24231,2024-11-21,12.0
18370,24231,2024-12-21,12.0
18371,24250,2024-04-20,24.0
18372,24250,2024-05-20,24.0
18373,24250,2024-06-19,24.0
18374,24250,2024-07-19,24.0
18375,24250,2024-08-18,24.0
18376,24250,2024-09-17,24.0
18377,24250,2024-10-17,24.0
18378,24250,2024-11-16,24.0
18379,24250,2024-12-16,24.0
18380,24252,2024-10-20,24.0
18381,24252,2024-11-19,24.0
18382,24252,2024-12-19,24.0
18383,24254,2024-07-11,12.0
18384,24274,2024-07-04,12.0
18385,24274,2024-08-03,12.0
18386,24274,2024-09-02,12.0
18387,24274,2024-10-02,12.0
18388,24274,2024-11-01,12.0
18389,24274,2024-12-01,12.0
18390,24274,2024-12-31,12.0
18391,24276,2024-10-14,12.0
18392,24278,2024-10-05,12.0
18393,24278,2024-11-04,12.0
18394,24278,2024-12-04,12.0
18395,24286,2024-06-30,12.0
18396,24294,2024-05-21,12.0
18397,24294,2024-06-20,12.0
18398,24294,2024-07-20,12.0
18399,24294,2024-08-19,12.0
18400,24294,2024-09-18,12.0
18401,24294,2024-10-18,12.0
18402,24294,2024-11-17,12.0
18403,24294,2024-12-17,12.0
18404,24297,2024-09-19,12.0
18405,24297,2024-10-19,12.0
18406,24297,2024-11-18,12.0
18407,24297,2024-12-18,12.0
18408,24309,2024-12-12,12.0
18409,24314,2024-08-07,12.0
18410,24314,2024-09-06,12.0
18411,24314,2024-10-06,12.0
18412,24314,2024-11-05,12.0
18413,24314,2024-12-05,12.0
18414,24315,2024-09-21,12.0
18415,24318,2024-02-12,12.0
18416,24318,2024-03-13,12.0
18417,24318,2024-04-12,12.0
18418,24318,2024-05-12,12.0
18419,24318,2024-06-11,12.0
18420,24318,2024-07-11,12.0
18421,24318,2024-08-10,12.0
18422,24318,2024-09-09,12.0
18423,24318,2024-10-09,12.0
18424,24318,2024-11-08,12.0
18425,24318,2024-12-08,12.0
18426,24319,2024-10-14,12.0
18427,24330,2024-08-31,12.0
18428,24334,2024-04-04,12.0
18429,24334,2024-05-04,12.0
18430,24334,2024-06-03,12.0
18431,24334,2024-07-03,12.0
18432,24334,2024-08-02,12.0
18433,24334,2024-09-01,12.0
18434,24334,2024-10-01,12.0
18435,24334,2024-10-31,12.0
18436,24334,2024-11-30,12.0
18437,24334,2024-12-30,12.0
18438,24343,2024-12-20,12.0
18439,24345,2024-03-20,24.0
18440,24347,2024-09-13,12.0
18441,24354,2024-08-20,12.0
18442,24354,2024-09-19,12.0
18443,24354,2024-10-19,12.0
18444,24354,2024-11-18,12.0
18445,24354,2024-12-18,12.0
18446,24357,2024-12-30,12.0
18447,24364,2024-01-21,12.0
18448,24364,2024-02-20,12.0
18449,24364,2024-03-21,12.0
18450,24364,2024-04-20,12.0
18451,24364,2024-05-20,12.0
18452,24364,2024-06-19,12.0
18453,24364,2024-07-19,12.0
18454,24364,2024-08-18,12.0
18455,24364,2024-09-17,12.0
18456,24364,2024-10-17,12.0
18457,24364,2024-11-16,12.0
18458,24364,2024-12-16,12.0
18459,24365,2024-07-13,24.0
18460,24365,2024-08-12,24.0
18461,24365,2024-09-11,24.0
18462,24365,2024-10-11,24.0
18463,24365,2024-11-10,24.0
18464,24365,2024-12-10,24.0
18465,24381,2024-08-07,24.0
18466,24385,2024-09-28,12.0
18467,24385,2024-10-28,12.0
18468,24385,2024-11-27,12.0
18469,24385,2024-12-27,12.0
18470,24388,2024-09-26,12.0
18471,24388,2024-10-26,12.0
18472,24388,2024-11-25,12.0
18473,24388,2024-12-25,12.0
18474,24391,2024-05-10,24.0
18475,24391,2024-06-09,24.0
18476,24391,2024-07-09,24.0
18477,24391,2024-08-08,24.0
18478,24391,2024-09-07,24.0
18479,24391,2024-10-07,24.0
18480,24391,2024-11-06,24.0
18481,24391,2024-12-06,24.0
18482,24397,2024-04-30,24.0
18483,24401,2025-01-06,24.0
18484,24403,2024-03-15,12.0
18485,24403,2024-04-14,12.0
18486,24403,2024-05-14,12.0
18487,24403,2024-06-13,12.0
18488,24403,2024-07-13,12.0
18489,24403,2024-08-12,12.0
18490,24403,2024-09-11,12.0
18491,24403,2024-10-11,12.0
18492,24403,2024-11-10,12.0
18493,24403,2024-12-10,12.0
18494,24420,2024-11-14,24.0
18495,24427,2024-04-03,12.0
18496,24429,2024-12-21,24.0
18497,24443,2024-03-24,24.0
18498,24445,2024-10-16,12.0
18499,24453,2024-05-16,24.0
18500,24453,2024-06-15,24.0
18501,24453,2024-07-15,24.0
18502,24453,2024-08-14,24.0
18503,24453,2024-09-13,24.0
18504,24453,2024-10-13,24.0
18505,24453,2024-11-12,24.0
18506,24453,2024-12-12,24.0
18507,24454,2024-03-29,12.0
18508,24454,2024-04-28,12.0
18509,24454,2024-05-28,12.0
18510,24454,2024-06-27,12.0
18511,24454,2024-07-27,12.0
18512,24454,2024-08-26,12.0
18513,24454,2024-09-25,12.0
18514,24454,2024-10-25,12.0
18515,24454,2024-11-24,12.0
18516,24454,2024-12-24,12.0
18517,24456,2024-11-27,12.0
18518,24456,2024-12-27,12.0
18519,24473,2024-07-23,12.0
18520,24473,2024-08-22,12.0
18521,24473,2024-09-21,12.0
18522,24473,2024-10-21,12.0
18523,24473,2024-11-20,12.0
18524,24473,2024-12-20,12.0
18525,24479,2024-11-12,24.0
18526,24493,2024-07-16,24.0
18527,24493,2024-08-15,24.0
18528,24493,2024-09-14,24.0
18529,24493,2024-10-14,24.0
18530,24493,2024-11-13,24.0
18531,24493,2024-12-13,24.0
18532,24496,2024-10-25,12.0
18533,24502,2024-08-05,12.0
18534,24502,2024-09-04,12.0
18535,24502,2024-10-04,12.0
18536,24502,2024-11-03,12.0
18537,24502,2024-12-03,12.0
18538,24503,2024-11-21,12.0
18539,24508,2024-03-19,12.0
18540,24508,2024-04-18,12.0
18541,24508,2024-05-18,12.0
18542,24508,2024-06-17,12.0
18543,24508,2024-07-17,12.0
18544,24508,2024-08-16,12.0
18545,24508,2024-09-15,12.0
18546,24508,2024-10-15,12.0
18547,24508,2024-11-14,12.0
18548,24508,2024-12-14,12.0
18549,24512,2024-10-10,12.0
18550,24512,2024-11-09,12.0
18551,24512,2024-12-09,12.0
18552,24514,2024-10-29,12.0
18553,24514,2024-11-28,12.0
18554,24514,2024-12-28,12.0
18555,24519,2024-11-01,12.0
18556,24519,2024-12-01,12.0
18557,24519,2024-12-31,12.0
18558,24520,2024-12-01,12.0
18559,24521,2024-03-08,12.0
18560,24522,2024-05-31,12.0
18561,24522,2024-06-30,12.0
18562,24522,2024-07-30,12.0
18563,24522,2024-08-29,12.0
18564,24522,2024-09-28,12.0
18565,24522,2024-10-28,12.0
18566,24522,2024-11-27,12.0
18567,24522,2024-12-27,12.0
18568,24527,2024-04-29,24.0
18569,24527,2024-05-29,24.0
18570,24527,2024-06-28,24.0
18571,24527,2024-07-28,24.0
18572,24527,2024-08-27,24.0
18573,24527,2024-09-26,24.0
18574,24527,2024-10-26,24.0
18575,24527,2024-11-25,24.0
18576,24527,2024-12-25,24.0
18577,24530,2024-12-09,12.0
18578,24533,2024-07-30,12.0
18579,24533,2024-08-29,12.0
18580,24533,2024-09-28,12.0
18581,24533,2024-10-28,12.0
18582,24533,2024-11-27,12.0
18583,24533,2024-12-27,12.0
18584,24534,2024-12-26,24.0
18585,24536,2024-04-19,24.0
18586,24536,2024-05-19,24.0
18587,24536,2024-06-18,24.0
18588,24536,2024-07-18,24.0
18589,24536,2024-08-17,24.0
18590,24536,2024-09-16,24.0
18591,24536,2024-10-16,24.0
18592,24536,2024-11-15,24.0
18593,24536,2024-12-15,24.0
18594,24540,2024-10-20,12.0
18595,24540,2024-11-19,12.0
18596,24540,2024-12-19,12.0
18597,24542,2024-07-28,12.0
18598,24542,2024-08-27,12.0
18599,24542,2024-09-26,12.0
18600,24542,2024-10-26,12.0
18601,24542,2024-11-25,12.0
18602,24542,2024-12-25,12.0
18603,24548,2024-05-14,12.0
18604,24550,2024-12-16,24.0
18605,24551,2024-02-03,24.0
18606,24551,2024-03-04,24.0
18607,24551,2024-04-03,24.0
18608,24551,2024-05-03,24.0
18609,24551,2024-06-02,24.0
18610,24551,2024-07-02,24.0
18611,24551,2024-08-01,24.0
18612,24551,2024-08-31,24.0
18613,24551,2024-09-30,24.0
18614,24551,2024-10-30,24.0
18615,24551,2024-11-29,24.0
18616,24551,2024-12-29,24.0
18617,24559,2025-01-07,24.0
18618,24566,2024-02-05,24.0
18619,24566,2024-03-06,24.0
18620,24566,2024-04-05,24.0
18621,24566,2024-05-05,24.0
18622,24566,2024-06-04,24.0
18623,24566,2024-07-04,24.0
18624,24566,2024-08-03,24.0
18625,24566,2024-09-02,24.0
18626,24566,2024-10-02,24.0
18627,24566,2024-11-01,24.0
18628,24566,2024-12-01,24.0
18629,24566,2024-12-31,24.0
18630,24568,2024-09-27,24.0
18631,24568,2024-10-27,24.0
18632,24568,2024-11-26,24.0
18633,24568,2024-12-26,24.0
18634,24570,2024-10-31,12.0
18635,24574,2024-07-11,12.0
18636,24574,2024-08-10,12.0
18637,24574,2024-09-09,12.0
18638,24574,2024-10-09,12.0
18639,24574,2024-11-08,12.0
18640,24574,2024-12-08,12.0
18641,24579,2024-05-18,12.0
18642,24586,2025-01-13,24.0
18643,24596,2024-09-28,12.0
18644,24623,2024-04-23,24.0
18645,24623,2024-05-23,24.0
18646,24623,2024-06-22,24.0
18647,24623,2024-07-22,24.0
18648,24623,2024-08-21,24.0
18649,24623,2024-09-20,24.0
18650,24623,2024-10-20,24.0
18651,24623,2024-11-19,24.0
18652,24623,2024-12-19,24.0
18653,24641,2024-05-23,24.0
18654,24647,2024-04-04,12.0
18655,24647,2024-05-04,12.0
18656,24647,2024-06-03,12.0
18657,24647,2024-07-03,12.0
18658,24647,2024-08-02,12.0
18659,24647,2024-09-01,12.0
18660,24647,2024-10-01,12.0
18661,24647,2024-10-31,12.0
18662,24647,2024-11-30,12.0
18663,24647,2024-12-30,12.0
18664,24650,2025-01-09,12.0
18665,24657,2024-12-07,12.0
18666,24658,2024-11-11,24.0
18667,24658,2024-12-11,24.0
18668,24660,2024-04-05,12.0
18669,24660,2024-05-05,12.0
18670,24660,2024-06-04,12.0
18671,24660,2024-07-04,12.0
18672,24660,2024-08-03,12.0
18673,24660,2024-09-02,12.0
18674,24660,2024-10-02,12.0
18675,24660,2024-11-01,12.0
18676,24660,2024-12-01,12.0
18677,24660,2024-12-31,12.0
18678,24663,2024-07-23,12.0
18679,24666,2024-02-03,24.0
18680,24666,2024-03-04,24.0
18681,24666,2024-04-03,24.0
18682,24666,2024-05-03,24.0
18683,24666,2024-06-02,24.0
18684,24666,2024-07-02,24.0
18685,24666,2024-08-01,24.0
18686,24666,2024-08-31,24.0
18687,24666,2024-09-30,24.0
18688,24666,2024-10-30,24.0
18689,24666,2024-11-29,24.0
18690,24666,2024-12-29,24.0
18691,24670,2024-03-15,12.0
18692,24670,2024-04-14,12.0
18693,24670,2024-05-14,12.0
18694,24670,2024-06-13,12.0
18695,24670,2024-07-13,12.0
18696,24670,2024-08-12,12.0
18697,24670,2024-09-11,12.0
18698,24670,2024-10-11,12.0
18699,24670,2024-11-10,12.0
18700,24670,2024-12-10,12.0
18701,24671,2024-10-24,24.0
18702,24671,2024-11-23,24.0
18703,24671,2024-12-23,24.0
18704,24682,2024-11-13,12.0
18705,24682,2024-12-13,12.0
18706,24693,2024-02-24,12.0
18707,24699,2024-01-27,24.0
18708,24704,2024-11-21,12.0
18709,24704,2024-12-21,12.0
18710,24711,2024-11-21,24.0
18711,24713,2024-06-27,12.0
18712,24713,2024-07-27,12.0
18713,24713,2024-08-26,12.0
18714,24713,2024-09-25,12.0
18715,24713,2024-10-25,12.0
18716,24713,2024-11-24,12.0
18717,24713,2024-12-24,12.0
18718,24714,2024-11-29,24.0
18719,24720,2024-05-08,12.0
18720,24722,2024-03-22,12.0
18721,24722,2024-04-21,12.0
18722,24722,2024-05-21,12.0
18723,24722,2024-06-20,12.0
18724,24722,2024-07-20,12.0
18725,24722,2024-08-19,12.0
18726,24722,2024-09-18,12.0
18727,24722,2024-10-18,12.0
18728,24722,2024-11-17,12.0
18729,24722,2024-12-17,12.0
18730,24724,2024-07-24,24.0
18731,24725,2024-06-20,24.0
18732,24733,2024-03-03,24.0
18733,24733,2024-04-02,24.0
18734,24733,2024-05-02,24.0
18735,24733,2024-06-01,24.0
18736,24733,2024-07-01,24.0
18737,24733,2024-07-31,24.0
18738,24733,2024-08-30,24.0
18739,24733,2024-09-29,24.0
18740,24733,2024-10-29,24.0
18741,24733,2024-11-28,24.0
18742,24733,2024-12-28,24.0
18743,24736,2024-08-15,12.0
18744,24745,2024-04-13,12.0
18745,24745,2024-05-13,12.0
18746,24745,2024-06-12,12.0
18747,24745,2024-07-12,12.0
18748,24745,2024-08-11,12.0
18749,24745,2024-09-10,12.0
18750,24745,2024-10-10,12.0
18751,24745,2024-11-09,12.0
18752,24745,2024-12-09,12.0
18753,24748,2024-09-03,12.0
18754,24748,2024-10-03,12.0
18755,24748,2024-11-02,12.0
18756,24748,2024-12-02,12.0
18757,24750,2024-02-01,12.0
18758,24750,2024-03-02,12.0
18759,24750,2024-04-01,12.0
18760,24750,2024-05-01,12.0
18761,24750,2024-05-31,12.0
18762,24750,2024-06-30,12.0
18763,24750,2024-07-30,12.0
18764,24750,2024-08-29,12.0
18765,24750,2024-09-28,12.0
18766,24750,2024-10-28,12.0
18767,24750,2024-11-27,12.0
18768,24750,2024-12-27,12.0
18769,24751,2024-04-27,12.0
18770,24752,2024-02-16,12.0
18771,24757,2024-12-08,24.0
18772,24758,2024-04-10,12.0
18773,24758,2024-05-10,12.0
18774,24758,2024-06-09,12.0
18775,24758,2024-07-09,12.0
18776,24758,2024-08-08,12.0
18777,24758,2024-09-07,12.0
18778,24758,2024-10-07,12.0
18779,24758,2024-11-06,12.0
18780,24758,2024-12-06,12.0
18781,24764,2024-11-28,12.0
18782,24764,2024-12-28,12.0
18783,24765,2024-06-11,12.0
18784,24765,2024-07-11,12.0
18785,24765,2024-08-10,12.0
18786,24765,2024-09-09,12.0
18787,24765,2024-10-09,12.0
18788,24765,2024-11-08,12.0
18789,24765,2024-12-08,12.0
18790,24766,2024-03-19,12.0
18791,24766,2024-04-18,12.0
18792,24766,2024-05-18,12.0
18793,24766,2024-06-17,12.0
18794,24766,2024-07-17,12.0
18795,24766,2024-08-16,12.0
18796,24766,2024-09-15,12.0
18797,24766,2024-10-15,12.0
18798,24766,2024-11-14,12.0
18799,24766,2024-12-14,12.0
18800,24767,2024-06-15,12.0
18801,24769,2024-08-09,24.0
18802,24769,2024-09-08,24.0
18803,24769,2024-10-08,24.0
18804,24769,2024-11-07,24.0
18805,24769,2024-12-07,24.0
18806,24771,2024-12-26,12.0
18807,24776,2024-03-21,12.0
18808,24776,2024-04-20,12.0
18809,24776,2024-05-20,12.0
18810,24776,2024-06-19,12.0
18811,24776,2024-07-19,12.0
18812,24776,2024-08-18,12.0
18813,24776,2024-09-17,12.0
18814,24776,2024-10-17,12.0
18815,24776,2024-11-16,12.0
18816,24776,2024-12-16,12.0
18817,24777,2024-03-30,12.0
18818,24777,2024-04-29,12.0
18819,24777,2024-05-29,12.0
18820,24777,2024-06-28,12.0
18821,24777,2024-07-28,12.0
18822,24777,2024-08-27,12.0
18823,24777,2024-09-26,12.0
18824,24777,2024-10-26,12.0
18825,24777,2024-11-25,12.0
18826,24777,2024-12-25,12.0
18827,24780,2024-05-13,24.0
18828,24780,2024-06-12,24.0
18829,24780,2024-07-12,24.0
18830,24780,2024-08-11,24.0
18831,24780,2024-09-10,24.0
18832,24780,2024-10-10,24.0
18833,24780,2024-11-09,24.0
18834,24780,2024-12-09,24.0
18835,24783,2024-07-29,12.0
18836,24783,2024-08-28,12.0
18837,24783,2024-09-27,12.0
18838,24783,2024-10-27,12.0
18839,24783,2024-11-26,12.0
18840,24783,2024-12-26,12.0
18841,24785,2024-09-11,24.0
18842,24785,2024-10-11,24.0
18843,24785,2024-11-10,24.0
18844,24785,2024-12-10,24.0
18845,24797,2024-04-21,12.0
18846,24797,2024-05-21,12.0
18847,24797,2024-06-20,12.0
18848,24797,2024-07-20,12.0
18849,24797,2024-08-19,12.0
18850,24797,2024-09-18,12.0
18851,24797,2024-10-18,12.0
18852,24797,2024-11-17,12.0
18853,24797,2024-12-17,12.0
18854,24813,2024-12-26,24.0
18855,24816,2024-01-19,24.0
18856,24819,2024-05-30,24.0
18857,24819,2024-06-29,24.0
18858,24819,2024-07-29,24.0
18859,24819,2024-08-28,24.0
18860,24819,2024-09-27,24.0
18861,24819,2024-10-27,24.0
18862,24819,2024-11-26,24.0
18863,24819,2024-12-26,24.0
18864,24820,2025-01-11,12.0
18865,24826,2024-07-03,12.0
18866,24828,2024-05-08,12.0
18867,24828,2024-06-07,12.0
18868,24828,2024-07-07,12.0
18869,24828,2024-08-06,12.0
18870,24828,2024-09-05,12.0
18871,24828,2024-10-05,12.0
18872,24828,2024-11-04,12.0
18873,24828,2024-12-04,12.0
18874,24832,2024-03-15,12.0
18875,24832,2024-04-14,12.0
18876,24832,2024-05-14,12.0
18877,24832,2024-06-13,12.0
18878,24832,2024-07-13,12.0
18879,24832,2024-08-12,12.0
18880,24832,2024-09-11,12.0
18881,24832,2024-10-11,12.0
18882,24832,2024-11-10,12.0
18883,24832,2024-12-10,12.0
18884,24845,2024-11-03,12.0
18885,24845,2024-12-03,12.0
18886,24849,2024-12-20,12.0
18887,24858,2024-06-17,12.0
18888,24858,2024-07-17,12.0
18889,24858,2024-08-16,12.0
18890,24858,2024-09-15,12.0
18891,24858,2024-10-15,12.0
18892,24858,2024-11-14,12.0
18893,24858,2024-12-14,12.0
18894,24867,2024-05-28,24.0
18895,24867,2024-06-27,24.0
18896,24867,2024-07-27,24.0
18897,24867,2024-08-26,24.0
18898,24867,2024-09-25,24.0
18899,24867,2024-10-25,24.0
18900,24867,2024-11-24,24.0
18901,24867,2024-12-24,24.0
18902,24874,2024-07-17,12.0
18903,24874,2024-08-16,12.0
18904,24874,2024-09-15,12.0
18905,24874,2024-10-15,12.0
18906,24874,2024-11-14,12.0
18907,24874,2024-12-14,12.0
18908,24877,2024-02-23,12.0
18909,24888,2024-11-12,12.0
18910,24888,2024-12-12,12.0
18911,24890,2024-02-04,12.0
18912,24890,2024-03-05,12.0
18913,24890,2024-04-04,12.0
18914,24890,2024-05-04,12.0
18915,24890,2024-06-03,12.0
18916,24890,2024-07-03,12.0
18917,24890,2024-08-02,12.0
18918,24890,2024-09-01,12.0
18919,24890,2024-10-01,12.0
18920,24890,2024-10-31,12.0
18921,24890,2024-11-30,12.0
18922,24890,2024-12-30,12.0
18923,24892,2024-10-24,24.0
18924,24896,2024-09-13,12.0
18925,24896,2024-10-13,12.0
18926,24896,2024-11-12,12.0
18927,24896,2024-12-12,12.0
18928,24906,2024-11-20,12.0
18929,24906,2024-12-20,12.0
18930,24910,2024-02-05,24.0
18931,24914,2024-09-05,24.0
18932,24919,2024-06-06,12.0
18933,24919,2024-07-06,12.0
18934,24919,2024-08-05,12.0
18935,24919,2024-09-04,12.0
18936,24919,2024-10-04,12.0
18937,24919,2024-11-03,12.0
18938,24919,2024-12-03,12.0
18939,24922,2024-02-06,12.0
18940,24922,2024-03-07,12.0
18941,24922,2024-04-06,12.0
18942,24922,2024-05-06,12.0
18943,24922,2024-06-05,12.0
18944,24922,2024-07-05,12.0
18945,24922,2024-08-04,12.0
18946,24922,2024-09-03,12.0
18947,24922,2024-10-03,12.0
18948,24922,2024-11-02,12.0
18949,24922,2024-12-02,12.0
18950,24923,2024-09-03,12.0
18951,24930,2024-03-01,12.0
18952,24940,2024-07-29,12.0
18953,24951,2024-05-07,12.0
18954,24951,2024-06-06,12.0
18955,24951,2024-07-06,12.0
18956,24951,2024-08-05,12.0
18957,24951,2024-09-04,12.0
18958,24951,2024-10-04,12.0
18959,24951,2024-11-03,12.0
18960,24951,2024-12-03,12.0
18961,24952,2024-11-21,12.0
18962,24952,2024-12-21,12.0
18963,24957,2024-03-23,12.0
18964,24957,2024-04-22,12.0
18965,24957,2024-05-22,12.0
18966,24957,2024-06-21,12.0
18967,24957,2024-07-21,12.0
18968,24957,2024-08-20,12.0
18969,24957,2024-09-19,12.0
18970,24957,2024-10-19,12.0
18971,24957,2024-11-18,12.0
18972,24957,2024-12-18,12.0
18973,24959,2024-09-11,12.0
18974,24959,2024-10-11,12.0
18975,24959,2024-11-10,12.0
18976,24959,2024-12-10,12.0
18977,24961,2024-04-03,12.0
18978,24964,2024-08-03,12.0
18979,24969,2024-11-18,12.0
18980,24969,2024-12-18,12.0
18981,24970,2024-05-06,12.0
18982,24970,2024-06-05,12.0
18983,24970,2024-07-05,12.0
18984,24970,2024-08-04,12.0
18985,24970,2024-09-03,12.0
18986,24970,2024-10-03,12.0
18987,24970,2024-11-02,12.0
18988,24970,2024-12-02,12.0
18989,24971,2024-07-25,24.0
18990,24972,2024-05-21,12.0
18991,24972,2024-06-20,12.0
18992,24972,2024-07-20,12.0
18993,24972,2024-08-19,12.0
18994,24972,2024-09-18,12.0
18995,24972,2024-10-18,12.0
18996,24972,2024-11-17,12.0
18997,24972,2024-12-17,12.0
18998,24981,2024-05-31,12.0
18999,24981,2024-06-30,12.0
19000,24981,2024-07-30,12.0
19001,24981,2024-08-29,12.0
19002,24981,2024-09-28,12.0
19003,24981,2024-10-28,12.0
19004,24981,2024-11-27,12.0
19005,24981,2024-12-27,12.0
19006,24984,2024-08-04,12.0
19007,24984,2024-09-03,12.0
19008,24984,2024-10-03,12.0
19009,24984,2024-11-02,12.0
19010,24984,2024-12-02,12.0
19011,24985,2025-01-14,12.0
19012,24987,2024-09-20,12.0
19013,24993,2024-06-21,12.0
19014,25002,2025-01-10,24.0
19015,25004,2024-07-12,12.0
19016,25004,2024-08-11,12.0
19017,25004,2024-09-10,12.0
19018,25004,2024-10-10,12.0
19019,25004,2024-11-09,12.0
19020,25004,2024-12-09,12.0
19021,25022,2024-07-23,12.0
19022,25023,2024-11-08,12.0
19023,25023,2024-12-08,12.0
19024,25025,2024-10-09,12.0
19025,25031,2024-11-13,12.0
19026,25031,2024-12-13,12.0
19027,25037,2024-07-25,12.0
19028,25038,2024-12-01,12.0
19029,25041,2024-03-10,12.0
19030,25041,2024-04-09,12.0
19031,25041,2024-05-09,12.0
19032,25041,2024-06-08,12.0
19033,25041,2024-07-08,12.0
19034,25041,2024-08-07,12.0
19035,25041,2024-09-06,12.0
19036,25041,2024-10-06,12.0
19037,25041,2024-11-05,12.0
19038,25041,2024-12-05,12.0
19039,25061,2024-11-30,12.0
19040,25061,2024-12-30,12.0
19041,25064,2024-03-26,12.0
19042,25064,2024-04-25,12.0
19043,25064,2024-05-25,12.0
19044,25064,2024-06-24,12.0
19045,25064,2024-07-24,12.0
19046,25064,2024-08-23,12.0
19047,25064,2024-09-22,12.0
19048,25064,2024-10-22,12.0
19049,25064,2024-11-21,12.0
19050,25064,2024-12-21,12.0
19051,25065,2024-10-16,24.0
19052,25065,2024-11-15,24.0
19053,25065,2024-12-15,24.0
19054,25093,2024-07-10,12.0
19055,25096,2024-10-28,12.0
19056,25097,2024-09-10,12.0
19057,25097,2024-10-10,12.0
19058,25097,2024-11-09,12.0
19059,25097,2024-12-09,12.0
19060,25100,2024-11-20,24.0
19061,25100,2024-12-20,24.0
19062,25102,2024-07-30,12.0
19063,25102,2024-08-29,12.0
19064,25102,2024-09-28,12.0
19065,25102,2024-10-28,12.0
19066,25102,2024-11-27,12.0
19067,25102,2024-12-27,12.0
19068,25109,2024-07-04,12.0
19069,25109,2024-08-03,12.0
19070,25109,2024-09-02,12.0
19071,25109,2024-10-02,12.0
19072,25109,2024-11-01,12.0
19073,25109,2024-12-01,12.0
19074,25109,2024-12-31,12.0
19075,25111,2024-11-01,12.0
19076,25111,2024-12-01,12.0
19077,25111,2024-12-31,12.0
19078,25112,2024-05-27,12.0
19079,25112,2024-06-26,12.0
19080,25112,2024-07-26,12.0
19081,25112,2024-08-25,12.0
19082,25112,2024-09-24,12.0
19083,25112,2024-10-24,12.0
19084,25112,2024-11-23,12.0
19085,25112,2024-12-23,12.0
19086,25115,2024-04-24,24.0
19087,25116,2024-05-09,12.0
19088,25119,2024-05-07,12.0
19089,25119,2024-06-06,12.0
19090,25119,2024-07-06,12.0
19091,25119,2024-08-05,12.0
19092,25119,2024-09-04,12.0
19093,25119,2024-10-04,12.0
19094,25119,2024-11-03,12.0
19095,25119,2024-12-03,12.0
19096,25123,2024-12-10,12.0
19097,25129,2024-08-07,12.0
19098,25129,2024-09-06,12.0
19099,25129,2024-10-06,12.0
19100,25129,2024-11-05,12.0
19101,25129,2024-12-05,12.0
19102,25133,2024-05-22,12.0
19103,25137,2024-10-28,24.0
19104,25137,2024-11-27,24.0
19105,25137,2024-12-27,24.0
19106,25143,2024-11-12,12.0
19107,25145,2024-09-08,24.0
19108,25167,2024-11-02,24.0
19109,25167,2024-12-02,24.0
19110,25168,2024-09-10,12.0
19111,25168,2024-10-10,12.0
19112,25168,2024-11-09,12.0
19113,25168,2024-12-09,12.0
19114,25170,2024-05-04,12.0
19115,25171,2024-03-06,12.0
19116,25171,2024-04-05,12.0
19117,25171,2024-05-05,12.0
19118,25171,2024-06-04,12.0
19119,25171,2024-07-04,12.0
19120,25171,2024-08-03,12.0
19121,25171,2024-09-02,12.0
19122,25171,2024-10-02,12.0
19123,25171,2024-11-01,12.0
19124,25171,2024-12-01,12.0
19125,25171,2024-12-31,12.0
19126,25194,2024-11-15,12.0
19127,25194,2024-12-15,12.0
19128,25196,2024-08-14,12.0
19129,25196,2024-09-13,12.0
19130,25196,2024-10-13,12.0
19131,25196,2024-11-12,12.0
19132,25196,2024-12-12,12.0
19133,25209,2024-12-18,12.0
19134,25215,2024-03-06,24.0
19135,25218,2024-09-08,12.0
19136,25218,2024-10-08,12.0
19137,25218,2024-11-07,12.0
19138,25218,2024-12-07,12.0
19139,25227,2024-06-09,12.0
19140,25227,2024-07-09,12.0
19141,25227,2024-08-08,12.0
19142,25227,2024-09-07,12.0
19143,25227,2024-10-07,12.0
19144,25227,2024-11-06,12.0
19145,25227,2024-12-06,12.0
19146,25230,2024-01-26,24.0
19147,25230,2024-02-25,24.0
19148,25230,2024-03-26,24.0
19149,25230,2024-04-25,24.0
19150,25230,2024-05-25,24.0
19151,25230,2024-06-24,24.0
19152,25230,2024-07-24,24.0
19153,25230,2024-08-23,24.0
19154,25230,2024-09-22,24.0
19155,25230,2024-10-22,24.0
19156,25230,2024-11-21,24.0
19157,25230,2024-12-21,24.0
19158,25232,2024-08-01,24.0
19159,25244,2024-06-05,12.0
19160,25246,2024-11-20,12.0
19161,25246,2024-12-20,12.0
19162,25247,2024-11-05,24.0
19163,25250,2025-01-02,12.0
19164,25251,2025-01-05,12.0
19165,25261,2024-02-08,12.0
19166,25261,2024-03-09,12.0
19167,25261,2024-04-08,12.0
19168,25261,2024-05-08,12.0
19169,25261,2024-06-07,12.0
19170,25261,2024-07-07,12.0
19171,25261,2024-08-06,12.0
19172,25261,2024-09-05,12.0
19173,25261,2024-10-05,12.0
19174,25261,2024-11-04,12.0
19175,25261,2024-12-04,12.0
19176,25263,2024-09-27,12.0
19177,25263,2024-10-27,12.0
19178,25263,2024-11-26,12.0
19179,25263,2024-12-26,12.0
19180,25270,2024-09-11,12.0
19181,25277,2024-11-21,12.0
19182,25280,2024-10-25,12.0
19183,25285,2024-07-06,24.0
19184,25285,2024-08-05,24.0
19185,25285,2024-09-04,24.0
19186,25285,2024-10-04,24.0
19187,25285,2024-11-03,24.0
19188,25285,2024-12-03,24.0
19189,25287,2024-10-02,12.0
19190,25287,2024-11-01,12.0
19191,25287,2024-12-01,12.0
19192,25287,2024-12-31,12.0
19193,25292,2024-12-30,12.0
19194,25298,2024-02-05,24.0
19195,25306,2024-10-28,12.0
19196,25306,2024-11-27,12.0
19197,25306,2024-12-27,12.0
19198,25308,2024-10-11,24.0
19199,25308,2024-11-10,24.0
19200,25308,2024-12-10,24.0
19201,25322,2024-12-14,12.0
19202,25328,2024-09-14,24.0
19203,25338,2024-12-19,12.0
19204,25339,2024-12-17,12.0
19205,25344,2024-04-12,12.0
19206,25353,2024-11-06,12.0
19207,25353,2024-12-06,12.0
19208,25356,2025-01-13,24.0
19209,25363,2024-03-29,12.0
19210,25363,2024-04-28,12.0
19211,25363,2024-05-28,12.0
19212,25363,2024-06-27,12.0
19213,25363,2024-07-27,12.0
19214,25363,2024-08-26,12.0
19215,25363,2024-09-25,12.0
19216,25363,2024-10-25,12.0
19217,25363,2024-11-24,12.0
19218,25363,2024-12-24,12.0
19219,25372,2024-01-27,12.0
19220,25372,2024-02-26,12.0
19221,25372,2024-03-27,12.0
19222,25372,2024-04-26,12.0
19223,25372,2024-05-26,12.0
19224,25372,2024-06-25,12.0
19225,25372,2024-07-25,12.0
19226,25372,2024-08-24,12.0
19227,25372,2024-09-23,12.0
19228,25372,2024-10-23,12.0
19229,25372,2024-11-22,12.0
19230,25372,2024-12-22,12.0
19231,25373,2024-03-06,24.0
19232,25373,2024-04-05,24.0
19233,25373,2024-05-05,24.0
19234,25373,2024-06-04,24.0
19235,25373,2024-07-04,24.0
19236,25373,2024-08-03,24.0
19237,25373,2024-09-02,24.0
19238,25373,2024-10-02,24.0
19239,25373,2024-11-01,24.0
19240,25373,2024-12-01,24.0
19241,25373,2024-12-31,24.0
19242,25377,2024-06-02,12.0
19243,25381,2025-01-06,12.0
19244,25383,2024-02-16,12.0
19245,25393,2024-03-13,12.0
19246,25393,2024-04-12,12.0
19247,25393,2024-05-12,12.0
19248,25393,2024-06-11,12.0
19249,25393,2024-07-11,12.0
19250,25393,2024-08-10,12.0
19251,25393,2024-09-09,12.0
19252,25393,2024-10-09,12.0
19253,25393,2024-11-08,12.0
19254,25393,2024-12-08,12.0
19255,25404,2024-10-20,12.0
19256,25404,2024-11-19,12.0
19257,25404,2024-12-19,12.0
19258,25412,2024-12-18,12.0
19259,25413,2024-12-06,12.0
19260,25416,2024-10-18,12.0
19261,25416,2024-11-17,12.0
19262,25416,2024-12-17,12.0
19263,25421,2024-05-28,12.0
19264,25421,2024-06-27,12.0
19265,25421,2024-07-27,12.0
19266,25421,2024-08-26,12.0
19267,25421,2024-09-25,12.0
19268,25421,2024-10-25,12.0
19269,25421,2024-11-24,12.0
19270,25421,2024-12-24,12.0
19271,25424,2024-06-07,12.0
19272,25424,2024-07-07,12.0
19273,25424,2024-08-06,12.0
19274,25424,2024-09-05,12.0
19275,25424,2024-10-05,12.0
19276,25424,2024-11-04,12.0
19277,25424,2024-12-04,12.0
19278,25429,2024-01-29,12.0
19279,25432,2024-04-22,12.0
19280,25432,2024-05-22,12.0
19281,25432,2024-06-21,12.0
19282,25432,2024-07-21,12.0
19283,25432,2024-08-20,12.0
19284,25432,2024-09-19,12.0
19285,25432,2024-10-19,12.0
19286,25432,2024-11-18,12.0
19287,25432,2024-12-18,12.0
19288,25434,2024-10-10,24.0
19289,25434,2024-11-09,24.0
19290,25434,2024-12-09,24.0
19291,25437,2024-03-05,24.0
19292,25443,2024-08-31,12.0
19293,25443,2024-09-30,12.0
19294,25443,2024-10-30,12.0
19295,25443,2024-11-29,12.0
19296,25443,2024-12-29,12.0
19297,25453,2024-07-14,12.0
19298,25453,2024-08-13,12.0
19299,25453,2024-09-12,12.0
19300,25453,2024-10-12,12.0
19301,25453,2024-11-11,12.0
19302,25453,2024-12-11,12.0
19303,25455,2024-01-18,24.0
19304,25455,2024-02-17,24.0
19305,25455,2024-03-18,24.0
19306,25455,2024-04-17,24.0
19307,25455,2024-05-17,24.0
19308,25455,2024-06-16,24.0
19309,25455,2024-07-16,24.0
19310,25455,2024-08-15,24.0
19311,25455,2024-09-14,24.0
19312,25455,2024-10-14,24.0
19313,25455,2024-11-13,24.0
19314,25455,2024-12-13,24.0
19315,25462,2024-10-18,12.0
19316,25466,2024-05-15,12.0
19317,25470,2024-11-09,12.0
19318,25471,2024-12-13,12.0
19319,25475,2024-12-27,12.0
19320,25482,2024-02-04,12.0
19321,25482,2024-03-05,12.0
19322,25482,2024-04-04,12.0
19323,25482,2024-05-04,12.0
19324,25482,2024-06-03,12.0
19325,25482,2024-07-03,12.0
19326,25482,2024-08-02,12.0
19327,25482,2024-09-01,12.0
19328,25482,2024-10-01,12.0
19329,25482,2024-10-31,12.0
19330,25482,2024-11-30,12.0
19331,25482,2024-12-30,12.0
19332,25488,2024-01-21,12.0
19333,25488,2024-02-20,12.0
19334,25488,2024-03-21,12.0
19335,25488,2024-04-20,12.0
19336,25488,2024-05-20,12.0
19337,25488,2024-06-19,12.0
19338,25488,2024-07-19,12.0
19339,25488,2024-08-18,12.0
19340,25488,2024-09-17,12.0
19341,25488,2024-10-17,12.0
19342,25488,2024-11-16,12.0
19343,25488,2024-12-16,12.0
19344,25490,2024-08-22,12.0
19345,25505,2024-07-08,12.0
19346,25505,2024-08-07,12.0
19347,25505,2024-09-06,12.0
19348,25505,2024-10-06,12.0
19349,25505,2024-11-05,12.0
19350,25505,2024-12-05,12.0
19351,25508,2024-12-19,24.0
19352,25511,2024-11-30,12.0
19353,25512,2024-07-19,12.0
19354,25512,2024-08-18,12.0
19355,25512,2024-09-17,12.0
19356,25512,2024-10-17,12.0
19357,25512,2024-11-16,12.0
19358,25512,2024-12-16,12.0
19359,25516,2024-05-24,12.0
19360,25534,2024-10-16,12.0
19361,25535,2024-05-02,24.0
19362,25537,2024-08-13,12.0
19363,25540,2024-12-03,12.0
19364,25541,2024-04-26,12.0
19365,25544,2024-04-02,24.0
19366,25544,2024-05-02,24.0
19367,25544,2024-06-01,24.0
19368,25544,2024-07-01,24.0
19369,25544,2024-07-31,24.0
19370,25544,2024-08-30,24.0
19371,25544,2024-09-29,24.0
19372,25544,2024-10-29,24.0
19373,25544,2024-11-28,24.0
19374,25544,2024-12-28,24.0
19375,25555,2024-06-16,12.0
19376,25555,2024-07-16,12.0
19377,25555,2024-08-15,12.0
19378,25555,2024-09-14,12.0
19379,25555,2024-10-14,12.0
19380,25555,2024-11-13,12.0
19381,25555,2024-12-13,12.0
19382,25557,2024-10-19,12.0
19383,25559,2024-03-18,12.0
19384,25559,2024-04-17,12.0
19385,25559,2024-05-17,12.0
19386,25559,2024-06-16,12.0
19387,25559,2024-07-16,12.0
19388,25559,2024-08-15,12.0
19389,25559,2024-09-14,12.0
19390,25559,2024-10-14,12.0
19391,25559,2024-11-13,12.0
19392,25559,2024-12-13,12.0
19393,25560,2024-02-17,12.0
19394,25560,2024-03-18,12.0
19395,25560,2024-04-17,12.0
19396,25560,2024-05-17,12.0
19397,25560,2024-06-16,12.0
19398,25560,2024-07-16,12.0
19399,25560,2024-08-15,12.0
19400,25560,2024-09-14,12.0
19401,25560,2024-10-14,12.0
19402,25560,2024-11-13,12.0
19403,25560,2024-12-13,12.0
19404,25562,2024-04-24,12.0
19405,25562,2024-05-24,12.0
19406,25562,2024-06-23,12.0
19407,25562,2024-07-23,12.0
19408,25562,2024-08-22,12.0
19409,25562,2024-09-21,12.0
19410,25562,2024-10-21,12.0
19411,25562,2024-11-20,12.0
19412,25562,2024-12-20,12.0
19413,25568,2024-05-17,12.0
19414,25574,2024-11-29,12.0
19415,25581,2024-10-07,12.0
19416,25589,2024-08-14,12.0
19417,25589,2024-09-13,12.0
19418,25589,2024-10-13,12.0
19419,25589,2024-11-12,12.0
19420,25589,2024-12-12,12.0
19421,25591,2024-11-30,12.0
19422,25591,2024-12-30,12.0
19423,25605,2024-06-05,12.0
19424,25608,2025-01-09,24.0
19425,25612,2024-07-18,12.0
19426,25612,2024-08-17,12.0
19427,25612,2024-09-16,12.0
19428,25612,2024-10-16,12.0
19429,25612,2024-11-15,12.0
19430,25612,2024-12-15,12.0
19431,25613,2024-12-02,12.0
19432,25623,2024-04-16,12.0
19433,25623,2024-05-16,12.0
19434,25623,2024-06-15,12.0
19435,25623,2024-07-15,12.0
19436,25623,2024-08-14,12.0
19437,25623,2024-09-13,12.0
19438,25623,2024-10-13,12.0
19439,25623,2024-11-12,12.0
19440,25623,2024-12-12,12.0
19441,25628,2024-11-11,12.0
19442,25628,2024-12-11,12.0
19443,25638,2024-07-25,24.0
19444,25639,2024-01-31,12.0
19445,25648,2024-06-10,12.0
19446,25648,2024-07-10,12.0
19447,25648,2024-08-09,12.0
19448,25648,2024-09-08,12.0
19449,25648,2024-10-08,12.0
19450,25648,2024-11-07,12.0
19451,25648,2024-12-07,12.0
19452,25667,2024-10-10,24.0
19453,25669,2024-11-27,12.0
19454,25669,2024-12-27,12.0
19455,25675,2024-05-01,12.0
19456,25675,2024-05-31,12.0
19457,25675,2024-06-30,12.0
19458,25675,2024-07-30,12.0
19459,25675,2024-08-29,12.0
19460,25675,2024-09-28,12.0
19461,25675,2024-10-28,12.0
19462,25675,2024-11-27,12.0
19463,25675,2024-12-27,12.0
19464,25685,2024-04-18,12.0
19465,25685,2024-05-18,12.0
19466,25685,2024-06-17,12.0
19467,25685,2024-07-17,12.0
19468,25685,2024-08-16,12.0
19469,25685,2024-09-15,12.0
19470,25685,2024-10-15,12.0
19471,25685,2024-11-14,12.0
19472,25685,2024-12-14,12.0
19473,25691,2024-07-16,24.0
19474,25701,2024-10-02,12.0
19475,25701,2024-11-01,12.0
19476,25701,2024-12-01,12.0
19477,25701,2024-12-31,12.0
19478,25704,2024-04-27,12.0
19479,25704,2024-05-27,12.0
19480,25704,2024-06-26,12.0
19481,25704,2024-07-26,12.0
19482,25704,2024-08-25,12.0
19483,25704,2024-09-24,12.0
19484,25704,2024-10-24,12.0
19485,25704,2024-11-23,12.0
19486,25704,2024-12-23,12.0
19487,25709,2024-05-20,12.0
19488,25709,2024-06-19,12.0
19489,25709,2024-07-19,12.0
19490,25709,2024-08-18,12.0
19491,25709,2024-09-17,12.0
19492,25709,2024-10-17,12.0
19493,25709,2024-11-16,12.0
19494,25709,2024-12-16,12.0
19495,25712,2024-03-05,24.0
19496,25712,2024-04-04,24.0
19497,25712,2024-05-04,24.0
19498,25712,2024-06-03,24.0
19499,25712,2024-07-03,24.0
19500,25712,2024-08-02,24.0
19501,25712,2024-09-01,24.0
19502,25712,2024-10-01,24.0
19503,25712,2024-10-31,24.0
19504,25712,2024-11-30,24.0
19505,25712,2024-12-30,24.0
19506,25724,2024-09-21,12.0
19507,25724,2024-10-21,12.0
19508,25724,2024-11-20,12.0
19509,25724,2024-12-20,12.0
19510,25725,2024-10-31,24.0
19511,25725,2024-11-30,24.0
19512,25725,2024-12-30,24.0
19513,25728,2024-08-09,12.0
19514,25730,2024-11-26,24.0
19515,25730,2024-12-26,24.0
19516,25731,2024-06-19,12.0
19517,25731,2024-07-19,12.0
19518,25731,2024-08-18,12.0
19519,25731,2024-09-17,12.0
19520,25731,2024-10-17,12.0
19521,25731,2024-11-16,12.0
19522,25731,2024-12-16,12.0
19523,25732,2024-11-08,12.0
19524,25732,2024-12-08,12.0
19525,25734,2024-02-21,24.0
19526,25734,2024-03-22,24.0
19527,25734,2024-04-21,24.0
19528,25734,2024-05-21,24.0
19529,25734,2024-06-20,24.0
19530,25734,2024-07-20,24.0
19531,25734,2024-08-19,24.0
19532,25734,2024-09-18,24.0
19533,25734,2024-10-18,24.0
19534,25734,2024-11-17,24.0
19535,25734,2024-12-17,24.0
19536,25735,2024-04-26,12.0
19537,25735,2024-05-26,12.0
19538,25735,2024-06-25,12.0
19539,25735,2024-07-25,12.0
19540,25735,2024-08-24,12.0
19541,25735,2024-09-23,12.0
19542,25735,2024-10-23,12.0
19543,25735,2024-11-22,12.0
19544,25735,2024-12-22,12.0
19545,25749,2024-04-07,12.0
19546,25749,2024-05-07,12.0
19547,25749,2024-06-06,12.0
19548,25749,2024-07-06,12.0
19549,25749,2024-08-05,12.0
19550,25749,2024-09-04,12.0
19551,25749,2024-10-04,12.0
19552,25749,2024-11-03,12.0
19553,25749,2024-12-03,12.0
19554,25753,2024-09-10,12.0
19555,25753,2024-10-10,12.0
19556,25753,2024-11-09,12.0
19557,25753,2024-12-09,12.0
19558,25762,2024-02-02,12.0
19559,25765,2024-11-10,24.0
19560,25765,2024-12-10,24.0
19561,25770,2024-05-06,24.0
19562,25770,2024-06-05,24.0
19563,25770,2024-07-05,24.0
19564,25770,2024-08-04,24.0
19565,25770,2024-09-03,24.0
19566,25770,2024-10-03,24.0
19567,25770,2024-11-02,24.0
19568,25770,2024-12-02,24.0
19569,25775,2024-08-17,24.0
19570,25775,2024-09-16,24.0
19571,25775,2024-10-16,24.0
19572,25775,2024-11-15,24.0
19573,25775,2024-12-15,24.0
19574,25779,2024-12-04,12.0
19575,25789,2024-10-28,12.0
19576,25789,2024-11-27,12.0
19577,25789,2024-12-27,12.0
19578,25791,2024-11-28,24.0
19579,25791,2024-12-28,24.0
19580,25792,2024-11-04,24.0
19581,25802,2024-09-27,24.0
19582,25802,2024-10-27,24.0
19583,25802,2024-11-26,24.0
19584,25802,2024-12-26,24.0
19585,25819,2024-03-03,12.0
19586,25823,2024-09-05,12.0
19587,25824,2024-12-08,12.0
19588,25825,2024-04-13,12.0
19589,25827,2024-02-10,24.0
19590,25837,2024-08-09,12.0
19591,25838,2024-08-10,24.0
19592,25838,2024-09-09,24.0
19593,25838,2024-10-09,24.0
19594,25838,2024-11-08,24.0
19595,25838,2024-12-08,24.0
19596,25841,2024-09-15,24.0
19597,25843,2024-11-16,12.0
19598,25848,2024-11-14,24.0
19599,25848,2024-12-14,24.0
19600,25852,2024-05-13,12.0
19601,25857,2024-08-02,12.0
19602,25857,2024-09-01,12.0
19603,25857,2024-10-01,12.0
19604,25857,2024-10-31,12.0
19605,25857,2024-11-30,12.0
19606,25857,2024-12-30,12.0
19607,25858,2024-01-29,24.0
19608,25858,2024-02-28,24.0
19609,25858,2024-03-29,24.0
19610,25858,2024-04-28,24.0
19611,25858,2024-05-28,24.0
19612,25858,2024-06-27,24.0
19613,25858,2024-07-27,24.0
19614,25858,2024-08-26,24.0
19615,25858,2024-09-25,24.0
19616,25858,2024-10-25,24.0
19617,25858,2024-11-24,24.0
19618,25858,2024-12-24,24.0
19619,25862,2024-10-14,12.0
19620,25862,2024-11-13,12.0
19621,25862,2024-12-13,12.0
19622,25865,2024-06-15,12.0
19623,25865,2024-07-15,12.0
19624,25865,2024-08-14,12.0
19625,25865,2024-09-13,12.0
19626,25865,2024-10-13,12.0
19627,25865,2024-11-12,12.0
19628,25865,2024-12-12,12.0
19629,25873,2024-05-03,24.0
19630,25875,2024-07-03,12.0
19631,25884,2024-11-24,24.0
19632,25885,2024-11-11,12.0
19633,25885,2024-12-11,12.0
19634,25886,2024-04-22,12.0
19635,25886,2024-05-22,12.0
19636,25886,2024-06-21,12.0
19637,25886,2024-07-21,12.0
19638,25886,2024-08-20,12.0
19639,25886,2024-09-19,12.0
19640,25886,2024-10-19,12.0
19641,25886,2024-11-18,12.0
19642,25886,2024-12-18,12.0
19643,25897,2024-05-28,12.0
19644,25897,2024-06-27,12.0
19645,25897,2024-07-27,12.0
19646,25897,2024-08-26,12.0
19647,25897,2024-09-25,12.0
19648,25897,2024-10-25,12.0
19649,25897,2024-11-24,12.0
19650,25897,2024-12-24,12.0
19651,25899,2024-02-27,12.0
19652,25899,2024-03-28,12.0
19653,25899,2024-04-27,12.0
19654,25899,2024-05-27,12.0
19655,25899,2024-06-26,12.0
19656,25899,2024-07-26,12.0
19657,25899,2024-08-25,12.0
19658,25899,2024-09-24,12.0
19659,25899,2024-10-24,12.0
19660,25899,2024-11-23,12.0
19661,25899,2024-12-23,12.0
19662,25902,2024-03-09,12.0
19663,25902,2024-04-08,12.0
19664,25902,2024-05-08,12.0
19665,25902,2024-06-07,12.0
19666,25902,2024-07-07,12.0
19667,25902,2024-08-06,12.0
19668,25902,2024-09-05,12.0
19669,25902,2024-10-05,12.0
19670,25902,2024-11-04,12.0
19671,25902,2024-12-04,12.0
19672,25916,2024-02-21,12.0
19673,25916,2024-03-22,12.0
19674,25916,2024-04-21,12.0
19675,25916,2024-05-21,12.0
19676,25916,2024-06-20,12.0
19677,25916,2024-07-20,12.0
19678,25916,2024-08-19,12.0
19679,25916,2024-09-18,12.0
19680,25916,2024-10-18,12.0
19681,25916,2024-11-17,12.0
19682,25916,2024-12-17,12.0
19683,25922,2024-07-03,24.0
19684,25937,2024-06-26,12.0
19685,25937,2024-07-26,12.0
19686,25937,2024-08-25,12.0
19687,25937,2024-09-24,12.0
19688,25937,2024-10-24,12.0
19689,25937,2024-11-23,12.0
19690,25937,2024-12-23,12.0
19691,25940,2024-06-06,24.0
19692,25943,2024-05-19,12.0
19693,25947,2024-05-25,24.0
19694,25947,2024-06-24,24.0
19695,25947,2024-07-24,24.0
19696,25947,2024-08-23,24.0
19697,25947,2024-09-22,24.0
19698,25947,2024-10-22,24.0
19699,25947,2024-11-21,24.0
19700,25947,2024-12-21,24.0
19701,25950,2024-04-24,12.0
19702,25952,2024-12-08,12.0
19703,25963,2024-12-16,12.0
19704,25974,2024-08-11,24.0
19705,25974,2024-09-10,24.0
19706,25974,2024-10-10,24.0
19707,25974,2024-11-09,24.0
19708,25974,2024-12-09,24.0
19709,25988,2024-12-15,12.0
19710,25996,2024-01-22,24.0
19711,25996,2024-02-21,24.0
19712,25996,2024-03-22,24.0
19713,25996,2024-04-21,24.0
19714,25996,2024-05-21,24.0
19715,25996,2024-06-20,24.0
19716,25996,2024-07-20,24.0
19717,25996,2024-08-19,24.0
19718,25996,2024-09-18,24.0
19719,25996,2024-10-18,24.0
19720,25996,2024-11-17,24.0
19721,25996,2024-12-17,24.0
19722,25997,2024-10-06,24.0
19723,25997,2024-11-05,24.0
19724,25997,2024-12-05,24.0
19725,26004,2024-10-28,12.0
19726,26016,2024-09-22,24.0
19727,26021,2024-10-06,12.0
19728,26021,2024-11-05,12.0
19729,26021,2024-12-05,12.0
19730,26022,2024-03-24,12.0
19731,26022,2024-04-23,12.0
19732,26022,2024-05-23,12.0
19733,26022,2024-06-22,12.0
19734,26022,2024-07-22,12.0
19735,26022,2024-08-21,12.0
19736,26022,2024-09-20,12.0
19737,26022,2024-10-20,12.0
19738,26022,2024-11-19,12.0
19739,26022,2024-12-19,12.0
19740,26023,2024-01-17,24.0
19741,26035,2024-06-13,12.0
19742,26035,2024-07-13,12.0
19743,26035,2024-08-12,12.0
19744,26035,2024-09-11,12.0
19745,26035,2024-10-11,12.0
19746,26035,2024-11-10,12.0
19747,26035,2024-12-10,12.0
19748,26037,2024-05-26,12.0
19749,26037,2024-06-25,12.0
19750,26037,2024-07-25,12.0
19751,26037,2024-08-24,12.0
19752,26037,2024-09-23,12.0
19753,26037,2024-10-23,12.0
19754,26037,2024-11-22,12.0
19755,26037,2024-12-22,12.0
19756,26042,2024-05-06,12.0
19757,26042,2024-06-05,12.0
19758,26042,2024-07-05,12.0
19759,26042,2024-08-04,12.0
19760,26042,2024-09-03,12.0
19761,26042,2024-10-03,12.0
19762,26042,2024-11-02,12.0
19763,26042,2024-12-02,12.0
19764,26047,2024-02-06,24.0
19765,26049,2024-09-02,24.0
19766,26052,2024-07-12,24.0
19767,26061,2024-07-16,12.0
19768,26061,2024-08-15,12.0
19769,26061,2024-09-14,12.0
19770,26061,2024-10-14,12.0
19771,26061,2024-11-13,12.0
19772,26061,2024-12-13,12.0
19773,26066,2024-04-05,12.0
19774,26077,2024-05-10,24.0
19775,26077,2024-06-09,24.0
19776,26077,2024-07-09,24.0
19777,26077,2024-08-08,24.0
19778,26077,2024-09-07,24.0
19779,26077,2024-10-07,24.0
19780,26077,2024-11-06,24.0
19781,26077,2024-12-06,24.0
19782,26086,2024-05-17,24.0
19783,26086,2024-06-16,24.0
19784,26086,2024-07-16,24.0
19785,26086,2024-08-15,24.0
19786,26086,2024-09-14,24.0
19787,26086,2024-10-14,24.0
19788,26086,2024-11-13,24.0
19789,26086,2024-12-13,24.0
19790,26088,2024-04-07,12.0
19791,26095,2024-11-04,12.0
19792,26105,2024-04-21,12.0
19793,26105,2024-05-21,12.0
19794,26105,2024-06-20,12.0
19795,26105,2024-07-20,12.0
19796,26105,2024-08-19,12.0
19797,26105,2024-09-18,12.0
19798,26105,2024-10-18,12.0
19799,26105,2024-11-17,12.0
19800,26105,2024-12-17,12.0
19801,26112,2024-09-30,12.0
19802,26116,2024-05-22,12.0
19803,26124,2024-06-27,24.0
19804,26124,2024-07-27,24.0
19805,26124,2024-08-26,24.0
19806,26124,2024-09-25,24.0
19807,26124,2024-10-25,24.0
19808,26124,2024-11-24,24.0
19809,26124,2024-12-24,24.0
19810,26135,2024-07-14,12.0
19811,26137,2024-05-26,12.0
19812,26137,2024-06-25,12.0
19813,26137,2024-07-25,12.0
19814,26137,2024-08-24,12.0
19815,26137,2024-09-23,12.0
19816,26137,2024-10-23,12.0
19817,26137,2024-11-22,12.0
19818,26137,2024-12-22,12.0
19819,26147,2024-03-03,24.0
19820,26147,2024-04-02,24.0
19821,26147,2024-05-02,24.0
19822,26147,2024-06-01,24.0
19823,26147,2024-07-01,24.0
19824,26147,2024-07-31,24.0
19825,26147,2024-08-30,24.0
19826,26147,2024-09-29,24.0
19827,26147,2024-10-29,24.0
19828,26147,2024-11-28,24.0
19829,26147,2024-12-28,24.0
19830,26150,2025-01-15,12.0
19831,26152,2024-04-19,12.0
19832,26161,2024-06-19,12.0
19833,26161,2024-07-19,12.0
19834,26161,2024-08-18,12.0
19835,26161,2024-09-17,12.0
19836,26161,2024-10-17,12.0
19837,26161,2024-11-16,12.0
19838,26161,2024-12-16,12.0
19839,26173,2024-12-30,24.0
19840,26176,2024-04-18,12.0
19841,26176,2024-05-18,12.0
19842,26176,2024-06-17,12.0
19843,26176,2024-07-17,12.0
19844,26176,2024-08-16,12.0
19845,26176,2024-09-15,12.0
19846,26176,2024-10-15,12.0
19847,26176,2024-11-14,12.0
19848,26176,2024-12-14,12.0
19849,26178,2024-06-21,12.0
19850,26178,2024-07-21,12.0
19851,26178,2024-08-20,12.0
19852,26178,2024-09-19,12.0
19853,26178,2024-10-19,12.0
19854,26178,2024-11-18,12.0
19855,26178,2024-12-18,12.0
19856,26184,2024-04-26,12.0
19857,26184,2024-05-26,12.0
19858,26184,2024-06-25,12.0
19859,26184,2024-07-25,12.0
19860,26184,2024-08-24,12.0
19861,26184,2024-09-23,12.0
19862,26184,2024-10-23,12.0
19863,26184,2024-11-22,12.0
19864,26184,2024-12-22,12.0
19865,26186,2024-03-08,12.0
19866,26186,2024-04-07,12.0
19867,26186,2024-05-07,12.0
19868,26186,2024-06-06,12.0
19869,26186,2024-07-06,12.0
19870,26186,2024-08-05,12.0
19871,26186,2024-09-04,12.0
19872,26186,2024-10-04,12.0
19873,26186,2024-11-03,12.0
19874,26186,2024-12-03,12.0
19875,26188,2024-03-07,12.0
19876,26188,2024-04-06,12.0
19877,26188,2024-05-06,12.0
19878,26188,2024-06-05,12.0
19879,26188,2024-07-05,12.0
19880,26188,2024-08-04,12.0
19881,26188,2024-09-03,12.0
19882,26188,2024-10-03,12.0
19883,26188,2024-11-02,12.0
19884,26188,2024-12-02,12.0
19885,26193,2024-07-28,12.0
19886,26193,2024-08-27,12.0
19887,26193,2024-09-26,12.0
19888,26193,2024-10-26,12.0
19889,26193,2024-11-25,12.0
19890,26193,2024-12-25,12.0
19891,26194,2024-03-29,12.0
19892,26202,2024-03-31,12.0
19893,26202,2024-04-30,12.0
19894,26202,2024-05-30,12.0
19895,26202,2024-06-29,12.0
19896,26202,2024-07-29,12.0
19897,26202,2024-08-28,12.0
19898,26202,2024-09-27,12.0
19899,26202,2024-10-27,12.0
19900,26202,2024-11-26,12.0
19901,26202,2024-12-26,12.0
19902,26208,2024-09-25,12.0
19903,26215,2024-09-05,12.0
19904,26222,2024-02-18,12.0
19905,26222,2024-03-19,12.0
19906,26222,2024-04-18,12.0
19907,26222,2024-05-18,12.0
19908,26222,2024-06-17,12.0
19909,26222,2024-07-17,12.0
19910,26222,2024-08-16,12.0
19911,26222,2024-09-15,12.0
19912,26222,2024-10-15,12.0
19913,26222,2024-11-14,12.0
19914,26222,2024-12-14,12.0
19915,26223,2024-07-11,12.0
19916,26223,2024-08-10,12.0
19917,26223,2024-09-09,12.0
19918,26223,2024-10-09,12.0
19919,26223,2024-11-08,12.0
19920,26223,2024-12-08,12.0
19921,26224,2024-04-06,12.0
19922,26224,2024-05-06,12.0
19923,26224,2024-06-05,12.0
19924,26224,2024-07-05,12.0
19925,26224,2024-08-04,12.0
19926,26224,2024-09-03,12.0
19927,26224,2024-10-03,12.0
19928,26224,2024-11-02,12.0
19929,26224,2024-12-02,12.0
19930,26225,2024-10-09,12.0
19931,26225,2024-11-08,12.0
19932,26225,2024-12-08,12.0
19933,26234,2025-01-06,24.0
19934,26236,2024-06-27,12.0
19935,26236,2024-07-27,12.0
19936,26236,2024-08-26,12.0
19937,26236,2024-09-25,12.0
19938,26236,2024-10-25,12.0
19939,26236,2024-11-24,12.0
19940,26236,2024-12-24,12.0
19941,26238,2024-08-21,12.0
19942,26238,2024-09-20,12.0
19943,26238,2024-10-20,12.0
19944,26238,2024-11-19,12.0
19945,26238,2024-12-19,12.0
19946,26242,2024-12-22,12.0
19947,26246,2024-05-19,24.0
19948,26253,2024-04-20,12.0
19949,26253,2024-05-20,12.0
19950,26253,2024-06-19,12.0
19951,26253,2024-07-19,12.0
19952,26253,2024-08-18,12.0
19953,26253,2024-09-17,12.0
19954,26253,2024-10-17,12.0
19955,26253,2024-11-16,12.0
19956,26253,2024-12-16,12.0
19957,26255,2024-11-09,12.0
19958,26255,2024-12-09,12.0
19959,26256,2024-04-19,24.0
19960,26257,2024-11-07,12.0
19961,26257,2024-12-07,12.0
19962,26260,2024-08-06,24.0
19963,26260,2024-09-05,24.0
19964,26260,2024-10-05,24.0
19965,26260,2024-11-04,24.0
19966,26260,2024-12-04,24.0
19967,26267,2024-12-02,12.0
19968,26288,2024-05-16,12.0
19969,26288,2024-06-15,12.0
19970,26288,2024-07-15,12.0
19971,26288,2024-08-14,12.0
19972,26288,2024-09-13,12.0
19973,26288,2024-10-13,12.0
19974,26288,2024-11-12,12.0
19975,26288,2024-12-12,12.0
19976,26295,2024-11-30,24.0
19977,26295,2024-12-30,24.0
19978,26298,2024-06-26,12.0
19979,26298,2024-07-26,12.0
19980,26298,2024-08-25,12.0
19981,26298,2024-09-24,12.0
19982,26298,2024-10-24,12.0
19983,26298,2024-11-23,12.0
19984,26298,2024-12-23,12.0
19985,26309,2024-06-17,12.0
19986,26309,2024-07-17,12.0
19987,26309,2024-08-16,12.0
19988,26309,2024-09-15,12.0
19989,26309,2024-10-15,12.0
19990,26309,2024-11-14,12.0
19991,26309,2024-12-14,12.0
19992,26313,2024-05-22,12.0
19993,26313,2024-06-21,12.0
19994,26313,2024-07-21,12.0
19995,26313,2024-08-20,12.0
19996,26313,2024-09-19,12.0
19997,26313,2024-10-19,12.0
19998,26313,2024-11-18,12.0
19999,26313,2024-12-18,12.0
20000,26321,2025-01-10,12.0
20001,26333,2024-08-06,12.0
20002,26333,2024-09-05,12.0
20003,26333,2024-10-05,12.0
20004,26333,2024-11-04,12.0
20005,26333,2024-12-04,12.0
20006,26337,2024-11-03,12.0
20007,26341,2024-11-13,24.0
20008,26341,2024-12-13,24.0
20009,26345,2024-09-13,12.0
20010,26345,2024-10-13,12.0
20011,26345,2024-11-12,12.0
20012,26345,2024-12-12,12.0
20013,26364,2024-07-02,12.0
20014,26364,2024-08-01,12.0
20015,26364,2024-08-31,12.0
20016,26364,2024-09-30,12.0
20017,26364,2024-10-30,12.0
20018,26364,2024-11-29,12.0
20019,26364,2024-12-29,12.0
20020,26367,2024-07-18,12.0
20021,26379,2024-10-03,12.0
20022,26381,2024-07-29,12.0
20023,26387,2024-10-17,12.0
20024,26408,2024-08-27,12.0
20025,26408,2024-09-26,12.0
20026,26408,2024-10-26,12.0
20027,26408,2024-11-25,12.0
20028,26408,2024-12-25,12.0
20029,26412,2024-05-15,12.0
20030,26436,2024-06-01,24.0
20031,26438,2024-09-06,12.0
20032,26438,2024-10-06,12.0
20033,26438,2024-11-05,12.0
20034,26438,2024-12-05,12.0
20035,26446,2024-04-23,24.0
20036,26446,2024-05-23,24.0
20037,26446,2024-06-22,24.0
20038,26446,2024-07-22,24.0
20039,26446,2024-08-21,24.0
20040,26446,2024-09-20,24.0
20041,26446,2024-10-20,24.0
20042,26446,2024-11-19,24.0
20043,26446,2024-12-19,24.0
20044,26462,2024-08-01,12.0
20045,26462,2024-08-31,12.0
20046,26462,2024-09-30,12.0
20047,26462,2024-10-30,12.0
20048,26462,2024-11-29,12.0
20049,26462,2024-12-29,12.0
20050,26467,2024-10-29,12.0
20051,26468,2024-08-01,24.0
20052,26468,2024-08-31,24.0
20053,26468,2024-09-30,24.0
20054,26468,2024-10-30,24.0
20055,26468,2024-11-29,24.0
20056,26468,2024-12-29,24.0
20057,26471,2024-02-27,24.0
20058,26471,2024-03-28,24.0
20059,26471,2024-04-27,24.0
20060,26471,2024-05-27,24.0
20061,26471,2024-06-26,24.0
20062,26471,2024-07-26,24.0
20063,26471,2024-08-25,24.0
20064,26471,2024-09-24,24.0
20065,26471,2024-10-24,24.0
20066,26471,2024-11-23,24.0
20067,26471,2024-12-23,24.0
20068,26476,2024-08-02,24.0
20069,26477,2024-09-25,12.0
20070,26477,2024-10-25,12.0
20071,26477,2024-11-24,12.0
20072,26477,2024-12-24,12.0
20073,26485,2024-04-25,24.0
20074,26487,2024-10-23,12.0
20075,26487,2024-11-22,12.0
20076,26487,2024-12-22,12.0
20077,26490,2024-03-10,12.0
20078,26494,2024-11-10,24.0
20079,26494,2024-12-10,24.0
20080,26496,2024-11-05,24.0
20081,26504,2024-01-31,24.0
20082,26513,2024-06-11,12.0
20083,26513,2024-07-11,12.0
20084,26513,2024-08-10,12.0
20085,26513,2024-09-09,12.0
20086,26513,2024-10-09,12.0
20087,26513,2024-11-08,12.0
20088,26513,2024-12-08,12.0
20089,26515,2024-12-17,24.0
20090,26523,2024-11-02,12.0
20091,26524,2024-11-07,24.0
20092,26526,2024-05-08,12.0
20093,26533,2024-06-04,24.0
20094,26535,2024-10-23,12.0
20095,26536,2024-01-19,12.0
20096,26536,2024-02-18,12.0
20097,26536,2024-03-19,12.0
20098,26536,2024-04-18,12.0
20099,26536,2024-05-18,12.0
20100,26536,2024-06-17,12.0
20101,26536,2024-07-17,12.0
20102,26536,2024-08-16,12.0
20103,26536,2024-09-15,12.0
20104,26536,2024-10-15,12.0
20105,26536,2024-11-14,12.0
20106,26536,2024-12-14,12.0
20107,26553,2024-12-30,12.0
20108,26555,2024-03-28,12.0
20109,26555,2024-04-27,12.0
20110,26555,2024-05-27,12.0
20111,26555,2024-06-26,12.0
20112,26555,2024-07-26,12.0
20113,26555,2024-08-25,12.0
20114,26555,2024-09-24,12.0
20115,26555,2024-10-24,12.0
20116,26555,2024-11-23,12.0
20117,26555,2024-12-23,12.0
20118,26556,2024-08-19,12.0
20119,26556,2024-09-18,12.0
20120,26556,2024-10-18,12.0
20121,26556,2024-11-17,12.0
20122,26556,2024-12-17,12.0
20123,26557,2024-07-31,12.0
20124,26558,2024-11-07,24.0
20125,26558,2024-12-07,24.0
20126,26559,2024-12-01,24.0
20127,26568,2025-01-08,12.0
20128,26579,2024-10-22,12.0
20129,26579,2024-11-21,12.0
20130,26579,2024-12-21,12.0
20131,26581,2024-12-19,24.0
20132,26601,2024-09-18,24.0
20133,26601,2024-10-18,24.0
20134,26601,2024-11-17,24.0
20135,26601,2024-12-17,24.0
20136,26605,2024-01-25,12.0
20137,26606,2024-11-05,24.0
20138,26606,2024-12-05,24.0
20139,26607,2024-04-11,12.0
20140,26610,2024-05-23,24.0
20141,26614,2024-03-21,12.0
20142,26614,2024-04-20,12.0
20143,26614,2024-05-20,12.0
20144,26614,2024-06-19,12.0
20145,26614,2024-07-19,12.0
20146,26614,2024-08-18,12.0
20147,26614,2024-09-17,12.0
20148,26614,2024-10-17,12.0
20149,26614,2024-11-16,12.0
20150,26614,2024-12-16,12.0
20151,26615,2024-07-10,24.0
20152,26615,2024-08-09,24.0
20153,26615,2024-09-08,24.0
20154,26615,2024-10-08,24.0
20155,26615,2024-11-07,24.0
20156,26615,2024-12-07,24.0
20157,26624,2024-11-19,12.0
20158,26634,2025-01-01,12.0
20159,26640,2024-07-10,24.0
20160,26641,2024-10-01,12.0
20161,26654,2024-04-02,12.0
20162,26657,2024-12-06,12.0
20163,26660,2024-11-29,12.0
20164,26661,2024-06-28,24.0
20165,26662,2024-05-05,12.0
20166,26662,2024-06-04,12.0
20167,26662,2024-07-04,12.0
20168,26662,2024-08-03,12.0
20169,26662,2024-09-02,12.0
20170,26662,2024-10-02,12.0
20171,26662,2024-11-01,12.0
20172,26662,2024-12-01,12.0
20173,26662,2024-12-31,12.0
20174,26674,2024-09-24,12.0
20175,26674,2024-10-24,12.0
20176,26674,2024-11-23,12.0
20177,26674,2024-12-23,12.0
20178,26676,2024-05-19,24.0
20179,26676,2024-06-18,24.0
20180,26676,2024-07-18,24.0
20181,26676,2024-08-17,24.0
20182,26676,2024-09-16,24.0
20183,26676,2024-10-16,24.0
20184,26676,2024-11-15,24.0
20185,26676,2024-12-15,24.0
20186,26686,2024-07-07,12.0
20187,26686,2024-08-06,12.0
20188,26686,2024-09-05,12.0
20189,26686,2024-10-05,12.0
20190,26686,2024-11-04,12.0
20191,26686,2024-12-04,12.0
20192,26687,2024-09-19,24.0
20193,26687,2024-10-19,24.0
20194,26687,2024-11-18,24.0
20195,26687,2024-12-18,24.0
20196,26694,2024-10-29,12.0
20197,26694,2024-11-28,12.0
20198,26694,2024-12-28,12.0
20199,26702,2024-03-30,24.0
20200,26707,2024-07-18,24.0
20201,26708,2024-08-11,24.0
20202,26713,2024-08-06,24.0
20203,26713,2024-09-05,24.0
20204,26713,2024-10-05,24.0
20205,26713,2024-11-04,24.0
20206,26713,2024-12-04,24.0
20207,26727,2024-09-03,24.0
20208,26727,2024-10-03,24.0
20209,26727,2024-11-02,24.0
20210,26727,2024-12-02,24.0
20211,26730,2024-05-10,12.0
20212,26730,2024-06-09,12.0
20213,26730,2024-07-09,12.0
20214,26730,2024-08-08,12.0
20215,26730,2024-09-07,12.0
20216,26730,2024-10-07,12.0
20217,26730,2024-11-06,12.0
20218,26730,2024-12-06,12.0
20219,26738,2024-11-17,24.0
20220,26738,2024-12-17,24.0
20221,26742,2024-11-15,12.0
20222,26742,2024-12-15,12.0
20223,26748,2024-11-07,12.0
20224,26749,2024-02-12,12.0
20225,26751,2024-11-16,12.0
20226,26751,2024-12-16,12.0
20227,26754,2024-07-01,12.0
20228,26754,2024-07-31,12.0
20229,26754,2024-08-30,12.0
20230,26754,2024-09-29,12.0
20231,26754,2024-10-29,12.0
20232,26754,2024-11-28,12.0
20233,26754,2024-12-28,12.0
20234,26755,2024-02-29,24.0
20235,26755,2024-03-30,24.0
20236,26755,2024-04-29,24.0
20237,26755,2024-05-29,24.0
20238,26755,2024-06-28,24.0
20239,26755,2024-07-28,24.0
20240,26755,2024-08-27,24.0
20241,26755,2024-09-26,24.0
20242,26755,2024-10-26,24.0
20243,26755,2024-11-25,24.0
20244,26755,2024-12-25,24.0
20245,26767,2024-09-28,12.0
20246,26767,2024-10-28,12.0
20247,26767,2024-11-27,12.0
20248,26767,2024-12-27,12.0
20249,26772,2024-05-17,12.0
20250,26772,2024-06-16,12.0
20251,26772,2024-07-16,12.0
20252,26772,2024-08-15,12.0
20253,26772,2024-09-14,12.0
20254,26772,2024-10-14,12.0
20255,26772,2024-11-13,12.0
20256,26772,2024-12-13,12.0
20257,26775,2024-07-16,12.0
20258,26779,2024-05-05,12.0
20259,26790,2024-07-16,24.0
20260,26792,2024-11-11,24.0
20261,26792,2024-12-11,24.0
20262,26795,2024-05-03,12.0
20263,26795,2024-06-02,12.0
20264,26795,2024-07-02,12.0
20265,26795,2024-08-01,12.0
20266,26795,2024-08-31,12.0
20267,26795,2024-09-30,12.0
20268,26795,2024-10-30,12.0
20269,26795,2024-11-29,12.0
20270,26795,2024-12-29,12.0
20271,26807,2024-07-15,12.0
20272,26808,2024-07-03,12.0
20273,26808,2024-08-02,12.0
20274,26808,2024-09-01,12.0
20275,26808,2024-10-01,12.0
20276,26808,2024-10-31,12.0
20277,26808,2024-11-30,12.0
20278,26808,2024-12-30,12.0
20279,26813,2024-01-22,24.0
20280,26814,2024-01-25,24.0
20281,26814,2024-02-24,24.0
20282,26814,2024-03-25,24.0
20283,26814,2024-04-24,24.0
20284,26814,2024-05-24,24.0
20285,26814,2024-06-23,24.0
20286,26814,2024-07-23,24.0
20287,26814,2024-08-22,24.0
20288,26814,2024-09-21,24.0
20289,26814,2024-10-21,24.0
20290,26814,2024-11-20,24.0
20291,26814,2024-12-20,24.0
20292,26816,2024-04-04,12.0
20293,26816,2024-05-04,12.0
20294,26816,2024-06-03,12.0
20295,26816,2024-07-03,12.0
20296,26816,2024-08-02,12.0
20297,26816,2024-09-01,12.0
20298,26816,2024-10-01,12.0
20299,26816,2024-10-31,12.0
20300,26816,2024-11-30,12.0
20301,26816,2024-12-30,12.0
20302,26818,2024-02-29,12.0
20303,26818,2024-03-30,12.0
20304,26818,2024-04-29,12.0
20305,26818,2024-05-29,12.0
20306,26818,2024-06-28,12.0
20307,26818,2024-07-28,12.0
20308,26818,2024-08-27,12.0
20309,26818,2024-09-26,12.0
20310,26818,2024-10-26,12.0
20311,26818,2024-11-25,12.0
20312,26818,2024-12-25,12.0
20313,26824,2024-11-08,12.0
20314,26833,2024-01-28,12.0
20315,26833,2024-02-27,12.0
20316,26833,2024-03-28,12.0
20317,26833,2024-04-27,12.0
20318,26833,2024-05-27,12.0
20319,26833,2024-06-26,12.0
20320,26833,2024-07-26,12.0
20321,26833,2024-08-25,12.0
20322,26833,2024-09-24,12.0
20323,26833,2024-10-24,12.0
20324,26833,2024-11-23,12.0
20325,26833,2024-12-23,12.0
20326,26835,2024-05-15,24.0
20327,26835,2024-06-14,24.0
20328,26835,2024-07-14,24.0
20329,26835,2024-08-13,24.0
20330,26835,2024-09-12,24.0
20331,26835,2024-10-12,24.0
20332,26835,2024-11-11,24.0
20333,26835,2024-12-11,24.0
20334,26836,2024-02-20,12.0
20335,26844,2024-11-21,24.0
20336,26844,2024-12-21,24.0
20337,26847,2024-04-06,24.0
20338,26848,2025-01-08,12.0
20339,26852,2024-02-18,12.0
20340,26852,2024-03-19,12.0
20341,26852,2024-04-18,12.0
20342,26852,2024-05-18,12.0
20343,26852,2024-06-17,12.0
20344,26852,2024-07-17,12.0
20345,26852,2024-08-16,12.0
20346,26852,2024-09-15,12.0
20347,26852,2024-10-15,12.0
20348,26852,2024-11-14,12.0
20349,26852,2024-12-14,12.0
20350,26858,2024-04-21,12.0
20351,26858,2024-05-21,12.0
20352,26858,2024-06-20,12.0
20353,26858,2024-07-20,12.0
20354,26858,2024-08-19,12.0
20355,26858,2024-09-18,12.0
20356,26858,2024-10-18,12.0
20357,26858,2024-11-17,12.0
20358,26858,2024-12-17,12.0
20359,26862,2024-11-30,12.0
20360,26862,2024-12-30,12.0
20361,26863,2024-09-13,24.0
20362,26863,2024-10-13,24.0
20363,26863,2024-11-12,24.0
20364,26863,2024-12-12,24.0
20365,26873,2024-08-08,12.0
20366,26873,2024-09-07,12.0
20367,26873,2024-10-07,12.0
20368,26873,2024-11-06,12.0
20369,26873,2024-12-06,12.0
20370,26883,2024-11-01,12.0
20371,26883,2024-12-01,12.0
20372,26883,2024-12-31,12.0
20373,26884,2024-11-10,24.0
20374,26884,2024-12-10,24.0
20375,26889,2024-07-20,12.0
20376,26889,2024-08-19,12.0
20377,26889,2024-09-18,12.0
20378,26889,2024-10-18,12.0
20379,26889,2024-11-17,12.0
20380,26889,2024-12-17,12.0
20381,26893,2024-05-01,12.0
20382,26905,2024-02-08,24.0
20383,26905,2024-03-09,24.0
20384,26905,2024-04-08,24.0
20385,26905,2024-05-08,24.0
20386,26905,2024-06-07,24.0
20387,26905,2024-07-07,24.0
20388,26905,2024-08-06,24.0
20389,26905,2024-09-05,24.0
20390,26905,2024-10-05,24.0
20391,26905,2024-11-04,24.0
20392,26905,2024-12-04,24.0
20393,26912,2025-01-09,24.0
20394,26922,2024-08-25,24.0
20395,26922,2024-09-24,24.0
20396,26922,2024-10-24,24.0
20397,26922,2024-11-23,24.0
20398,26922,2024-12-23,24.0
20399,26924,2024-11-25,12.0
20400,26924,2024-12-25,12.0
20401,26928,2024-01-17,12.0
20402,26942,2024-04-14,12.0
20403,26942,2024-05-14,12.0
20404,26942,2024-06-13,12.0
20405,26942,2024-07-13,12.0
20406,26942,2024-08-12,12.0
20407,26942,2024-09-11,12.0
20408,26942,2024-10-11,12.0
20409,26942,2024-11-10,12.0
20410,26942,2024-12-10,12.0
20411,26945,2024-10-30,24.0
20412,26945,2024-11-29,24.0
20413,26945,2024-12-29,24.0
20414,26947,2024-06-25,24.0
20415,26947,2024-07-25,24.0
20416,26947,2024-08-24,24.0
20417,26947,2024-09-23,24.0
20418,26947,2024-10-23,24.0
20419,26947,2024-11-22,24.0
20420,26947,2024-12-22,24.0
20421,26954,2024-02-02,12.0
20422,26954,2024-03-03,12.0
20423,26954,2024-04-02,12.0
20424,26954,2024-05-02,12.0
20425,26954,2024-06-01,12.0
20426,26954,2024-07-01,12.0
20427,26954,2024-07-31,12.0
20428,26954,2024-08-30,12.0
20429,26954,2024-09-29,12.0
20430,26954,2024-10-29,12.0
20431,26954,2024-11-28,12.0
20432,26954,2024-12-28,12.0
20433,26955,2024-06-04,12.0
20434,26956,2024-09-24,24.0
20435,26956,2024-10-24,24.0
20436,26956,2024-11-23,24.0
20437,26956,2024-12-23,24.0
20438,26961,2024-09-11,12.0
20439,26968,2024-03-29,12.0
20440,26969,2024-01-15,12.0
20441,26979,2024-07-24,12.0
20442,26979,2024-08-23,12.0
20443,26979,2024-09-22,12.0
20444,26979,2024-10-22,12.0
20445,26979,2024-11-21,12.0
20446,26979,2024-12-21,12.0
20447,26983,2024-03-21,24.0
20448,26991,2024-06-15,12.0
20449,26991,2024-07-15,12.0
20450,26991,2024-08-14,12.0
20451,26991,2024-09-13,12.0
20452,26991,2024-10-13,12.0
20453,26991,2024-11-12,12.0
20454,26991,2024-12-12,12.0
20455,26992,2024-07-05,24.0
20456,26997,2024-09-23,12.0
20457,26998,2024-10-23,12.0
20458,27005,2024-03-24,12.0
20459,27005,2024-04-23,12.0
20460,27005,2024-05-23,12.0
20461,27005,2024-06-22,12.0
20462,27005,2024-07-22,12.0
20463,27005,2024-08-21,12.0
20464,27005,2024-09-20,12.0
20465,27005,2024-10-20,12.0
20466,27005,2024-11-19,12.0
20467,27005,2024-12-19,12.0
20468,27011,2024-09-04,12.0
20469,27011,2024-10-04,12.0
20470,27011,2024-11-03,12.0
20471,27011,2024-12-03,12.0
20472,27018,2024-11-09,12.0
20473,27018,2024-12-09,12.0
20474,27019,2024-11-27,12.0
20475,27019,2024-12-27,12.0
20476,27026,2024-12-18,24.0
20477,27034,2025-01-13,12.0
20478,27036,2024-03-12,24.0
20479,27037,2024-10-12,12.0
20480,27037,2024-11-11,12.0
20481,27037,2024-12-11,12.0
20482,27046,2024-06-24,12.0
20483,27046,2024-07-24,12.0
20484,27046,2024-08-23,12.0
20485,27046,2024-09-22,12.0
20486,27046,2024-10-22,12.0
20487,27046,2024-11-21,12.0
20488,27046,2024-12-21,12.0
20489,27049,2025-01-11,12.0
20490,27051,2024-08-29,12.0
20491,27051,2024-09-28,12.0
20492,27051,2024-10-28,12.0
20493,27051,2024-11-27,12.0
20494,27051,2024-12-27,12.0
20495,27064,2024-12-24,12.0
20496,27065,2024-12-05,12.0
20497,27070,2024-03-06,12.0
20498,27070,2024-04-05,12.0
20499,27070,2024-05-05,12.0
20500,27070,2024-06-04,12.0
20501,27070,2024-07-04,12.0
20502,27070,2024-08-03,12.0
20503,27070,2024-09-02,12.0
20504,27070,2024-10-02,12.0
20505,27070,2024-11-01,12.0
20506,27070,2024-12-01,12.0
20507,27070,2024-12-31,12.0
20508,27074,2024-11-03,24.0
20509,27075,2024-12-19,12.0
20510,27080,2024-05-23,24.0
20511,27080,2024-06-22,24.0
20512,27080,2024-07-22,24.0
20513,27080,2024-08-21,24.0
20514,27080,2024-09-20,24.0
20515,27080,2024-10-20,24.0
20516,27080,2024-11-19,24.0
20517,27080,2024-12-19,24.0
20518,27088,2024-02-03,24.0
20519,27095,2024-07-24,12.0
20520,27095,2024-08-23,12.0
20521,27095,2024-09-22,12.0
20522,27095,2024-10-22,12.0
20523,27095,2024-11-21,12.0
20524,27095,2024-12-21,12.0
20525,27097,2024-09-10,12.0
20526,27097,2024-10-10,12.0
20527,27097,2024-11-09,12.0
20528,27097,2024-12-09,12.0
20529,27098,2024-08-29,12.0
20530,27098,2024-09-28,12.0
20531,27098,2024-10-28,12.0
20532,27098,2024-11-27,12.0
20533,27098,2024-12-27,12.0
20534,27102,2024-03-09,24.0
20535,27102,2024-04-08,24.0
20536,27102,2024-05-08,24.0
20537,27102,2024-06-07,24.0
20538,27102,2024-07-07,24.0
20539,27102,2024-08-06,24.0
20540,27102,2024-09-05,24.0
20541,27102,2024-10-05,24.0
20542,27102,2024-11-04,24.0
20543,27102,2024-12-04,24.0
20544,27109,2024-11-28,12.0
20545,27110,2024-07-02,12.0
20546,27110,2024-08-01,12.0
20547,27110,2024-08-31,12.0
20548,27110,2024-09-30,12.0
20549,27110,2024-10-30,12.0
20550,27110,2024-11-29,12.0
20551,27110,2024-12-29,12.0
20552,27120,2024-10-22,12.0
20553,27120,2024-11-21,12.0
20554,27120,2024-12-21,12.0
20555,27124,2024-05-30,12.0
20556,27124,2024-06-29,12.0
20557,27124,2024-07-29,12.0
20558,27124,2024-08-28,12.0
20559,27124,2024-09-27,12.0
20560,27124,2024-10-27,12.0
20561,27124,2024-11-26,12.0
20562,27124,2024-12-26,12.0
20563,27125,2024-05-05,24.0
20564,27125,2024-06-04,24.0
20565,27125,2024-07-04,24.0
20566,27125,2024-08-03,24.0
20567,27125,2024-09-02,24.0
20568,27125,2024-10-02,24.0
20569,27125,2024-11-01,24.0
20570,27125,2024-12-01,24.0
20571,27125,2024-12-31,24.0
20572,27130,2024-04-29,24.0
20573,27130,2024-05-29,24.0
20574,27130,2024-06-28,24.0
20575,27130,2024-07-28,24.0
20576,27130,2024-08-27,24.0
20577,27130,2024-09-26,24.0
20578,27130,2024-10-26,24.0
20579,27130,2024-11-25,24.0
20580,27130,2024-12-25,24.0
20581,27131,2024-11-23,12.0
20582,27131,2024-12-23,12.0
20583,27142,2024-02-07,12.0
20584,27142,2024-03-08,12.0
20585,27142,2024-04-07,12.0
20586,27142,2024-05-07,12.0
20587,27142,2024-06-06,12.0
20588,27142,2024-07-06,12.0
20589,27142,2024-08-05,12.0
20590,27142,2024-09-04,12.0
20591,27142,2024-10-04,12.0
20592,27142,2024-11-03,12.0
20593,27142,2024-12-03,12.0
20594,27146,2024-06-18,24.0
20595,27150,2024-09-17,12.0
20596,27155,2024-07-23,24.0
20597,27155,2024-08-22,24.0
20598,27155,2024-09-21,24.0
20599,27155,2024-10-21,24.0
20600,27155,2024-11-20,24.0
20601,27155,2024-12-20,24.0
20602,27156,2024-12-04,12.0
20603,27160,2024-07-06,24.0
20604,27162,2024-03-19,24.0
20605,27162,2024-04-18,24.0
20606,27162,2024-05-18,24.0
20607,27162,2024-06-17,24.0
20608,27162,2024-07-17,24.0
20609,27162,2024-08-16,24.0
20610,27162,2024-09-15,24.0
20611,27162,2024-10-15,24.0
20612,27162,2024-11-14,24.0
20613,27162,2024-12-14,24.0
20614,27166,2024-02-25,12.0
20615,27166,2024-03-26,12.0
20616,27166,2024-04-25,12.0
20617,27166,2024-05-25,12.0
20618,27166,2024-06-24,12.0
20619,27166,2024-07-24,12.0
20620,27166,2024-08-23,12.0
20621,27166,2024-09-22,12.0
20622,27166,2024-10-22,12.0
20623,27166,2024-11-21,12.0
20624,27166,2024-12-21,12.0
20625,27172,2024-02-18,24.0
20626,27172,2024-03-19,24.0
20627,27172,2024-04-18,24.0
20628,27172,2024-05-18,24.0
20629,27172,2024-06-17,24.0
20630,27172,2024-07-17,24.0
20631,27172,2024-08-16,24.0
20632,27172,2024-09-15,24.0
20633,27172,2024-10-15,24.0
20634,27172,2024-11-14,24.0
20635,27172,2024-12-14,24.0
20636,27195,2024-04-30,24.0
20637,27195,2024-05-30,24.0
20638,27195,2024-06-29,24.0
20639,27195,2024-07-29,24.0
20640,27195,2024-08-28,24.0
20641,27195,2024-09-27,24.0
20642,27195,2024-10-27,24.0
20643,27195,2024-11-26,24.0
20644,27195,2024-12-26,24.0
20645,27207,2024-03-23,12.0
20646,27207,2024-04-22,12.0
20647,27207,2024-05-22,12.0
20648,27207,2024-06-21,12.0
20649,27207,2024-07-21,12.0
20650,27207,2024-08-20,12.0
20651,27207,2024-09-19,12.0
20652,27207,2024-10-19,12.0
20653,27207,2024-11-18,12.0
20654,27207,2024-12-18,12.0
20655,27208,2024-06-28,12.0
20656,27208,2024-07-28,12.0
20657,27208,2024-08-27,12.0
20658,27208,2024-09-26,12.0
20659,27208,2024-10-26,12.0
20660,27208,2024-11-25,12.0
20661,27208,2024-12-25,12.0
20662,27212,2024-07-02,12.0
20663,27218,2024-10-09,24.0
20664,27218,2024-11-08,24.0
20665,27218,2024-12-08,24.0
20666,27236,2024-10-17,24.0
20667,27237,2024-07-21,12.0
20668,27237,2024-08-20,12.0
20669,27237,2024-09-19,12.0
20670,27237,2024-10-19,12.0
20671,27237,2024-11-18,12.0
20672,27237,2024-12-18,12.0
20673,27239,2024-08-17,12.0
20674,27239,2024-09-16,12.0
20675,27239,2024-10-16,12.0
20676,27239,2024-11-15,12.0
20677,27239,2024-12-15,12.0
20678,27243,2024-07-25,24.0
20679,27245,2024-05-16,12.0
20680,27245,2024-06-15,12.0
20681,27245,2024-07-15,12.0
20682,27245,2024-08-14,12.0
20683,27245,2024-09-13,12.0
20684,27245,2024-10-13,12.0
20685,27245,2024-11-12,12.0
20686,27245,2024-12-12,12.0
20687,27246,2024-10-03,12.0
20688,27246,2024-11-02,12.0
20689,27246,2024-12-02,12.0
20690,27250,2024-10-04,12.0
20691,27256,2024-10-23,24.0
20692,27259,2024-10-20,24.0
20693,27268,2024-01-25,24.0
20694,27274,2024-04-07,12.0
20695,27274,2024-05-07,12.0
20696,27274,2024-06-06,12.0
20697,27274,2024-07-06,12.0
20698,27274,2024-08-05,12.0
20699,27274,2024-09-04,12.0
20700,27274,2024-10-04,12.0
20701,27274,2024-11-03,12.0
20702,27274,2024-12-03,12.0
20703,27285,2024-04-24,12.0
20704,27291,2024-06-22,12.0
20705,27291,2024-07-22,12.0
20706,27291,2024-08-21,12.0
20707,27291,2024-09-20,12.0
20708,27291,2024-10-20,12.0
20709,27291,2024-11-19,12.0
20710,27291,2024-12-19,12.0
20711,27299,2024-07-16,12.0
20712,27299,2024-08-15,12.0
20713,27299,2024-09-14,12.0
20714,27299,2024-10-14,12.0
20715,27299,2024-11-13,12.0
20716,27299,2024-12-13,12.0
20717,27300,2024-10-29,12.0
20718,27300,2024-11-28,12.0
20719,27300,2024-12-28,12.0
20720,27304,2024-07-18,12.0
20721,27329,2024-09-19,12.0
20722,27334,2024-12-28,24.0
20723,27335,2024-11-23,12.0
20724,27335,2024-12-23,12.0
20725,27343,2024-07-26,24.0
20726,27343,2024-08-25,24.0
20727,27343,2024-09-24,24.0
20728,27343,2024-10-24,24.0
20729,27343,2024-11-23,24.0
20730,27343,2024-12-23,24.0
20731,27345,2025-01-08,24.0
20732,27351,2024-09-12,12.0
20733,27351,2024-10-12,12.0
20734,27351,2024-11-11,12.0
20735,27351,2024-12-11,12.0
20736,27353,2024-03-19,12.0
20737,27353,2024-04-18,12.0
20738,27353,2024-05-18,12.0
20739,27353,2024-06-17,12.0
20740,27353,2024-07-17,12.0
20741,27353,2024-08-16,12.0
20742,27353,2024-09-15,12.0
20743,27353,2024-10-15,12.0
20744,27353,2024-11-14,12.0
20745,27353,2024-12-14,12.0
20746,27356,2024-07-31,12.0
20747,27360,2024-03-13,24.0
20748,27364,2024-12-03,12.0
20749,27365,2024-07-13,12.0
20750,27365,2024-08-12,12.0
20751,27365,2024-09-11,12.0
20752,27365,2024-10-11,12.0
20753,27365,2024-11-10,12.0
20754,27365,2024-12-10,12.0
20755,27372,2024-02-01,12.0
20756,27372,2024-03-02,12.0
20757,27372,2024-04-01,12.0
20758,27372,2024-05-01,12.0
20759,27372,2024-05-31,12.0
20760,27372,2024-06-30,12.0
20761,27372,2024-07-30,12.0
20762,27372,2024-08-29,12.0
20763,27372,2024-09-28,12.0
20764,27372,2024-10-28,12.0
20765,27372,2024-11-27,12.0
20766,27372,2024-12-27,12.0
20767,27386,2024-03-10,12.0
20768,27386,2024-04-09,12.0
20769,27386,2024-05-09,12.0
20770,27386,2024-06-08,12.0
20771,27386,2024-07-08,12.0
20772,27386,2024-08-07,12.0
20773,27386,2024-09-06,12.0
20774,27386,2024-10-06,12.0
20775,27386,2024-11-05,12.0
20776,27386,2024-12-05,12.0
20777,27388,2024-07-14,24.0
20778,27389,2025-01-08,12.0
20779,27406,2024-08-15,12.0
20780,27406,2024-09-14,12.0
20781,27406,2024-10-14,12.0
20782,27406,2024-11-13,12.0
20783,27406,2024-12-13,12.0
20784,27408,2024-02-05,12.0
20785,27413,2024-12-26,12.0
20786,27415,2024-12-27,24.0
20787,27430,2024-10-11,12.0
20788,27442,2024-08-26,12.0
20789,27442,2024-09-25,12.0
20790,27442,2024-10-25,12.0
20791,27442,2024-11-24,12.0
20792,27442,2024-12-24,12.0
20793,27448,2024-04-17,24.0
20794,27454,2024-03-28,12.0
20795,27454,2024-04-27,12.0
20796,27454,2024-05-27,12.0
20797,27454,2024-06-26,12.0
20798,27454,2024-07-26,12.0
20799,27454,2024-08-25,12.0
20800,27454,2024-09-24,12.0
20801,27454,2024-10-24,12.0
20802,27454,2024-11-23,12.0
20803,27454,2024-12-23,12.0
20804,27459,2024-09-18,24.0
20805,27459,2024-10-18,24.0
20806,27459,2024-11-17,24.0
20807,27459,2024-12-17,24.0
20808,27466,2024-08-02,24.0
20809,27474,2024-03-18,12.0
20810,27474,2024-04-17,12.0
20811,27474,2024-05-17,12.0
20812,27474,2024-06-16,12.0
20813,27474,2024-07-16,12.0
20814,27474,2024-08-15,12.0
20815,27474,2024-09-14,12.0
20816,27474,2024-10-14,12.0
20817,27474,2024-11-13,12.0
20818,27474,2024-12-13,12.0
20819,27482,2024-10-03,12.0
20820,27482,2024-11-02,12.0
20821,27482,2024-12-02,12.0
20822,27488,2024-09-10,12.0
20823,27488,2024-10-10,12.0
20824,27488,2024-11-09,12.0
20825,27488,2024-12-09,12.0
20826,27494,2024-07-04,12.0
20827,27494,2024-08-03,12.0
20828,27494,2024-09-02,12.0
20829,27494,2024-10-02,12.0
20830,27494,2024-11-01,12.0
20831,27494,2024-12-01,12.0
20832,27494,2024-12-31,12.0
20833,27496,2024-06-15,12.0
20834,27496,2024-07-15,12.0
20835,27496,2024-08-14,12.0
20836,27496,2024-09-13,12.0
20837,27496,2024-10-13,12.0
20838,27496,2024-11-12,12.0
20839,27496,2024-12-12,12.0
20840,27497,2024-04-12,24.0
20841,27507,2024-10-16,12.0
20842,27514,2024-09-11,12.0
20843,27514,2024-10-11,12.0
20844,27514,2024-11-10,12.0
20845,27514,2024-12-10,12.0
20846,27519,2024-12-24,12.0
20847,27523,2024-01-29,24.0
20848,27523,2024-02-28,24.0
20849,27523,2024-03-29,24.0
20850,27523,2024-04-28,24.0
20851,27523,2024-05-28,24.0
20852,27523,2024-06-27,24.0
20853,27523,2024-07-27,24.0
20854,27523,2024-08-26,24.0
20855,27523,2024-09-25,24.0
20856,27523,2024-10-25,24.0
20857,27523,2024-11-24,24.0
20858,27523,2024-12-24,24.0
20859,27546,2025-01-14,12.0
20860,27547,2024-07-13,24.0
20861,27552,2024-05-17,24.0
20862,27552,2024-06-16,24.0
20863,27552,2024-07-16,24.0
20864,27552,2024-08-15,24.0
20865,27552,2024-09-14,24.0
20866,27552,2024-10-14,24.0
20867,27552,2024-11-13,24.0
20868,27552,2024-12-13,24.0
20869,27555,2024-05-23,12.0
20870,27555,2024-06-22,12.0
20871,27555,2024-07-22,12.0
20872,27555,2024-08-21,12.0
20873,27555,2024-09-20,12.0
20874,27555,2024-10-20,12.0
20875,27555,2024-11-19,12.0
20876,27555,2024-12-19,12.0
20877,27556,2024-06-26,12.0
20878,27565,2024-06-27,24.0
20879,27565,2024-07-27,24.0
20880,27565,2024-08-26,24.0
20881,27565,2024-09-25,24.0
20882,27565,2024-10-25,24.0
20883,27565,2024-11-24,24.0
20884,27565,2024-12-24,24.0
20885,27572,2024-05-07,12.0
20886,27574,2024-08-15,12.0
20887,27582,2024-09-10,12.0
20888,27587,2024-03-26,12.0
20889,27587,2024-04-25,12.0
20890,27587,2024-05-25,12.0
20891,27587,2024-06-24,12.0
20892,27587,2024-07-24,12.0
20893,27587,2024-08-23,12.0
20894,27587,2024-09-22,12.0
20895,27587,2024-10-22,12.0
20896,27587,2024-11-21,12.0
20897,27587,2024-12-21,12.0
20898,27595,2024-12-29,12.0
20899,27605,2024-10-16,12.0
20900,27609,2024-03-05,12.0
20901,27609,2024-04-04,12.0
20902,27609,2024-05-04,12.0
20903,27609,2024-06-03,12.0
20904,27609,2024-07-03,12.0
20905,27609,2024-08-02,12.0
20906,27609,2024-09-01,12.0
20907,27609,2024-10-01,12.0
20908,27609,2024-10-31,12.0
20909,27609,2024-11-30,12.0
20910,27609,2024-12-30,12.0
20911,27614,2024-03-22,24.0
20912,27614,2024-04-21,24.0
20913,27614,2024-05-21,24.0
20914,27614,2024-06-20,24.0
20915,27614,2024-07-20,24.0
20916,27614,2024-08-19,24.0
20917,27614,2024-09-18,24.0
20918,27614,2024-10-18,24.0
20919,27614,2024-11-17,24.0
20920,27614,2024-12-17,24.0
20921,27617,2024-10-16,12.0
20922,27617,2024-11-15,12.0
20923,27617,2024-12-15,12.0
20924,27625,2024-04-05,12.0
20925,27635,2024-05-25,12.0
20926,27650,2024-08-22,24.0
20927,27650,2024-09-21,24.0
20928,27650,2024-10-21,24.0
20929,27650,2024-11-20,24.0
20930,27650,2024-12-20,24.0
20931,27653,2024-09-25,12.0
20932,27658,2024-04-07,24.0
20933,27658,2024-05-07,24.0
20934,27658,2024-06-06,24.0
20935,27658,2024-07-06,24.0
20936,27658,2024-08-05,24.0
20937,27658,2024-09-04,24.0
20938,27658,2024-10-04,24.0
20939,27658,2024-11-03,24.0
20940,27658,2024-12-03,24.0
20941,27674,2024-10-12,12.0
20942,27675,2024-03-26,12.0
20943,27680,2024-03-28,24.0
20944,27680,2024-04-27,24.0
20945,27680,2024-05-27,24.0
20946,27680,2024-06-26,24.0
20947,27680,2024-07-26,24.0
20948,27680,2024-08-25,24.0
20949,27680,2024-09-24,24.0
20950,27680,2024-10-24,24.0
20951,27680,2024-11-23,24.0
20952,27680,2024-12-23,24.0
20953,27685,2024-05-13,24.0
20954,27685,2024-06-12,24.0
20955,27685,2024-07-12,24.0
20956,27685,2024-08-11,24.0
20957,27685,2024-09-10,24.0
20958,27685,2024-10-10,24.0
20959,27685,2024-11-09,24.0
20960,27685,2024-12-09,24.0
20961,27694,2025-01-13,12.0
20962,27697,2024-03-29,12.0
20963,27702,2024-05-09,12.0
20964,27704,2024-06-19,12.0
20965,27704,2024-07-19,12.0
20966,27704,2024-08-18,12.0
20967,27704,2024-09-17,12.0
20968,27704,2024-10-17,12.0
20969,27704,2024-11-16,12.0
20970,27704,2024-12-16,12.0
20971,27717,2024-12-26,12.0
20972,27723,2024-01-28,12.0
20973,27725,2024-11-12,12.0
20974,27725,2024-12-12,12.0
20975,27729,2024-11-18,12.0
20976,27729,2024-12-18,12.0
20977,27733,2024-06-11,12.0
20978,27739,2024-12-18,12.0
20979,27750,2024-12-29,12.0
20980,27752,2024-07-08,24.0
20981,27752,2024-08-07,24.0
20982,27752,2024-09-06,24.0
20983,27752,2024-10-06,24.0
20984,27752,2024-11-05,24.0
20985,27752,2024-12-05,24.0
20986,27756,2024-04-09,12.0
20987,27756,2024-05-09,12.0
20988,27756,2024-06-08,12.0
20989,27756,2024-07-08,12.0
20990,27756,2024-08-07,12.0
20991,27756,2024-09-06,12.0
20992,27756,2024-10-06,12.0
20993,27756,2024-11-05,12.0
20994,27756,2024-12-05,12.0
20995,27759,2024-08-29,24.0
20996,27759,2024-09-28,24.0
20997,27759,2024-10-28,24.0
20998,27759,2024-11-27,24.0
20999,27759,2024-12-27,24.0
21000,27768,2024-08-31,12.0
21001,27768,2024-09-30,12.0
21002,27768,2024-10-30,12.0
21003,27768,2024-11-29,12.0
21004,27768,2024-12-29,12.0
21005,27779,2024-04-19,12.0
21006,27779,2024-05-19,12.0
21007,27779,2024-06-18,12.0
21008,27779,2024-07-18,12.0
21009,27779,2024-08-17,12.0
21010,27779,2024-09-16,12.0
21011,27779,2024-10-16,12.0
21012,27779,2024-11-15,12.0
21013,27779,2024-12-15,12.0
21014,27785,2024-05-04,12.0
21015,27791,2025-01-12,12.0
21016,27795,2024-04-15,12.0
21017,27795,2024-05-15,12.0
21018,27795,2024-06-14,12.0
21019,27795,2024-07-14,12.0
21020,27795,2024-08-13,12.0
21021,27795,2024-09-12,12.0
21022,27795,2024-10-12,12.0
21023,27795,2024-11-11,12.0
21024,27795,2024-12-11,12.0
21025,27796,2024-12-07,24.0
21026,27805,2024-08-18,24.0
21027,27805,2024-09-17,24.0
21028,27805,2024-10-17,24.0
21029,27805,2024-11-16,24.0
21030,27805,2024-12-16,24.0
21031,27812,2024-05-02,12.0
21032,27818,2024-01-18,12.0
21033,27819,2024-06-19,12.0
21034,27820,2024-06-12,12.0
21035,27820,2024-07-12,12.0
21036,27820,2024-08-11,12.0
21037,27820,2024-09-10,12.0
21038,27820,2024-10-10,12.0
21039,27820,2024-11-09,12.0
21040,27820,2024-12-09,12.0
21041,27831,2024-12-13,12.0
21042,27834,2024-10-15,24.0
21043,27837,2025-01-02,24.0
21044,27839,2024-06-07,12.0
21045,27840,2024-03-11,24.0
21046,27840,2024-04-10,24.0
21047,27840,2024-05-10,24.0
21048,27840,2024-06-09,24.0
21049,27840,2024-07-09,24.0
21050,27840,2024-08-08,24.0
21051,27840,2024-09-07,24.0
21052,27840,2024-10-07,24.0
21053,27840,2024-11-06,24.0
21054,27840,2024-12-06,24.0
21055,27841,2024-11-12,12.0
21056,27841,2024-12-12,12.0
21057,27846,2024-12-28,12.0
21058,27850,2024-11-20,12.0
21059,27850,2024-12-20,12.0
21060,27851,2024-05-13,12.0
21061,27852,2024-12-03,12.0
21062,27853,2024-08-14,12.0
21063,27853,2024-09-13,12.0
21064,27853,2024-10-13,12.0
21065,27853,2024-11-12,12.0
21066,27853,2024-12-12,12.0
21067,27858,2024-06-28,12.0
21068,27858,2024-07-28,12.0
21069,27858,2024-08-27,12.0
21070,27858,2024-09-26,12.0
21071,27858,2024-10-26,12.0
21072,27858,2024-11-25,12.0
21073,27858,2024-12-25,12.0
21074,27862,2024-04-22,12.0
21075,27862,2024-05-22,12.0
21076,27862,2024-06-21,12.0
21077,27862,2024-07-21,12.0
21078,27862,2024-08-20,12.0
21079,27862,2024-09-19,12.0
21080,27862,2024-10-19,12.0
21081,27862,2024-11-18,12.0
21082,27862,2024-12-18,12.0
21083,27863,2024-09-14,12.0
21084,27864,2024-08-15,24.0
21085,27864,2024-09-14,24.0
21086,27864,2024-10-14,24.0
21087,27864,2024-11-13,24.0
21088,27864,2024-12-13,24.0
21089,27865,2024-04-16,12.0
21090,27865,2024-05-16,12.0
21091,27865,2024-06-15,12.0
21092,27865,2024-07-15,12.0
21093,27865,2024-08-14,12.0
21094,27865,2024-09-13,12.0
21095,27865,2024-10-13,12.0
21096,27865,2024-11-12,12.0
21097,27865,2024-12-12,12.0
21098,27871,2024-02-05,12.0
21099,27871,2024-03-06,12.0
21100,27871,2024-04-05,12.0
21101,27871,2024-05-05,12.0
21102,27871,2024-06-04,12.0
21103,27871,2024-07-04,12.0
21104,27871,2024-08-03,12.0
21105,27871,2024-09-02,12.0
21106,27871,2024-10-02,12.0
21107,27871,2024-11-01,12.0
21108,27871,2024-12-01,12.0
21109,27871,2024-12-31,12.0
21110,27884,2024-03-20,12.0
21111,27884,2024-04-19,12.0
21112,27884,2024-05-19,12.0
21113,27884,2024-06-18,12.0
21114,27884,2024-07-18,12.0
21115,27884,2024-08-17,12.0
21116,27884,2024-09-16,12.0
21117,27884,2024-10-16,12.0
21118,27884,2024-11-15,12.0
21119,27884,2024-12-15,12.0
21120,27888,2024-02-19,12.0
21121,27888,2024-03-20,12.0
21122,27888,2024-04-19,12.0
21123,27888,2024-05-19,12.0
21124,27888,2024-06-18,12.0
21125,27888,2024-07-18,12.0
21126,27888,2024-08-17,12.0
21127,27888,2024-09-16,12.0
21128,27888,2024-10-16,12.0
21129,27888,2024-11-15,12.0
21130,27888,2024-12-15,12.0
21131,27892,2024-06-15,12.0
21132,27892,2024-07-15,12.0
21133,27892,2024-08-14,12.0
21134,27892,2024-09-13,12.0
21135,27892,2024-10-13,12.0
21136,27892,2024-11-12,12.0
21137,27892,2024-12-12,12.0
21138,27893,2024-08-01,24.0
21139,27916,2024-10-29,12.0
21140,27918,2024-02-08,12.0
21141,27921,2024-05-22,24.0
21142,27921,2024-06-21,24.0
21143,27921,2024-07-21,24.0
21144,27921,2024-08-20,24.0
21145,27921,2024-09-19,24.0
21146,27921,2024-10-19,24.0
21147,27921,2024-11-18,24.0
21148,27921,2024-12-18,24.0
21149,27925,2024-07-29,12.0
21150,27925,2024-08-28,12.0
21151,27925,2024-09-27,12.0
21152,27925,2024-10-27,12.0
21153,27925,2024-11-26,12.0
21154,27925,2024-12-26,12.0
21155,27927,2024-03-08,24.0
21156,27927,2024-04-07,24.0
21157,27927,2024-05-07,24.0
21158,27927,2024-06-06,24.0
21159,27927,2024-07-06,24.0
21160,27927,2024-08-05,24.0
21161,27927,2024-09-04,24.0
21162,27927,2024-10-04,24.0
21163,27927,2024-11-03,24.0
21164,27927,2024-12-03,24.0
21165,27933,2024-04-04,12.0
21166,27946,2024-12-13,12.0
21167,27950,2024-04-29,12.0
21168,27952,2024-05-25,12.0
21169,27952,2024-06-24,12.0
21170,27952,2024-07-24,12.0
21171,27952,2024-08-23,12.0
21172,27952,2024-09-22,12.0
21173,27952,2024-10-22,12.0
21174,27952,2024-11-21,12.0
21175,27952,2024-12-21,12.0
21176,27958,2024-04-09,12.0
21177,27958,2024-05-09,12.0
21178,27958,2024-06-08,12.0
21179,27958,2024-07-08,12.0
21180,27958,2024-08-07,12.0
21181,27958,2024-09-06,12.0
21182,27958,2024-10-06,12.0
21183,27958,2024-11-05,12.0
21184,27958,2024-12-05,12.0
21185,27962,2024-12-15,24.0
21186,27963,2024-05-28,12.0
21187,27963,2024-06-27,12.0
21188,27963,2024-07-27,12.0
21189,27963,2024-08-26,12.0
21190,27963,2024-09-25,12.0
21191,27963,2024-10-25,12.0
21192,27963,2024-11-24,12.0
21193,27963,2024-12-24,12.0
21194,27965,2024-02-28,24.0
21195,27965,2024-03-29,24.0
21196,27965,2024-04-28,24.0
21197,27965,2024-05-28,24.0
21198,27965,2024-06-27,24.0
21199,27965,2024-07-27,24.0
21200,27965,2024-08-26,24.0
21201,27965,2024-09-25,24.0
21202,27965,2024-10-25,24.0
21203,27965,2024-11-24,24.0
21204,27965,2024-12-24,24.0
21205,27976,2024-09-26,12.0
21206,27976,2024-10-26,12.0
21207,27976,2024-11-25,12.0
21208,27976,2024-12-25,12.0
21209,27978,2024-10-06,24.0
21210,27978,2024-11-05,24.0
21211,27978,2024-12-05,24.0
21212,27980,2024-12-21,12.0
21213,27987,2024-09-23,12.0
21214,27989,2024-11-16,12.0
21215,27989,2024-12-16,12.0
21216,27990,2024-10-19,12.0
21217,27990,2024-11-18,12.0
21218,27990,2024-12-18,12.0
21219,28005,2025-01-06,24.0
21220,28015,2024-12-23,12.0
21221,28026,2024-09-15,12.0
21222,28026,2024-10-15,12.0
21223,28026,2024-11-14,12.0
21224,28026,2024-12-14,12.0
21225,28033,2024-08-29,12.0
21226,28033,2024-09-28,12.0
21227,28033,2024-10-28,12.0
21228,28033,2024-11-27,12.0
21229,28033,2024-12-27,12.0
21230,28037,2024-08-25,12.0
21231,28037,2024-09-24,12.0
21232,28037,2024-10-24,12.0
21233,28037,2024-11-23,12.0
21234,28037,2024-12-23,12.0
21235,28043,2024-09-20,24.0
21236,28047,2024-12-12,12.0
21237,28050,2024-12-24,12.0
21238,28054,2024-10-07,12.0
21239,28061,2024-07-14,24.0
21240,28062,2024-08-21,24.0
21241,28069,2024-09-15,12.0
21242,28069,2024-10-15,12.0
21243,28069,2024-11-14,12.0
21244,28069,2024-12-14,12.0
21245,28070,2025-01-08,12.0
21246,28073,2024-07-18,24.0
21247,28084,2024-08-20,12.0
21248,28085,2024-12-24,12.0
21249,28086,2024-08-05,12.0
21250,28086,2024-09-04,12.0
21251,28086,2024-10-04,12.0
21252,28086,2024-11-03,12.0
21253,28086,2024-12-03,12.0
21254,28089,2024-07-27,12.0
21255,28089,2024-08-26,12.0
21256,28089,2024-09-25,12.0
21257,28089,2024-10-25,12.0
21258,28089,2024-11-24,12.0
21259,28089,2024-12-24,12.0
21260,28097,2024-08-11,12.0
21261,28097,2024-09-10,12.0
21262,28097,2024-10-10,12.0
21263,28097,2024-11-09,12.0
21264,28097,2024-12-09,12.0
21265,28098,2024-05-28,12.0
21266,28098,2024-06-27,12.0
21267,28098,2024-07-27,12.0
21268,28098,2024-08-26,12.0
21269,28098,2024-09-25,12.0
21270,28098,2024-10-25,12.0
21271,28098,2024-11-24,12.0
21272,28098,2024-12-24,12.0
21273,28101,2024-08-08,24.0
21274,28101,2024-09-07,24.0
21275,28101,2024-10-07,24.0
21276,28101,2024-11-06,24.0
21277,28101,2024-12-06,24.0
21278,28104,2024-04-04,12.0
21279,28104,2024-05-04,12.0
21280,28104,2024-06-03,12.0
21281,28104,2024-07-03,12.0
21282,28104,2024-08-02,12.0
21283,28104,2024-09-01,12.0
21284,28104,2024-10-01,12.0
21285,28104,2024-10-31,12.0
21286,28104,2024-11-30,12.0
21287,28104,2024-12-30,12.0
21288,28105,2024-04-05,24.0
21289,28112,2024-06-21,12.0
21290,28112,2024-07-21,12.0
21291,28112,2024-08-20,12.0
21292,28112,2024-09-19,12.0
21293,28112,2024-10-19,12.0
21294,28112,2024-11-18,12.0
21295,28112,2024-12-18,12.0
21296,28113,2024-01-28,12.0
21297,28115,2024-05-06,12.0
21298,28116,2024-03-03,24.0
21299,28116,2024-04-02,24.0
21300,28116,2024-05-02,24.0
21301,28116,2024-06-01,24.0
21302,28116,2024-07-01,24.0
21303,28116,2024-07-31,24.0
21304,28116,2024-08-30,24.0
21305,28116,2024-09-29,24.0
21306,28116,2024-10-29,24.0
21307,28116,2024-11-28,24.0
21308,28116,2024-12-28,24.0
21309,28124,2024-09-10,12.0
21310,28126,2024-11-18,12.0
21311,28126,2024-12-18,12.0
21312,28127,2024-10-29,12.0
21313,28133,2024-10-29,24.0
21314,28133,2024-11-28,24.0
21315,28133,2024-12-28,24.0
21316,28134,2024-05-31,24.0
21317,28134,2024-06-30,24.0
21318,28134,2024-07-30,24.0
21319,28134,2024-08-29,24.0
21320,28134,2024-09-28,24.0
21321,28134,2024-10-28,24.0
21322,28134,2024-11-27,24.0
21323,28134,2024-12-27,24.0
21324,28141,2024-03-10,12.0
21325,28147,2024-08-08,12.0
21326,28148,2024-08-22,12.0
21327,28148,2024-09-21,12.0
21328,28148,2024-10-21,12.0
21329,28148,2024-11-20,12.0
21330,28148,2024-12-20,12.0
21331,28152,2024-06-28,12.0
21332,28155,2024-07-01,12.0
21333,28161,2024-02-24,12.0
21334,28166,2024-03-05,24.0
21335,28166,2024-04-04,24.0
21336,28166,2024-05-04,24.0
21337,28166,2024-06-03,24.0
21338,28166,2024-07-03,24.0
21339,28166,2024-08-02,24.0
21340,28166,2024-09-01,24.0
21341,28166,2024-10-01,24.0
21342,28166,2024-10-31,24.0
21343,28166,2024-11-30,24.0
21344,28166,2024-12-30,24.0
21345,28174,2024-06-21,12.0
21346,28174,2024-07-21,12.0
21347,28174,2024-08-20,12.0
21348,28174,2024-09-19,12.0
21349,28174,2024-10-19,12.0
21350,28174,2024-11-18,12.0
21351,28174,2024-12-18,12.0
21352,28175,2024-01-22,12.0
21353,28175,2024-02-21,12.0
21354,28175,2024-03-22,12.0
21355,28175,2024-04-21,12.0
21356,28175,2024-05-21,12.0
21357,28175,2024-06-20,12.0
21358,28175,2024-07-20,12.0
21359,28175,2024-08-19,12.0
21360,28175,2024-09-18,12.0
21361,28175,2024-10-18,12.0
21362,28175,2024-11-17,12.0
21363,28175,2024-12-17,12.0
21364,28176,2024-01-24,24.0
21365,28176,2024-02-23,24.0
21366,28176,2024-03-24,24.0
21367,28176,2024-04-23,24.0
21368,28176,2024-05-23,24.0
21369,28176,2024-06-22,24.0
21370,28176,2024-07-22,24.0
21371,28176,2024-08-21,24.0
21372,28176,2024-09-20,24.0
21373,28176,2024-10-20,24.0
21374,28176,2024-11-19,24.0
21375,28176,2024-12-19,24.0
21376,28202,2024-03-05,24.0
21377,28202,2024-04-04,24.0
21378,28202,2024-05-04,24.0
21379,28202,2024-06-03,24.0
21380,28202,2024-07-03,24.0
21381,28202,2024-08-02,24.0
21382,28202,2024-09-01,24.0
21383,28202,2024-10-01,24.0
21384,28202,2024-10-31,24.0
21385,28202,2024-11-30,24.0
21386,28202,2024-12-30,24.0
21387,28204,2024-01-28,12.0
21388,28209,2025-01-07,12.0
21389,28212,2024-02-05,12.0
21390,28214,2024-05-16,12.0
21391,28228,2024-04-12,12.0
21392,28232,2025-01-07,24.0
21393,28233,2024-05-22,12.0
21394,28238,2025-01-12,12.0
21395,28243,2024-05-04,12.0
21396,28243,2024-06-03,12.0
21397,28243,2024-07-03,12.0
21398,28243,2024-08-02,12.0
21399,28243,2024-09-01,12.0
21400,28243,2024-10-01,12.0
21401,28243,2024-10-31,12.0
21402,28243,2024-11-30,12.0
21403,28243,2024-12-30,12.0
21404,28250,2024-02-10,12.0
21405,28250,2024-03-11,12.0
21406,28250,2024-04-10,12.0
21407,28250,2024-05-10,12.0
21408,28250,2024-06-09,12.0
21409,28250,2024-07-09,12.0
21410,28250,2024-08-08,12.0
21411,28250,2024-09-07,12.0
21412,28250,2024-10-07,12.0
21413,28250,2024-11-06,12.0
21414,28250,2024-12-06,12.0
21415,28263,2024-03-27,12.0
21416,28263,2024-04-26,12.0
21417,28263,2024-05-26,12.0
21418,28263,2024-06-25,12.0
21419,28263,2024-07-25,12.0
21420,28263,2024-08-24,12.0
21421,28263,2024-09-23,12.0
21422,28263,2024-10-23,12.0
21423,28263,2024-11-22,12.0
21424,28263,2024-12-22,12.0
21425,28268,2024-02-12,12.0
21426,28268,2024-03-13,12.0
21427,28268,2024-04-12,12.0
21428,28268,2024-05-12,12.0
21429,28268,2024-06-11,12.0
21430,28268,2024-07-11,12.0
21431,28268,2024-08-10,12.0
21432,28268,2024-09-09,12.0
21433,28268,2024-10-09,12.0
21434,28268,2024-11-08,12.0
21435,28268,2024-12-08,12.0
21436,28271,2024-09-19,12.0
21437,28271,2024-10-19,12.0
21438,28271,2024-11-18,12.0
21439,28271,2024-12-18,12.0
21440,28272,2024-09-21,12.0
21441,28272,2024-10-21,12.0
21442,28272,2024-11-20,12.0
21443,28272,2024-12-20,12.0
21444,28274,2024-10-16,12.0
21445,28278,2024-12-03,24.0
21446,28286,2024-06-09,12.0
21447,28289,2024-09-22,12.0
21448,28292,2024-01-22,12.0
21449,28292,2024-02-21,12.0
21450,28292,2024-03-22,12.0
21451,28292,2024-04-21,12.0
21452,28292,2024-05-21,12.0
21453,28292,2024-06-20,12.0
21454,28292,2024-07-20,12.0
21455,28292,2024-08-19,12.0
21456,28292,2024-09-18,12.0
21457,28292,2024-10-18,12.0
21458,28292,2024-11-17,12.0
21459,28292,2024-12-17,12.0
21460,28296,2024-11-29,24.0
21461,28296,2024-12-29,24.0
21462,28303,2024-06-04,24.0
21463,28305,2024-08-26,24.0
21464,28310,2024-11-21,12.0
21465,28314,2024-10-28,24.0
21466,28317,2024-08-16,12.0
21467,28326,2024-04-29,24.0
21468,28326,2024-05-29,24.0
21469,28326,2024-06-28,24.0
21470,28326,2024-07-28,24.0
21471,28326,2024-08-27,24.0
21472,28326,2024-09-26,24.0
21473,28326,2024-10-26,24.0
21474,28326,2024-11-25,24.0
21475,28326,2024-12-25,24.0
21476,28328,2024-12-12,12.0
21477,28332,2024-03-28,12.0
21478,28333,2024-12-28,24.0
21479,28334,2024-12-12,12.0
21480,28339,2024-01-20,12.0
21481,28339,2024-02-19,12.0
21482,28339,2024-03-20,12.0
21483,28339,2024-04-19,12.0
21484,28339,2024-05-19,12.0
21485,28339,2024-06-18,12.0
21486,28339,2024-07-18,12.0
21487,28339,2024-08-17,12.0
21488,28339,2024-09-16,12.0
21489,28339,2024-10-16,12.0
21490,28339,2024-11-15,12.0
21491,28339,2024-12-15,12.0
21492,28342,2024-10-26,12.0
21493,28342,2024-11-25,12.0
21494,28342,2024-12-25,12.0
21495,28343,2024-07-14,24.0
21496,28343,2024-08-13,24.0
21497,28343,2024-09-12,24.0
21498,28343,2024-10-12,24.0
21499,28343,2024-11-11,24.0
21500,28343,2024-12-11,24.0
21501,28348,2024-06-02,24.0
21502,28348,2024-07-02,24.0
21503,28348,2024-08-01,24.0
21504,28348,2024-08-31,24.0
21505,28348,2024-09-30,24.0
21506,28348,2024-10-30,24.0
21507,28348,2024-11-29,24.0
21508,28348,2024-12-29,24.0
21509,28352,2024-07-08,24.0
21510,28365,2024-12-10,12.0
21511,28373,2024-06-28,12.0
21512,28375,2024-07-25,24.0
21513,28376,2024-05-31,24.0
21514,28381,2024-09-11,12.0
21515,28381,2024-10-11,12.0
21516,28381,2024-11-10,12.0
21517,28381,2024-12-10,12.0
21518,28383,2024-09-10,12.0
21519,28384,2024-10-17,12.0
21520,28387,2024-03-01,24.0
21521,28387,2024-03-31,24.0
21522,28387,2024-04-30,24.0
21523,28387,2024-05-30,24.0
21524,28387,2024-06-29,24.0
21525,28387,2024-07-29,24.0
21526,28387,2024-08-28,24.0
21527,28387,2024-09-27,24.0
21528,28387,2024-10-27,24.0
21529,28387,2024-11-26,24.0
21530,28387,2024-12-26,24.0
21531,28396,2024-08-30,12.0
21532,28396,2024-09-29,12.0
21533,28396,2024-10-29,12.0
21534,28396,2024-11-28,12.0
21535,28396,2024-12-28,12.0
21536,28398,2024-12-22,12.0
21537,28401,2024-10-01,12.0
21538,28401,2024-10-31,12.0
21539,28401,2024-11-30,12.0
21540,28401,2024-12-30,12.0
21541,28403,2024-11-01,12.0
21542,28403,2024-12-01,12.0
21543,28403,2024-12-31,12.0
21544,28411,2024-10-11,12.0
21545,28416,2024-02-12,12.0
21546,28417,2024-10-06,12.0
21547,28417,2024-11-05,12.0
21548,28417,2024-12-05,12.0
21549,28424,2024-08-19,24.0
21550,28426,2024-03-24,12.0
21551,28426,2024-04-23,12.0
21552,28426,2024-05-23,12.0
21553,28426,2024-06-22,12.0
21554,28426,2024-07-22,12.0
21555,28426,2024-08-21,12.0
21556,28426,2024-09-20,12.0
21557,28426,2024-10-20,12.0
21558,28426,2024-11-19,12.0
21559,28426,2024-12-19,12.0
21560,28428,2024-12-16,24.0
21561,28431,2024-04-24,12.0
21562,28431,2024-05-24,12.0
21563,28431,2024-06-23,12.0
21564,28431,2024-07-23,12.0
21565,28431,2024-08-22,12.0
21566,28431,2024-09-21,12.0
21567,28431,2024-10-21,12.0
21568,28431,2024-11-20,12.0
21569,28431,2024-12-20,12.0
21570,28437,2025-01-10,12.0
21571,28449,2024-08-20,24.0
21572,28464,2024-09-14,24.0
21573,28467,2024-06-26,12.0
21574,28473,2025-01-13,12.0
21575,28474,2024-03-16,12.0
21576,28474,2024-04-15,12.0
21577,28474,2024-05-15,12.0
21578,28474,2024-06-14,12.0
21579,28474,2024-07-14,12.0
21580,28474,2024-08-13,12.0
21581,28474,2024-09-12,12.0
21582,28474,2024-10-12,12.0
21583,28474,2024-11-11,12.0
21584,28474,2024-12-11,12.0
21585,28480,2024-10-17,12.0
21586,28480,2024-11-16,12.0
21587,28480,2024-12-16,12.0
21588,28481,2024-05-21,12.0
21589,28482,2024-11-03,12.0
21590,28482,2024-12-03,12.0
21591,28502,2024-10-28,24.0
21592,28502,2024-11-27,24.0
21593,28502,2024-12-27,24.0
21594,28503,2024-10-20,12.0
21595,28503,2024-11-19,12.0
21596,28503,2024-12-19,12.0
21597,28513,2024-08-04,12.0
21598,28513,2024-09-03,12.0
21599,28513,2024-10-03,12.0
21600,28513,2024-11-02,12.0
21601,28513,2024-12-02,12.0
21602,28529,2024-05-14,12.0
21603,28529,2024-06-13,12.0
21604,28529,2024-07-13,12.0
21605,28529,2024-08-12,12.0
21606,28529,2024-09-11,12.0
21607,28529,2024-10-11,12.0
21608,28529,2024-11-10,12.0
21609,28529,2024-12-10,12.0
21610,28541,2024-03-01,24.0
21611,28541,2024-03-31,24.0
21612,28541,2024-04-30,24.0
21613,28541,2024-05-30,24.0
21614,28541,2024-06-29,24.0
21615,28541,2024-07-29,24.0
21616,28541,2024-08-28,24.0
21617,28541,2024-09-27,24.0
21618,28541,2024-10-27,24.0
21619,28541,2024-11-26,24.0
21620,28541,2024-12-26,24.0
21621,28544,2024-12-30,12.0
21622,28545,2024-08-02,12.0
21623,28545,2024-09-01,12.0
21624,28545,2024-10-01,12.0
21625,28545,2024-10-31,12.0
21626,28545,2024-11-30,12.0
21627,28545,2024-12-30,12.0
21628,28556,2024-05-17,12.0
21629,28556,2024-06-16,12.0
21630,28556,2024-07-16,12.0
21631,28556,2024-08-15,12.0
21632,28556,2024-09-14,12.0
21633,28556,2024-10-14,12.0
21634,28556,2024-11-13,12.0
21635,28556,2024-12-13,12.0
21636,28558,2024-07-28,24.0
21637,28558,2024-08-27,24.0
21638,28558,2024-09-26,24.0
21639,28558,2024-10-26,24.0
21640,28558,2024-11-25,24.0
21641,28558,2024-12-25,24.0
21642,28559,2024-12-13,12.0
21643,28572,2024-01-23,12.0
21644,28587,2024-10-21,12.0
21645,28589,2024-08-28,12.0
21646,28596,2024-09-15,24.0
21647,28596,2024-10-15,24.0
21648,28596,2024-11-14,24.0
21649,28596,2024-12-14,24.0
21650,28598,2024-06-21,12.0
21651,28598,2024-07-21,12.0
21652,28598,2024-08-20,12.0
21653,28598,2024-09-19,12.0
21654,28598,2024-10-19,12.0
21655,28598,2024-11-18,12.0
21656,28598,2024-12-18,12.0
21657,28605,2024-05-02,12.0
21658,28610,2024-11-26,12.0
21659,28610,2024-12-26,12.0
21660,28613,2024-06-13,12.0
21661,28618,2024-02-10,12.0
21662,28618,2024-03-11,12.0
21663,28618,2024-04-10,12.0
21664,28618,2024-05-10,12.0
21665,28618,2024-06-09,12.0
21666,28618,2024-07-09,12.0
21667,28618,2024-08-08,12.0
21668,28618,2024-09-07,12.0
21669,28618,2024-10-07,12.0
21670,28618,2024-11-06,12.0
21671,28618,2024-12-06,12.0
21672,28620,2024-03-27,24.0
21673,28620,2024-04-26,24.0
21674,28620,2024-05-26,24.0
21675,28620,2024-06-25,24.0
21676,28620,2024-07-25,24.0
21677,28620,2024-08-24,24.0
21678,28620,2024-09-23,24.0
21679,28620,2024-10-23,24.0
21680,28620,2024-11-22,24.0
21681,28620,2024-12-22,24.0
21682,28621,2024-12-23,24.0
21683,28646,2024-05-12,12.0
21684,28649,2024-07-03,12.0
21685,28649,2024-08-02,12.0
21686,28649,2024-09-01,12.0
21687,28649,2024-10-01,12.0
21688,28649,2024-10-31,12.0
21689,28649,2024-11-30,12.0
21690,28649,2024-12-30,12.0
21691,28650,2024-04-14,12.0
21692,28650,2024-05-14,12.0
21693,28650,2024-06-13,12.0
21694,28650,2024-07-13,12.0
21695,28650,2024-08-12,12.0
21696,28650,2024-09-11,12.0
21697,28650,2024-10-11,12.0
21698,28650,2024-11-10,12.0
21699,28650,2024-12-10,12.0
21700,28659,2024-12-23,12.0
21701,28662,2024-10-23,12.0
21702,28664,2024-03-29,24.0
21703,28673,2024-07-20,24.0
21704,28673,2024-08-19,24.0
21705,28673,2024-09-18,24.0
21706,28673,2024-10-18,24.0
21707,28673,2024-11-17,24.0
21708,28673,2024-12-17,24.0
21709,28674,2024-12-01,12.0
21710,28674,2024-12-31,12.0
21711,28678,2024-02-07,12.0
21712,28678,2024-03-08,12.0
21713,28678,2024-04-07,12.0
21714,28678,2024-05-07,12.0
21715,28678,2024-06-06,12.0
21716,28678,2024-07-06,12.0
21717,28678,2024-08-05,12.0
21718,28678,2024-09-04,12.0
21719,28678,2024-10-04,12.0
21720,28678,2024-11-03,12.0
21721,28678,2024-12-03,12.0
21722,28679,2024-09-04,12.0
21723,28679,2024-10-04,12.0
21724,28679,2024-11-03,12.0
21725,28679,2024-12-03,12.0
21726,28680,2024-05-17,24.0
21727,28680,2024-06-16,24.0
21728,28680,2024-07-16,24.0
21729,28680,2024-08-15,24.0
21730,28680,2024-09-14,24.0
21731,28680,2024-10-14,24.0
21732,28680,2024-11-13,24.0
21733,28680,2024-12-13,24.0
21734,28682,2024-07-28,12.0
21735,28682,2024-08-27,12.0
21736,28682,2024-09-26,12.0
21737,28682,2024-10-26,12.0
21738,28682,2024-11-25,12.0
21739,28682,2024-12-25,12.0
21740,28691,2024-10-02,12.0
21741,28691,2024-11-01,12.0
21742,28691,2024-12-01,12.0
21743,28691,2024-12-31,12.0
21744,28695,2025-01-04,12.0
21745,28716,2024-05-15,12.0
21746,28716,2024-06-14,12.0
21747,28716,2024-07-14,12.0
21748,28716,2024-08-13,12.0
21749,28716,2024-09-12,12.0
21750,28716,2024-10-12,12.0
21751,28716,2024-11-11,12.0
21752,28716,2024-12-11,12.0
21753,28719,2024-10-10,12.0
21754,28719,2024-11-09,12.0
21755,28719,2024-12-09,12.0
21756,28722,2024-03-08,24.0
21757,28722,2024-04-07,24.0
21758,28722,2024-05-07,24.0
21759,28722,2024-06-06,24.0
21760,28722,2024-07-06,24.0
21761,28722,2024-08-05,24.0
21762,28722,2024-09-04,24.0
21763,28722,2024-10-04,24.0
21764,28722,2024-11-03,24.0
21765,28722,2024-12-03,24.0
21766,28728,2024-05-26,12.0
21767,28728,2024-06-25,12.0
21768,28728,2024-07-25,12.0
21769,28728,2024-08-24,12.0
21770,28728,2024-09-23,12.0
21771,28728,2024-10-23,12.0
21772,28728,2024-11-22,12.0
21773,28728,2024-12-22,12.0
21774,28734,2024-06-14,12.0
21775,28739,2024-11-28,24.0
21776,28739,2024-12-28,24.0
21777,28742,2024-01-30,24.0
21778,28742,2024-02-29,24.0
21779,28742,2024-03-30,24.0
21780,28742,2024-04-29,24.0
21781,28742,2024-05-29,24.0
21782,28742,2024-06-28,24.0
21783,28742,2024-07-28,24.0
21784,28742,2024-08-27,24.0
21785,28742,2024-09-26,24.0
21786,28742,2024-10-26,24.0
21787,28742,2024-11-25,24.0
21788,28742,2024-12-25,24.0
21789,28743,2024-02-23,12.0
21790,28743,2024-03-24,12.0
21791,28743,2024-04-23,12.0
21792,28743,2024-05-23,12.0
21793,28743,2024-06-22,12.0
21794,28743,2024-07-22,12.0
21795,28743,2024-08-21,12.0
21796,28743,2024-09-20,12.0
21797,28743,2024-10-20,12.0
21798,28743,2024-11-19,12.0
21799,28743,2024-12-19,12.0
21800,28744,2024-04-18,12.0
21801,28744,2024-05-18,12.0
21802,28744,2024-06-17,12.0
21803,28744,2024-07-17,12.0
21804,28744,2024-08-16,12.0
21805,28744,2024-09-15,12.0
21806,28744,2024-10-15,12.0
21807,28744,2024-11-14,12.0
21808,28744,2024-12-14,12.0
21809,28749,2024-11-23,12.0
21810,28749,2024-12-23,12.0
21811,28754,2024-08-02,12.0
21812,28761,2024-09-08,12.0
21813,28766,2024-02-29,24.0
21814,28766,2024-03-30,24.0
21815,28766,2024-04-29,24.0
21816,28766,2024-05-29,24.0
21817,28766,2024-06-28,24.0
21818,28766,2024-07-28,24.0
21819,28766,2024-08-27,24.0
21820,28766,2024-09-26,24.0
21821,28766,2024-10-26,24.0
21822,28766,2024-11-25,24.0
21823,28766,2024-12-25,24.0
21824,28770,2024-07-01,24.0
21825,28773,2024-12-15,24.0
21826,28777,2024-07-18,12.0
21827,28785,2024-05-24,12.0
21828,28785,2024-06-23,12.0
21829,28785,2024-07-23,12.0
21830,28785,2024-08-22,12.0
21831,28785,2024-09-21,12.0
21832,28785,2024-10-21,12.0
21833,28785,2024-11-20,12.0
21834,28785,2024-12-20,12.0
21835,28787,2024-02-11,24.0
21836,28787,2024-03-12,24.0
21837,28787,2024-04-11,24.0
21838,28787,2024-05-11,24.0
21839,28787,2024-06-10,24.0
21840,28787,2024-07-10,24.0
21841,28787,2024-08-09,24.0
21842,28787,2024-09-08,24.0
21843,28787,2024-10-08,24.0
21844,28787,2024-11-07,24.0
21845,28787,2024-12-07,24.0
21846,28789,2024-06-14,12.0
21847,28801,2024-06-07,24.0
21848,28801,2024-07-07,24.0
21849,28801,2024-08-06,24.0
21850,28801,2024-09-05,24.0
21851,28801,2024-10-05,24.0
21852,28801,2024-11-04,24.0
21853,28801,2024-12-04,24.0
21854,28802,2024-04-16,12.0
21855,28802,2024-05-16,12.0
21856,28802,2024-06-15,12.0
21857,28802,2024-07-15,12.0
21858,28802,2024-08-14,12.0
21859,28802,2024-09-13,12.0
21860,28802,2024-10-13,12.0
21861,28802,2024-11-12,12.0
21862,28802,2024-12-12,12.0
21863,28803,2024-03-09,12.0
21864,28803,2024-04-08,12.0
21865,28803,2024-05-08,12.0
21866,28803,2024-06-07,12.0
21867,28803,2024-07-07,12.0
21868,28803,2024-08-06,12.0
21869,28803,2024-09-05,12.0
21870,28803,2024-10-05,12.0
21871,28803,2024-11-04,12.0
21872,28803,2024-12-04,12.0
21873,28805,2024-01-22,24.0
21874,28805,2024-02-21,24.0
21875,28805,2024-03-22,24.0
21876,28805,2024-04-21,24.0
21877,28805,2024-05-21,24.0
21878,28805,2024-06-20,24.0
21879,28805,2024-07-20,24.0
21880,28805,2024-08-19,24.0
21881,28805,2024-09-18,24.0
21882,28805,2024-10-18,24.0
21883,28805,2024-11-17,24.0
21884,28805,2024-12-17,24.0
21885,28809,2024-05-15,24.0
21886,28809,2024-06-14,24.0
21887,28809,2024-07-14,24.0
21888,28809,2024-08-13,24.0
21889,28809,2024-09-12,24.0
21890,28809,2024-10-12,24.0
21891,28809,2024-11-11,24.0
21892,28809,2024-12-11,24.0
21893,28826,2024-09-06,24.0
21894,28826,2024-10-06,24.0
21895,28826,2024-11-05,24.0
21896,28826,2024-12-05,24.0
21897,28846,2024-12-25,12.0
21898,28849,2024-12-02,12.0
21899,28857,2024-06-26,12.0
21900,28870,2024-02-06,12.0
21901,28880,2024-09-20,12.0
21902,28883,2024-05-26,12.0
21903,28883,2024-06-25,12.0
21904,28883,2024-07-25,12.0
21905,28883,2024-08-24,12.0
21906,28883,2024-09-23,12.0
21907,28883,2024-10-23,12.0
21908,28883,2024-11-22,12.0
21909,28883,2024-12-22,12.0
21910,28886,2024-09-27,12.0
21911,28886,2024-10-27,12.0
21912,28886,2024-11-26,12.0
21913,28886,2024-12-26,12.0
21914,28891,2024-09-15,12.0
21915,28897,2024-07-19,12.0
21916,28897,2024-08-18,12.0
21917,28897,2024-09-17,12.0
21918,28897,2024-10-17,12.0
21919,28897,2024-11-16,12.0
21920,28897,2024-12-16,12.0
21921,28902,2024-08-25,12.0
21922,28902,2024-09-24,12.0
21923,28902,2024-10-24,12.0
21924,28902,2024-11-23,12.0
21925,28902,2024-12-23,12.0
21926,28903,2024-08-15,12.0
21927,28903,2024-09-14,12.0
21928,28903,2024-10-14,12.0
21929,28903,2024-11-13,12.0
21930,28903,2024-12-13,12.0
21931,28907,2024-04-17,12.0
21932,28908,2024-10-13,24.0
21933,28912,2024-02-05,24.0
21934,28914,2024-03-09,24.0
21935,28914,2024-04-08,24.0
21936,28914,2024-05-08,24.0
21937,28914,2024-06-07,24.0
21938,28914,2024-07-07,24.0
21939,28914,2024-08-06,24.0
21940,28914,2024-09-05,24.0
21941,28914,2024-10-05,24.0
21942,28914,2024-11-04,24.0
21943,28914,2024-12-04,24.0
21944,28918,2024-06-03,24.0
21945,28919,2024-11-20,24.0
21946,28925,2024-06-14,12.0
21947,28933,2024-10-06,12.0
21948,28933,2024-11-05,12.0
21949,28933,2024-12-05,12.0
21950,28935,2024-12-18,24.0
21951,28938,2024-10-13,12.0
21952,28942,2024-01-29,24.0
21953,28942,2024-02-28,24.0
21954,28942,2024-03-29,24.0
21955,28942,2024-04-28,24.0
21956,28942,2024-05-28,24.0
21957,28942,2024-06-27,24.0
21958,28942,2024-07-27,24.0
21959,28942,2024-08-26,24.0
21960,28942,2024-09-25,24.0
21961,28942,2024-10-25,24.0
21962,28942,2024-11-24,24.0
21963,28942,2024-12-24,24.0
21964,28947,2024-03-02,24.0
21965,28947,2024-04-01,24.0
21966,28947,2024-05-01,24.0
21967,28947,2024-05-31,24.0
21968,28947,2024-06-30,24.0
21969,28947,2024-07-30,24.0
21970,28947,2024-08-29,24.0
21971,28947,2024-09-28,24.0
21972,28947,2024-10-28,24.0
21973,28947,2024-11-27,24.0
21974,28947,2024-12-27,24.0
21975,28959,2024-01-18,12.0
21976,28959,2024-02-17,12.0
21977,28959,2024-03-18,12.0
21978,28959,2024-04-17,12.0
21979,28959,2024-05-17,12.0
21980,28959,2024-06-16,12.0
21981,28959,2024-07-16,12.0
21982,28959,2024-08-15,12.0
21983,28959,2024-09-14,12.0
21984,28959,2024-10-14,12.0
21985,28959,2024-11-13,12.0
21986,28959,2024-12-13,12.0
21987,28969,2024-12-12,12.0
21988,28978,2024-01-25,12.0
21989,28978,2024-02-24,12.0
21990,28978,2024-03-25,12.0
21991,28978,2024-04-24,12.0
21992,28978,2024-05-24,12.0
21993,28978,2024-06-23,12.0
21994,28978,2024-07-23,12.0
21995,28978,2024-08-22,12.0
21996,28978,2024-09-21,12.0
21997,28978,2024-10-21,12.0
21998,28978,2024-11-20,12.0
21999,28978,2024-12-20,12.0
22000,28979,2024-05-28,12.0
22001,28979,2024-06-27,12.0
22002,28979,2024-07-27,12.0
22003,28979,2024-08-26,12.0
22004,28979,2024-09-25,12.0
22005,28979,2024-10-25,12.0
22006,28979,2024-11-24,12.0
22007,28979,2024-12-24,12.0
22008,28987,2024-10-05,12.0
22009,28987,2024-11-04,12.0
22010,28987,2024-12-04,12.0
22011,28988,2024-02-29,12.0
22012,28988,2024-03-30,12.0
22013,28988,2024-04-29,12.0
22014,28988,2024-05-29,12.0
22015,28988,2024-06-28,12.0
22016,28988,2024-07-28,12.0
22017,28988,2024-08-27,12.0
22018,28988,2024-09-26,12.0
22019,28988,2024-10-26,12.0
22020,28988,2024-11-25,12.0
22021,28988,2024-12-25,12.0
22022,28991,2024-07-23,12.0
22023,28991,2024-08-22,12.0
22024,28991,2024-09-21,12.0
22025,28991,2024-10-21,12.0
22026,28991,2024-11-20,12.0
22027,28991,2024-12-20,12.0
22028,29000,2024-11-14,24.0
22029,29000,2024-12-14,24.0
22030,29001,2024-10-16,24.0
22031,29001,2024-11-15,24.0
22032,29001,2024-12-15,24.0
22033,29003,2024-06-03,12.0
22034,29003,2024-07-03,12.0
22035,29003,2024-08-02,12.0
22036,29003,2024-09-01,12.0
22037,29003,2024-10-01,12.0
22038,29003,2024-10-31,12.0
22039,29003,2024-11-30,12.0
22040,29003,2024-12-30,12.0
22041,29018,2024-12-20,12.0
22042,29032,2024-06-27,24.0
22043,29039,2024-03-07,12.0
22044,29042,2024-10-09,24.0
22045,29042,2024-11-08,24.0
22046,29042,2024-12-08,24.0
22047,29047,2024-07-05,12.0
22048,29047,2024-08-04,12.0
22049,29047,2024-09-03,12.0
22050,29047,2024-10-03,12.0
22051,29047,2024-11-02,12.0
22052,29047,2024-12-02,12.0
22053,29049,2024-11-16,12.0
22054,29050,2024-09-23,24.0
22055,29050,2024-10-23,24.0
22056,29050,2024-11-22,24.0
22057,29050,2024-12-22,24.0
22058,29060,2024-03-12,12.0
22059,29062,2024-03-24,12.0
22060,29062,2024-04-23,12.0
22061,29062,2024-05-23,12.0
22062,29062,2024-06-22,12.0
22063,29062,2024-07-22,12.0
22064,29062,2024-08-21,12.0
22065,29062,2024-09-20,12.0
22066,29062,2024-10-20,12.0
22067,29062,2024-11-19,12.0
22068,29062,2024-12-19,12.0
22069,29068,2024-11-14,12.0
22070,29068,2024-12-14,12.0
22071,29072,2024-11-16,12.0
22072,29072,2024-12-16,12.0
22073,29079,2024-04-25,12.0
22074,29083,2024-01-25,24.0
22075,29088,2024-02-14,12.0
22076,29088,2024-03-15,12.0
22077,29088,2024-04-14,12.0
22078,29088,2024-05-14,12.0
22079,29088,2024-06-13,12.0
22080,29088,2024-07-13,12.0
22081,29088,2024-08-12,12.0
22082,29088,2024-09-11,12.0
22083,29088,2024-10-11,12.0
22084,29088,2024-11-10,12.0
22085,29088,2024-12-10,12.0
22086,29092,2024-03-18,24.0
22087,29092,2024-04-17,24.0
22088,29092,2024-05-17,24.0
22089,29092,2024-06-16,24.0
22090,29092,2024-07-16,24.0
22091,29092,2024-08-15,24.0
22092,29092,2024-09-14,24.0
22093,29092,2024-10-14,24.0
22094,29092,2024-11-13,24.0
22095,29092,2024-12-13,24.0
22096,29098,2024-06-22,12.0
22097,29105,2024-12-15,12.0
22098,29107,2024-03-07,12.0
22099,29107,2024-04-06,12.0
22100,29107,2024-05-06,12.0
22101,29107,2024-06-05,12.0
22102,29107,2024-07-05,12.0
22103,29107,2024-08-04,12.0
22104,29107,2024-09-03,12.0
22105,29107,2024-10-03,12.0
22106,29107,2024-11-02,12.0
22107,29107,2024-12-02,12.0
22108,29110,2024-04-24,12.0
22109,29114,2024-01-27,24.0
22110,29115,2024-12-08,24.0
22111,29121,2024-04-08,24.0
22112,29121,2024-05-08,24.0
22113,29121,2024-06-07,24.0
22114,29121,2024-07-07,24.0
22115,29121,2024-08-06,24.0
22116,29121,2024-09-05,24.0
22117,29121,2024-10-05,24.0
22118,29121,2024-11-04,24.0
22119,29121,2024-12-04,24.0
22120,29127,2024-07-29,12.0
22121,29134,2024-10-14,12.0
22122,29135,2024-09-20,24.0
22123,29141,2025-01-06,12.0
22124,29146,2024-09-18,24.0
22125,29146,2024-10-18,24.0
22126,29146,2024-11-17,24.0
22127,29146,2024-12-17,24.0
22128,29147,2024-06-28,24.0
22129,29147,2024-07-28,24.0
22130,29147,2024-08-27,24.0
22131,29147,2024-09-26,24.0
22132,29147,2024-10-26,24.0
22133,29147,2024-11-25,24.0
22134,29147,2024-12-25,24.0
22135,29148,2024-01-30,12.0
22136,29148,2024-02-29,12.0
22137,29148,2024-03-30,12.0
22138,29148,2024-04-29,12.0
22139,29148,2024-05-29,12.0
22140,29148,2024-06-28,12.0
22141,29148,2024-07-28,12.0
22142,29148,2024-08-27,12.0
22143,29148,2024-09-26,12.0
22144,29148,2024-10-26,12.0
22145,29148,2024-11-25,12.0
22146,29148,2024-12-25,12.0
22147,29149,2024-06-11,12.0
22148,29152,2024-10-18,12.0
22149,29152,2024-11-17,12.0
22150,29152,2024-12-17,12.0
22151,29157,2024-01-19,12.0
22152,29159,2024-12-16,24.0
22153,29163,2024-10-12,12.0
22154,29163,2024-11-11,12.0
22155,29163,2024-12-11,12.0
22156,29164,2024-08-03,12.0
22157,29164,2024-09-02,12.0
22158,29164,2024-10-02,12.0
22159,29164,2024-11-01,12.0
22160,29164,2024-12-01,12.0
22161,29164,2024-12-31,12.0
22162,29166,2024-03-27,12.0
22163,29166,2024-04-26,12.0
22164,29166,2024-05-26,12.0
22165,29166,2024-06-25,12.0
22166,29166,2024-07-25,12.0
22167,29166,2024-08-24,12.0
22168,29166,2024-09-23,12.0
22169,29166,2024-10-23,12.0
22170,29166,2024-11-22,12.0
22171,29166,2024-12-22,12.0
22172,29167,2024-04-22,24.0
22173,29171,2024-08-24,12.0
22174,29171,2024-09-23,12.0
22175,29171,2024-10-23,12.0
22176,29171,2024-11-22,12.0
22177,29171,2024-12-22,12.0
22178,29173,2024-07-24,12.0
22179,29173,2024-08-23,12.0
22180,29173,2024-09-22,12.0
22181,29173,2024-10-22,12.0
22182,29173,2024-11-21,12.0
22183,29173,2024-12-21,12.0
22184,29176,2024-05-10,12.0
22185,29176,2024-06-09,12.0
22186,29176,2024-07-09,12.0
22187,29176,2024-08-08,12.0
22188,29176,2024-09-07,12.0
22189,29176,2024-10-07,12.0
22190,29176,2024-11-06,12.0
22191,29176,2024-12-06,12.0
22192,29192,2024-02-06,12.0
22193,29192,2024-03-07,12.0
22194,29192,2024-04-06,12.0
22195,29192,2024-05-06,12.0
22196,29192,2024-06-05,12.0
22197,29192,2024-07-05,12.0
22198,29192,2024-08-04,12.0
22199,29192,2024-09-03,12.0
22200,29192,2024-10-03,12.0
22201,29192,2024-11-02,12.0
22202,29192,2024-12-02,12.0
22203,29196,2024-12-05,24.0
22204,29202,2025-01-13,12.0
22205,29204,2024-05-22,24.0
22206,29210,2024-09-14,24.0
22207,29210,2024-10-14,24.0
22208,29210,2024-11-13,24.0
22209,29210,2024-12-13,24.0
22210,29211,2024-02-25,12.0
22211,29211,2024-03-26,12.0
22212,29211,2024-04-25,12.0
22213,29211,2024-05-25,12.0
22214,29211,2024-06-24,12.0
22215,29211,2024-07-24,12.0
22216,29211,2024-08-23,12.0
22217,29211,2024-09-22,12.0
22218,29211,2024-10-22,12.0
22219,29211,2024-11-21,12.0
22220,29211,2024-12-21,12.0
22221,29214,2024-06-16,12.0
22222,29214,2024-07-16,12.0
22223,29214,2024-08-15,12.0
22224,29214,2024-09-14,12.0
22225,29214,2024-10-14,12.0
22226,29214,2024-11-13,12.0
22227,29214,2024-12-13,12.0
22228,29215,2024-02-26,12.0
22229,29222,2025-01-13,12.0
22230,29225,2024-08-21,12.0
22231,29233,2024-10-02,12.0
22232,29237,2024-03-31,12.0
22233,29239,2024-06-23,24.0
22234,29239,2024-07-23,24.0
22235,29239,2024-08-22,24.0
22236,29239,2024-09-21,24.0
22237,29239,2024-10-21,24.0
22238,29239,2024-11-20,24.0
22239,29239,2024-12-20,24.0
22240,29240,2024-07-26,12.0
22241,29240,2024-08-25,12.0
22242,29240,2024-09-24,12.0
22243,29240,2024-10-24,12.0
22244,29240,2024-11-23,12.0
22245,29240,2024-12-23,12.0
22246,29243,2024-01-19,12.0
22247,29248,2024-06-05,12.0
22248,29249,2024-11-03,12.0
22249,29249,2024-12-03,12.0
22250,29257,2024-03-19,12.0
22251,29257,2024-04-18,12.0
22252,29257,2024-05-18,12.0
22253,29257,2024-06-17,12.0
22254,29257,2024-07-17,12.0
22255,29257,2024-08-16,12.0
22256,29257,2024-09-15,12.0
22257,29257,2024-10-15,12.0
22258,29257,2024-11-14,12.0
22259,29257,2024-12-14,12.0
22260,29266,2024-11-02,12.0
22261,29266,2024-12-02,12.0
22262,29268,2025-01-12,12.0
22263,29273,2024-02-11,24.0
22264,29273,2024-03-12,24.0
22265,29273,2024-04-11,24.0
22266,29273,2024-05-11,24.0
22267,29273,2024-06-10,24.0
22268,29273,2024-07-10,24.0
22269,29273,2024-08-09,24.0
22270,29273,2024-09-08,24.0
22271,29273,2024-10-08,24.0
22272,29273,2024-11-07,24.0
22273,29273,2024-12-07,24.0
22274,29282,2024-06-08,12.0
22275,29282,2024-07-08,12.0
22276,29282,2024-08-07,12.0
22277,29282,2024-09-06,12.0
22278,29282,2024-10-06,12.0
22279,29282,2024-11-05,12.0
22280,29282,2024-12-05,12.0
22281,29286,2024-10-13,24.0
22282,29286,2024-11-12,24.0
22283,29286,2024-12-12,24.0
22284,29299,2024-12-15,12.0
22285,29302,2024-01-26,12.0
22286,29302,2024-02-25,12.0
22287,29302,2024-03-26,12.0
22288,29302,2024-04-25,12.0
22289,29302,2024-05-25,12.0
22290,29302,2024-06-24,12.0
22291,29302,2024-07-24,12.0
22292,29302,2024-08-23,12.0
22293,29302,2024-09-22,12.0
22294,29302,2024-10-22,12.0
22295,29302,2024-11-21,12.0
22296,29302,2024-12-21,12.0
22297,29303,2024-09-04,12.0
22298,29307,2024-09-17,12.0
22299,29307,2024-10-17,12.0
22300,29307,2024-11-16,12.0
22301,29307,2024-12-16,12.0
22302,29310,2024-03-21,12.0
22303,29310,2024-04-20,12.0
22304,29310,2024-05-20,12.0
22305,29310,2024-06-19,12.0
22306,29310,2024-07-19,12.0
22307,29310,2024-08-18,12.0
22308,29310,2024-09-17,12.0
22309,29310,2024-10-17,12.0
22310,29310,2024-11-16,12.0
22311,29310,2024-12-16,12.0
22312,29315,2025-01-09,12.0
22313,29317,2024-10-16,12.0
22314,29318,2024-07-22,24.0
22315,29320,2024-04-14,24.0
22316,29323,2024-04-12,12.0
22317,29326,2024-07-08,12.0
22318,29326,2024-08-07,12.0
22319,29326,2024-09-06,12.0
22320,29326,2024-10-06,12.0
22321,29326,2024-11-05,12.0
22322,29326,2024-12-05,12.0
22323,29331,2024-06-13,24.0
22324,29331,2024-07-13,24.0
22325,29331,2024-08-12,24.0
22326,29331,2024-09-11,24.0
22327,29331,2024-10-11,24.0
22328,29331,2024-11-10,24.0
22329,29331,2024-12-10,24.0
22330,29338,2024-07-09,12.0
22331,29350,2024-04-03,12.0
22332,29350,2024-05-03,12.0
22333,29350,2024-06-02,12.0
22334,29350,2024-07-02,12.0
22335,29350,2024-08-01,12.0
22336,29350,2024-08-31,12.0
22337,29350,2024-09-30,12.0
22338,29350,2024-10-30,12.0
22339,29350,2024-11-29,12.0
22340,29350,2024-12-29,12.0
22341,29351,2024-06-09,12.0
22342,29351,2024-07-09,12.0
22343,29351,2024-08-08,12.0
22344,29351,2024-09-07,12.0
22345,29351,2024-10-07,12.0
22346,29351,2024-11-06,12.0
22347,29351,2024-12-06,12.0
22348,29357,2024-12-14,24.0
22349,29358,2024-08-24,12.0
22350,29361,2024-09-28,12.0
22351,29373,2024-08-20,12.0
22352,29375,2024-04-27,12.0
22353,29378,2024-08-22,12.0
22354,29378,2024-09-21,12.0
22355,29378,2024-10-21,12.0
22356,29378,2024-11-20,12.0
22357,29378,2024-12-20,12.0
22358,29382,2024-12-21,12.0
22359,29389,2024-08-08,12.0
22360,29389,2024-09-07,12.0
22361,29389,2024-10-07,12.0
22362,29389,2024-11-06,12.0
22363,29389,2024-12-06,12.0
22364,29390,2024-04-03,24.0
22365,29390,2024-05-03,24.0
22366,29390,2024-06-02,24.0
22367,29390,2024-07-02,24.0
22368,29390,2024-08-01,24.0
22369,29390,2024-08-31,24.0
22370,29390,2024-09-30,24.0
22371,29390,2024-10-30,24.0
22372,29390,2024-11-29,24.0
22373,29390,2024-12-29,24.0
22374,29392,2025-01-12,24.0
22375,29397,2024-12-31,12.0
22376,29400,2024-04-20,24.0
22377,29402,2024-02-03,24.0
22378,29407,2024-11-20,24.0
22379,29412,2024-11-09,12.0
22380,29412,2024-12-09,12.0
22381,29418,2024-11-24,12.0
22382,29418,2024-12-24,12.0
22383,29420,2024-11-17,12.0
22384,29420,2024-12-17,12.0
22385,29428,2024-12-06,24.0
22386,29432,2024-07-31,12.0
22387,29435,2024-08-02,12.0
22388,29435,2024-09-01,12.0
22389,29435,2024-10-01,12.0
22390,29435,2024-10-31,12.0
22391,29435,2024-11-30,12.0
22392,29435,2024-12-30,12.0
22393,29446,2024-05-03,12.0
22394,29446,2024-06-02,12.0
22395,29446,2024-07-02,12.0
22396,29446,2024-08-01,12.0
22397,29446,2024-08-31,12.0
22398,29446,2024-09-30,12.0
22399,29446,2024-10-30,12.0
22400,29446,2024-11-29,12.0
22401,29446,2024-12-29,12.0
22402,29447,2024-08-14,12.0
22403,29447,2024-09-13,12.0
22404,29447,2024-10-13,12.0
22405,29447,2024-11-12,12.0
22406,29447,2024-12-12,12.0
22407,29471,2025-01-04,12.0
22408,29473,2024-03-07,24.0
22409,29473,2024-04-06,24.0
22410,29473,2024-05-06,24.0
22411,29473,2024-06-05,24.0
22412,29473,2024-07-05,24.0
22413,29473,2024-08-04,24.0
22414,29473,2024-09-03,24.0
22415,29473,2024-10-03,24.0
22416,29473,2024-11-02,24.0
22417,29473,2024-12-02,24.0
22418,29475,2024-07-19,12.0
22419,29475,2024-08-18,12.0
22420,29475,2024-09-17,12.0
22421,29475,2024-10-17,12.0
22422,29475,2024-11-16,12.0
22423,29475,2024-12-16,12.0
22424,29477,2024-05-24,24.0
22425,29477,2024-06-23,24.0
22426,29477,2024-07-23,24.0
22427,29477,2024-08-22,24.0
22428,29477,2024-09-21,24.0
22429,29477,2024-10-21,24.0
22430,29477,2024-11-20,24.0
22431,29477,2024-12-20,24.0
22432,29480,2024-10-29,24.0
22433,29480,2024-11-28,24.0
22434,29480,2024-12-28,24.0
22435,29487,2024-07-19,24.0
22436,29487,2024-08-18,24.0
22437,29487,2024-09-17,24.0
22438,29487,2024-10-17,24.0
22439,29487,2024-11-16,24.0
22440,29487,2024-12-16,24.0
22441,29489,2024-07-05,12.0
22442,29500,2024-08-25,12.0
22443,29500,2024-09-24,12.0
22444,29500,2024-10-24,12.0
22445,29500,2024-11-23,12.0
22446,29500,2024-12-23,12.0
22447,29502,2024-09-26,24.0
22448,29502,2024-10-26,24.0
22449,29502,2024-11-25,24.0
22450,29502,2024-12-25,24.0
22451,29517,2024-07-17,12.0
22452,29517,2024-08-16,12.0
22453,29517,2024-09-15,12.0
22454,29517,2024-10-15,12.0
22455,29517,2024-11-14,12.0
22456,29517,2024-12-14,12.0
22457,29527,2024-11-24,12.0
22458,29528,2024-07-02,24.0
22459,29529,2024-12-30,24.0
22460,29536,2024-04-23,12.0
22461,29536,2024-05-23,12.0
22462,29536,2024-06-22,12.0
22463,29536,2024-07-22,12.0
22464,29536,2024-08-21,12.0
22465,29536,2024-09-20,12.0
22466,29536,2024-10-20,12.0
22467,29536,2024-11-19,12.0
22468,29536,2024-12-19,12.0
22469,29538,2024-02-12,12.0
22470,29541,2024-11-04,12.0
22471,29541,2024-12-04,12.0
22472,29543,2024-11-16,12.0
22473,29543,2024-12-16,12.0
22474,29547,2024-09-17,12.0
22475,29547,2024-10-17,12.0
22476,29547,2024-11-16,12.0
22477,29547,2024-12-16,12.0
22478,29554,2024-09-06,12.0
22479,29554,2024-10-06,12.0
22480,29554,2024-11-05,12.0
22481,29554,2024-12-05,12.0
22482,29558,2024-06-01,24.0
22483,29563,2024-12-24,24.0
22484,29569,2024-12-02,24.0
22485,29571,2024-07-21,12.0
22486,29571,2024-08-20,12.0
22487,29571,2024-09-19,12.0
22488,29571,2024-10-19,12.0
22489,29571,2024-11-18,12.0
22490,29571,2024-12-18,12.0
22491,29578,2025-01-01,24.0
22492,29580,2024-08-06,12.0
22493,29580,2024-09-05,12.0
22494,29580,2024-10-05,12.0
22495,29580,2024-11-04,12.0
22496,29580,2024-12-04,12.0
22497,29586,2024-06-12,12.0
22498,29595,2024-05-16,24.0
22499,29595,2024-06-15,24.0
22500,29595,2024-07-15,24.0
22501,29595,2024-08-14,24.0
22502,29595,2024-09-13,24.0
22503,29595,2024-10-13,24.0
22504,29595,2024-11-12,24.0
22505,29595,2024-12-12,24.0
22506,29599,2024-03-25,12.0
22507,29599,2024-04-24,12.0
22508,29599,2024-05-24,12.0
22509,29599,2024-06-23,12.0
22510,29599,2024-07-23,12.0
22511,29599,2024-08-22,12.0
22512,29599,2024-09-21,12.0
22513,29599,2024-10-21,12.0
22514,29599,2024-11-20,12.0
22515,29599,2024-12-20,12.0
22516,29601,2024-07-06,12.0
22517,29601,2024-08-05,12.0
22518,29601,2024-09-04,12.0
22519,29601,2024-10-04,12.0
22520,29601,2024-11-03,12.0
22521,29601,2024-12-03,12.0
22522,29603,2024-03-23,24.0
22523,29608,2024-01-17,24.0
22524,29608,2024-02-16,24.0
22525,29608,2024-03-17,24.0
22526,29608,2024-04-16,24.0
22527,29608,2024-05-16,24.0
22528,29608,2024-06-15,24.0
22529,29608,2024-07-15,24.0
22530,29608,2024-08-14,24.0
22531,29608,2024-09-13,24.0
22532,29608,2024-10-13,24.0
22533,29608,2024-11-12,24.0
22534,29608,2024-12-12,24.0
22535,29618,2024-04-02,12.0
22536,29631,2024-04-27,12.0
22537,29640,2024-04-30,12.0
22538,29640,2024-05-30,12.0
22539,29640,2024-06-29,12.0
22540,29640,2024-07-29,12.0
22541,29640,2024-08-28,12.0
22542,29640,2024-09-27,12.0
22543,29640,2024-10-27,12.0
22544,29640,2024-11-26,12.0
22545,29640,2024-12-26,12.0
22546,29647,2024-09-11,12.0
22547,29648,2024-10-21,12.0
22548,29648,2024-11-20,12.0
22549,29648,2024-12-20,12.0
22550,29654,2024-04-20,12.0
22551,29654,2024-05-20,12.0
22552,29654,2024-06-19,12.0
22553,29654,2024-07-19,12.0
22554,29654,2024-08-18,12.0
22555,29654,2024-09-17,12.0
22556,29654,2024-10-17,12.0
22557,29654,2024-11-16,12.0
22558,29654,2024-12-16,12.0
22559,29655,2024-12-24,12.0
22560,29658,2024-07-20,12.0
22561,29659,2024-06-06,24.0
22562,29664,2024-04-30,12.0
22563,29675,2024-11-02,12.0
22564,29675,2024-12-02,12.0
22565,29676,2024-08-14,24.0
22566,29676,2024-09-13,24.0
22567,29676,2024-10-13,24.0
22568,29676,2024-11-12,24.0
22569,29676,2024-12-12,24.0
22570,29687,2024-03-18,24.0
22571,29694,2024-01-16,12.0
22572,29694,2024-02-15,12.0
22573,29694,2024-03-16,12.0
22574,29694,2024-04-15,12.0
22575,29694,2024-05-15,12.0
22576,29694,2024-06-14,12.0
22577,29694,2024-07-14,12.0
22578,29694,2024-08-13,12.0
22579,29694,2024-09-12,12.0
22580,29694,2024-10-12,12.0
22581,29694,2024-11-11,12.0
22582,29694,2024-12-11,12.0
22583,29696,2024-08-07,24.0
22584,29696,2024-09-06,24.0
22585,29696,2024-10-06,24.0
22586,29696,2024-11-05,24.0
22587,29696,2024-12-05,24.0
22588,29703,2024-06-05,12.0
22589,29703,2024-07-05,12.0
22590,29703,2024-08-04,12.0
22591,29703,2024-09-03,12.0
22592,29703,2024-10-03,12.0
22593,29703,2024-11-02,12.0
22594,29703,2024-12-02,12.0
22595,29704,2024-08-23,24.0
22596,29706,2024-08-21,12.0
22597,29706,2024-09-20,12.0
22598,29706,2024-10-20,12.0
22599,29706,2024-11-19,12.0
22600,29706,2024-12-19,12.0
22601,29710,2024-11-30,24.0
22602,29710,2024-12-30,24.0
22603,29714,2024-08-04,12.0
22604,29714,2024-09-03,12.0
22605,29714,2024-10-03,12.0
22606,29714,2024-11-02,12.0
22607,29714,2024-12-02,12.0
22608,29726,2024-08-09,12.0
22609,29726,2024-09-08,12.0
22610,29726,2024-10-08,12.0
22611,29726,2024-11-07,12.0
22612,29726,2024-12-07,12.0
22613,29727,2024-03-05,12.0
22614,29731,2024-09-23,12.0
22615,29731,2024-10-23,12.0
22616,29731,2024-11-22,12.0
22617,29731,2024-12-22,12.0
22618,29748,2024-03-11,12.0
22619,29748,2024-04-10,12.0
22620,29748,2024-05-10,12.0
22621,29748,2024-06-09,12.0
22622,29748,2024-07-09,12.0
22623,29748,2024-08-08,12.0
22624,29748,2024-09-07,12.0
22625,29748,2024-10-07,12.0
22626,29748,2024-11-06,12.0
22627,29748,2024-12-06,12.0
22628,29749,2024-12-28,12.0
22629,29750,2024-12-28,12.0
22630,29761,2024-02-15,12.0
22631,29766,2024-10-16,12.0
22632,29766,2024-11-15,12.0
22633,29766,2024-12-15,12.0
22634,29768,2024-10-27,12.0
22635,29772,2024-02-22,12.0
22636,29772,2024-03-23,12.0
22637,29772,2024-04-22,12.0
22638,29772,2024-05-22,12.0
22639,29772,2024-06-21,12.0
22640,29772,2024-07-21,12.0
22641,29772,2024-08-20,12.0
22642,29772,2024-09-19,12.0
22643,29772,2024-10-19,12.0
22644,29772,2024-11-18,12.0
22645,29772,2024-12-18,12.0
22646,29801,2024-07-05,24.0
22647,29801,2024-08-04,24.0
22648,29801,2024-09-03,24.0
22649,29801,2024-10-03,24.0
22650,29801,2024-11-02,24.0
22651,29801,2024-12-02,24.0
22652,29806,2024-05-12,12.0
22653,29810,2024-10-30,12.0
22654,29811,2024-09-18,12.0
22655,29813,2025-01-11,12.0
22656,29814,2024-09-20,12.0
22657,29818,2024-08-01,12.0
22658,29822,2024-06-30,12.0
22659,29822,2024-07-30,12.0
22660,29822,2024-08-29,12.0
22661,29822,2024-09-28,12.0
22662,29822,2024-10-28,12.0
22663,29822,2024-11-27,12.0
22664,29822,2024-12-27,12.0
22665,29826,2024-01-18,12.0
22666,29831,2024-02-13,12.0
22667,29831,2024-03-14,12.0
22668,29831,2024-04-13,12.0
22669,29831,2024-05-13,12.0
22670,29831,2024-06-12,12.0
22671,29831,2024-07-12,12.0
22672,29831,2024-08-11,12.0
22673,29831,2024-09-10,12.0
22674,29831,2024-10-10,12.0
22675,29831,2024-11-09,12.0
22676,29831,2024-12-09,12.0
22677,29836,2024-06-27,12.0
22678,29836,2024-07-27,12.0
22679,29836,2024-08-26,12.0
22680,29836,2024-09-25,12.0
22681,29836,2024-10-25,12.0
22682,29836,2024-11-24,12.0
22683,29836,2024-12-24,12.0
22684,29842,2024-09-17,12.0
22685,29843,2024-11-27,24.0
22686,29843,2024-12-27,24.0
22687,29850,2024-04-28,12.0
22688,29850,2024-05-28,12.0
22689,29850,2024-06-27,12.0
22690,29850,2024-07-27,12.0
22691,29850,2024-08-26,12.0
22692,29850,2024-09-25,12.0
22693,29850,2024-10-25,12.0
22694,29850,2024-11-24,12.0
22695,29850,2024-12-24,12.0
22696,29852,2024-05-04,12.0
22697,29852,2024-06-03,12.0
22698,29852,2024-07-03,12.0
22699,29852,2024-08-02,12.0
22700,29852,2024-09-01,12.0
22701,29852,2024-10-01,12.0
22702,29852,2024-10-31,12.0
22703,29852,2024-11-30,12.0
22704,29852,2024-12-30,12.0
22705,29854,2024-11-29,12.0
22706,29854,2024-12-29,12.0
22707,29855,2024-04-10,24.0
22708,29855,2024-05-10,24.0
22709,29855,2024-06-09,24.0
22710,29855,2024-07-09,24.0
22711,29855,2024-08-08,24.0
22712,29855,2024-09-07,24.0
22713,29855,2024-10-07,24.0
22714,29855,2024-11-06,24.0
22715,29855,2024-12-06,24.0
22716,29861,2024-01-24,12.0
22717,29861,2024-02-23,12.0
22718,29861,2024-03-24,12.0
22719,29861,2024-04-23,12.0
22720,29861,2024-05-23,12.0
22721,29861,2024-06-22,12.0
22722,29861,2024-07-22,12.0
22723,29861,2024-08-21,12.0
22724,29861,2024-09-20,12.0
22725,29861,2024-10-20,12.0
22726,29861,2024-11-19,12.0
22727,29861,2024-12-19,12.0
22728,29862,2024-10-13,12.0
22729,29862,2024-11-12,12.0
22730,29862,2024-12-12,12.0
22731,29874,2024-04-23,24.0
22732,29875,2024-12-17,12.0
22733,29876,2024-10-06,12.0
22734,29877,2024-08-18,12.0
22735,29877,2024-09-17,12.0
22736,29877,2024-10-17,12.0
22737,29877,2024-11-16,12.0
22738,29877,2024-12-16,12.0
22739,29878,2024-10-03,12.0
22740,29878,2024-11-02,12.0
22741,29878,2024-12-02,12.0
22742,29881,2024-09-26,12.0
22743,29881,2024-10-26,12.0
22744,29881,2024-11-25,12.0
22745,29881,2024-12-25,12.0
22746,29886,2024-12-17,24.0
22747,29890,2024-12-02,24.0
22748,29893,2024-10-08,12.0
22749,29893,2024-11-07,12.0
22750,29893,2024-12-07,12.0
22751,29896,2024-05-18,24.0
22752,29896,2024-06-17,24.0
22753,29896,2024-07-17,24.0
22754,29896,2024-08-16,24.0
22755,29896,2024-09-15,24.0
22756,29896,2024-10-15,24.0
22757,29896,2024-11-14,24.0
22758,29896,2024-12-14,24.0
22759,29897,2024-07-17,12.0
22760,29920,2024-07-03,12.0
22761,29921,2024-02-07,12.0
22762,29921,2024-03-08,12.0
22763,29921,2024-04-07,12.0
22764,29921,2024-05-07,12.0
22765,29921,2024-06-06,12.0
22766,29921,2024-07-06,12.0
22767,29921,2024-08-05,12.0
22768,29921,2024-09-04,12.0
22769,29921,2024-10-04,12.0
22770,29921,2024-11-03,12.0
22771,29921,2024-12-03,12.0
22772,29924,2024-12-21,24.0
22773,29925,2024-11-14,12.0
22774,29929,2024-08-17,24.0
22775,29937,2024-08-09,12.0
22776,29937,2024-09-08,12.0
22777,29937,2024-10-08,12.0
22778,29937,2024-11-07,12.0
22779,29937,2024-12-07,12.0
22780,29943,2024-12-20,12.0
22781,29950,2025-01-10,24.0
22782,29953,2024-01-27,12.0
22783,29955,2024-12-15,12.0
22784,29956,2024-08-08,12.0
22785,29956,2024-09-07,12.0
22786,29956,2024-10-07,12.0
22787,29956,2024-11-06,12.0
22788,29956,2024-12-06,12.0
22789,29961,2024-05-02,12.0
22790,29961,2024-06-01,12.0
22791,29961,2024-07-01,12.0
22792,29961,2024-07-31,12.0
22793,29961,2024-08-30,12.0
22794,29961,2024-09-29,12.0
22795,29961,2024-10-29,12.0
22796,29961,2024-11-28,12.0
22797,29961,2024-12-28,12.0
22798,29963,2024-05-21,24.0
22799,29963,2024-06-20,24.0
22800,29963,2024-07-20,24.0
22801,29963,2024-08-19,24.0
22802,29963,2024-09-18,24.0
22803,29963,2024-10-18,24.0
22804,29963,2024-11-17,24.0
22805,29963,2024-12-17,24.0
22806,29969,2024-04-13,24.0
22807,29969,2024-05-13,24.0
22808,29969,2024-06-12,24.0
22809,29969,2024-07-12,24.0
22810,29969,2024-08-11,24.0
22811,29969,2024-09-10,24.0
22812,29969,2024-10-10,24.0
22813,29969,2024-11-09,24.0
22814,29969,2024-12-09,24.0
22815,29970,2024-06-25,24.0
22816,29970,2024-07-25,24.0
22817,29970,2024-08-24,24.0
22818,29970,2024-09-23,24.0
22819,29970,2024-10-23,24.0
22820,29970,2024-11-22,24.0
22821,29970,2024-12-22,24.0
22822,29971,2024-08-07,24.0
22823,29973,2024-04-03,12.0
22824,29978,2024-09-22,12.0
22825,29978,2024-10-22,12.0
22826,29978,2024-11-21,12.0
22827,29978,2024-12-21,12.0
22828,29979,2024-02-18,24.0
22829,29979,2024-03-19,24.0
22830,29979,2024-04-18,24.0
22831,29979,2024-05-18,24.0
22832,29979,2024-06-17,24.0
22833,29979,2024-07-17,24.0
22834,29979,2024-08-16,24.0
22835,29979,2024-09-15,24.0
22836,29979,2024-10-15,24.0
22837,29979,2024-11-14,24.0
22838,29979,2024-12-14,24.0
22839,29981,2024-07-22,24.0
22840,29981,2024-08-21,24.0
22841,29981,2024-09-20,24.0
22842,29981,2024-10-20,24.0
22843,29981,2024-11-19,24.0
22844,29981,2024-12-19,24.0
22845,29989,2025-01-11,24.0
22846,29990,2024-11-02,12.0
22847,29995,2024-12-27,12.0
22848,30003,2025-01-10,12.0
22849,30011,2024-10-24,24.0
22850,30011,2024-11-23,24.0
22851,30011,2024-12-23,24.0
22852,30012,2024-07-21,12.0
22853,30013,2024-11-27,12.0
22854,30013,2024-12-27,12.0
22855,30019,2024-08-12,12.0
22856,30019,2024-09-11,12.0
22857,30019,2024-10-11,12.0
22858,30019,2024-11-10,12.0
22859,30019,2024-12-10,12.0
22860,30022,2024-04-13,12.0
22861,30022,2024-05-13,12.0
22862,30022,2024-06-12,12.0
22863,30022,2024-07-12,12.0
22864,30022,2024-08-11,12.0
22865,30022,2024-09-10,12.0
22866,30022,2024-10-10,12.0
22867,30022,2024-11-09,12.0
22868,30022,2024-12-09,12.0
22869,30024,2025-01-08,24.0
22870,30025,2024-03-05,24.0
22871,30025,2024-04-04,24.0
22872,30025,2024-05-04,24.0
22873,30025,2024-06-03,24.0
22874,30025,2024-07-03,24.0
22875,30025,2024-08-02,24.0
22876,30025,2024-09-01,24.0
22877,30025,2024-10-01,24.0
22878,30025,2024-10-31,24.0
22879,30025,2024-11-30,24.0
22880,30025,2024-12-30,24.0
22881,30027,2024-10-16,24.0
22882,30028,2024-09-14,12.0
22883,30032,2024-10-16,24.0
22884,30033,2024-10-11,12.0
22885,30033,2024-11-10,12.0
22886,30033,2024-12-10,12.0
22887,30039,2024-06-11,12.0
22888,30040,2024-11-02,12.0
22889,30044,2024-04-22,12.0
22890,30051,2024-08-28,12.0
22891,30051,2024-09-27,12.0
22892,30051,2024-10-27,12.0
22893,30051,2024-11-26,12.0
22894,30051,2024-12-26,12.0
22895,30053,2024-09-15,24.0
22896,30060,2024-05-20,24.0
22897,30060,2024-06-19,24.0
22898,30060,2024-07-19,24.0
22899,30060,2024-08-18,24.0
22900,30060,2024-09-17,24.0
22901,30060,2024-10-17,24.0
22902,30060,2024-11-16,24.0
22903,30060,2024-12-16,24.0
22904,30074,2024-02-27,12.0
22905,30074,2024-03-28,12.0
22906,30074,2024-04-27,12.0
22907,30074,2024-05-27,12.0
22908,30074,2024-06-26,12.0
22909,30074,2024-07-26,12.0
22910,30074,2024-08-25,12.0
22911,30074,2024-09-24,12.0
22912,30074,2024-10-24,12.0
22913,30074,2024-11-23,12.0
22914,30074,2024-12-23,12.0
22915,30076,2024-12-15,12.0
22916,30077,2024-02-22,12.0
22917,30077,2024-03-23,12.0
22918,30077,2024-04-22,12.0
22919,30077,2024-05-22,12.0
22920,30077,2024-06-21,12.0
22921,30077,2024-07-21,12.0
22922,30077,2024-08-20,12.0
22923,30077,2024-09-19,12.0
22924,30077,2024-10-19,12.0
22925,30077,2024-11-18,12.0
22926,30077,2024-12-18,12.0
22927,30078,2024-12-05,12.0
22928,30087,2024-03-27,12.0
22929,30087,2024-04-26,12.0
22930,30087,2024-05-26,12.0
22931,30087,2024-06-25,12.0
22932,30087,2024-07-25,12.0
22933,30087,2024-08-24,12.0
22934,30087,2024-09-23,12.0
22935,30087,2024-10-23,12.0
22936,30087,2024-11-22,12.0
22937,30087,2024-12-22,12.0
22938,30091,2024-09-08,24.0
22939,30098,2024-06-27,24.0
22940,30098,2024-07-27,24.0
22941,30098,2024-08-26,24.0
22942,30098,2024-09-25,24.0
22943,30098,2024-10-25,24.0
22944,30098,2024-11-24,24.0
22945,30098,2024-12-24,24.0
22946,30104,2024-12-07,12.0
22947,30105,2024-12-06,12.0
22948,30110,2025-01-05,12.0
22949,30113,2024-03-07,12.0
22950,30115,2024-07-31,12.0
22951,30121,2025-01-02,12.0
22952,30137,2024-09-10,12.0
22953,30137,2024-10-10,12.0
22954,30137,2024-11-09,12.0
22955,30137,2024-12-09,12.0
22956,30142,2024-12-30,24.0
22957,30147,2024-10-31,24.0
22958,30147,2024-11-30,24.0
22959,30147,2024-12-30,24.0
22960,30148,2024-09-05,12.0
22961,30148,2024-10-05,12.0
22962,30148,2024-11-04,12.0
22963,30148,2024-12-04,12.0
22964,30149,2024-08-12,12.0
22965,30149,2024-09-11,12.0
22966,30149,2024-10-11,12.0
22967,30149,2024-11-10,12.0
22968,30149,2024-12-10,12.0
22969,30153,2024-01-29,12.0
22970,30156,2024-08-29,24.0
22971,30167,2024-01-27,24.0
22972,30167,2024-02-26,24.0
22973,30167,2024-03-27,24.0
22974,30167,2024-04-26,24.0
22975,30167,2024-05-26,24.0
22976,30167,2024-06-25,24.0
22977,30167,2024-07-25,24.0
22978,30167,2024-08-24,24.0
22979,30167,2024-09-23,24.0
22980,30167,2024-10-23,24.0
22981,30167,2024-11-22,24.0
22982,30167,2024-12-22,24.0
22983,30168,2024-02-01,24.0
22984,30173,2024-10-06,24.0
22985,30173,2024-11-05,24.0
22986,30173,2024-12-05,24.0
22987,30182,2024-06-27,24.0
22988,30182,2024-07-27,24.0
22989,30182,2024-08-26,24.0
22990,30182,2024-09-25,24.0
22991,30182,2024-10-25,24.0
22992,30182,2024-11-24,24.0
22993,30182,2024-12-24,24.0
22994,30202,2024-07-22,24.0
22995,30202,2024-08-21,24.0
22996,30202,2024-09-20,24.0
22997,30202,2024-10-20,24.0
22998,30202,2024-11-19,24.0
22999,30202,2024-12-19,24.0
23000,30206,2024-10-22,12.0
23001,30206,2024-11-21,12.0
23002,30206,2024-12-21,12.0
23003,30212,2024-05-25,12.0
23004,30221,2024-09-05,12.0
23005,30221,2024-10-05,12.0
23006,30221,2024-11-04,12.0
23007,30221,2024-12-04,12.0
23008,30229,2024-06-25,12.0
23009,30229,2024-07-25,12.0
23010,30229,2024-08-24,12.0
23011,30229,2024-09-23,12.0
23012,30229,2024-10-23,12.0
23013,30229,2024-11-22,12.0
23014,30229,2024-12-22,12.0
23015,30232,2024-08-23,12.0
23016,30232,2024-09-22,12.0
23017,30232,2024-10-22,12.0
23018,30232,2024-11-21,12.0
23019,30232,2024-12-21,12.0
23020,30234,2024-08-08,12.0
23021,30237,2025-01-04,12.0
23022,30239,2024-08-21,12.0
23023,30239,2024-09-20,12.0
23024,30239,2024-10-20,12.0
23025,30239,2024-11-19,12.0
23026,30239,2024-12-19,12.0
23027,30242,2024-01-23,12.0
23028,30242,2024-02-22,12.0
23029,30242,2024-03-23,12.0
23030,30242,2024-04-22,12.0
23031,30242,2024-05-22,12.0
23032,30242,2024-06-21,12.0
23033,30242,2024-07-21,12.0
23034,30242,2024-08-20,12.0
23035,30242,2024-09-19,12.0
23036,30242,2024-10-19,12.0
23037,30242,2024-11-18,12.0
23038,30242,2024-12-18,12.0
23039,30249,2024-06-17,12.0
23040,30249,2024-07-17,12.0
23041,30249,2024-08-16,12.0
23042,30249,2024-09-15,12.0
23043,30249,2024-10-15,12.0
23044,30249,2024-11-14,12.0
23045,30249,2024-12-14,12.0
23046,30256,2024-12-25,12.0
23047,30258,2024-02-25,12.0
23048,30258,2024-03-26,12.0
23049,30258,2024-04-25,12.0
23050,30258,2024-05-25,12.0
23051,30258,2024-06-24,12.0
23052,30258,2024-07-24,12.0
23053,30258,2024-08-23,12.0
23054,30258,2024-09-22,12.0
23055,30258,2024-10-22,12.0
23056,30258,2024-11-21,12.0
23057,30258,2024-12-21,12.0
23058,30272,2024-11-27,12.0
23059,30283,2024-12-06,12.0
23060,30291,2024-05-10,12.0
23061,30291,2024-06-09,12.0
23062,30291,2024-07-09,12.0
23063,30291,2024-08-08,12.0
23064,30291,2024-09-07,12.0
23065,30291,2024-10-07,12.0
23066,30291,2024-11-06,12.0
23067,30291,2024-12-06,12.0
23068,30298,2024-04-30,24.0
23069,30298,2024-05-30,24.0
23070,30298,2024-06-29,24.0
23071,30298,2024-07-29,24.0
23072,30298,2024-08-28,24.0
23073,30298,2024-09-27,24.0
23074,30298,2024-10-27,24.0
23075,30298,2024-11-26,24.0
23076,30298,2024-12-26,24.0
23077,30300,2024-04-04,12.0
23078,30300,2024-05-04,12.0
23079,30300,2024-06-03,12.0
23080,30300,2024-07-03,12.0
23081,30300,2024-08-02,12.0
23082,30300,2024-09-01,12.0
23083,30300,2024-10-01,12.0
23084,30300,2024-10-31,12.0
23085,30300,2024-11-30,12.0
23086,30300,2024-12-30,12.0
23087,30307,2024-12-20,12.0
23088,30309,2024-03-14,12.0
23089,30325,2024-03-20,24.0
23090,30327,2024-10-12,12.0
23091,30327,2024-11-11,12.0
23092,30327,2024-12-11,12.0
23093,30336,2025-01-07,12.0
23094,30342,2024-09-01,12.0
23095,30343,2024-06-13,24.0
23096,30353,2024-09-24,24.0
23097,30353,2024-10-24,24.0
23098,30353,2024-11-23,24.0
23099,30353,2024-12-23,24.0
23100,30361,2024-05-10,12.0
23101,30361,2024-06-09,12.0
23102,30361,2024-07-09,12.0
23103,30361,2024-08-08,12.0
23104,30361,2024-09-07,12.0
23105,30361,2024-10-07,12.0
23106,30361,2024-11-06,12.0
23107,30361,2024-12-06,12.0
23108,30364,2024-10-03,12.0
23109,30364,2024-11-02,12.0
23110,30364,2024-12-02,12.0
23111,30371,2024-10-07,12.0
23112,30371,2024-11-06,12.0
23113,30371,2024-12-06,12.0
23114,30372,2024-02-27,12.0
23115,30387,2024-12-22,12.0
23116,30408,2024-11-26,12.0
23117,30408,2024-12-26,12.0
23118,30412,2024-05-29,12.0
23119,30412,2024-06-28,12.0
23120,30412,2024-07-28,12.0
23121,30412,2024-08-27,12.0
23122,30412,2024-09-26,12.0
23123,30412,2024-10-26,12.0
23124,30412,2024-11-25,12.0
23125,30412,2024-12-25,12.0
23126,30414,2024-04-18,12.0
23127,30414,2024-05-18,12.0
23128,30414,2024-06-17,12.0
23129,30414,2024-07-17,12.0
23130,30414,2024-08-16,12.0
23131,30414,2024-09-15,12.0
23132,30414,2024-10-15,12.0
23133,30414,2024-11-14,12.0
23134,30414,2024-12-14,12.0
23135,30433,2024-09-14,12.0
23136,30433,2024-10-14,12.0
23137,30433,2024-11-13,12.0
23138,30433,2024-12-13,12.0
23139,30456,2024-05-04,24.0
23140,30459,2024-03-13,12.0
23141,30460,2024-04-23,24.0
23142,30460,2024-05-23,24.0
23143,30460,2024-06-22,24.0
23144,30460,2024-07-22,24.0
23145,30460,2024-08-21,24.0
23146,30460,2024-09-20,24.0
23147,30460,2024-10-20,24.0
23148,30460,2024-11-19,24.0
23149,30460,2024-12-19,24.0
23150,30464,2024-06-28,12.0
23151,30465,2024-07-29,12.0
23152,30465,2024-08-28,12.0
23153,30465,2024-09-27,12.0
23154,30465,2024-10-27,12.0
23155,30465,2024-11-26,12.0
23156,30465,2024-12-26,12.0
23157,30467,2024-09-23,12.0
23158,30467,2024-10-23,12.0
23159,30467,2024-11-22,12.0
23160,30467,2024-12-22,12.0
23161,30469,2024-05-06,12.0
23162,30469,2024-06-05,12.0
23163,30469,2024-07-05,12.0
23164,30469,2024-08-04,12.0
23165,30469,2024-09-03,12.0
23166,30469,2024-10-03,12.0
23167,30469,2024-11-02,12.0
23168,30469,2024-12-02,12.0
23169,30470,2024-03-04,12.0
23170,30470,2024-04-03,12.0
23171,30470,2024-05-03,12.0
23172,30470,2024-06-02,12.0
23173,30470,2024-07-02,12.0
23174,30470,2024-08-01,12.0
23175,30470,2024-08-31,12.0
23176,30470,2024-09-30,12.0
23177,30470,2024-10-30,12.0
23178,30470,2024-11-29,12.0
23179,30470,2024-12-29,12.0
23180,30471,2024-04-03,12.0
23181,30471,2024-05-03,12.0
23182,30471,2024-06-02,12.0
23183,30471,2024-07-02,12.0
23184,30471,2024-08-01,12.0
23185,30471,2024-08-31,12.0
23186,30471,2024-09-30,12.0
23187,30471,2024-10-30,12.0
23188,30471,2024-11-29,12.0
23189,30471,2024-12-29,12.0
23190,30478,2024-01-23,12.0
23191,30481,2024-05-02,24.0
23192,30481,2024-06-01,24.0
23193,30481,2024-07-01,24.0
23194,30481,2024-07-31,24.0
23195,30481,2024-08-30,24.0
23196,30481,2024-09-29,24.0
23197,30481,2024-10-29,24.0
23198,30481,2024-11-28,24.0
23199,30481,2024-12-28,24.0
23200,30484,2024-09-29,12.0
23201,30486,2024-05-22,12.0
23202,30487,2024-06-15,24.0
23203,30487,2024-07-15,24.0
23204,30487,2024-08-14,24.0
23205,30487,2024-09-13,24.0
23206,30487,2024-10-13,24.0
23207,30487,2024-11-12,24.0
23208,30487,2024-12-12,24.0
23209,30495,2024-07-25,12.0
23210,30495,2024-08-24,12.0
23211,30495,2024-09-23,12.0
23212,30495,2024-10-23,12.0
23213,30495,2024-11-22,12.0
23214,30495,2024-12-22,12.0
23215,30502,2024-04-09,24.0
23216,30506,2024-02-15,12.0
23217,30506,2024-03-16,12.0
23218,30506,2024-04-15,12.0
23219,30506,2024-05-15,12.0
23220,30506,2024-06-14,12.0
23221,30506,2024-07-14,12.0
23222,30506,2024-08-13,12.0
23223,30506,2024-09-12,12.0
23224,30506,2024-10-12,12.0
23225,30506,2024-11-11,12.0
23226,30506,2024-12-11,12.0
23227,30510,2024-10-06,12.0
23228,30515,2024-09-04,24.0
23229,30515,2024-10-04,24.0
23230,30515,2024-11-03,24.0
23231,30515,2024-12-03,24.0
23232,30517,2024-11-09,12.0
23233,30517,2024-12-09,12.0
23234,30551,2024-06-29,12.0
23235,30557,2024-01-21,24.0
23236,30558,2024-07-23,12.0
23237,30560,2024-03-19,24.0
23238,30560,2024-04-18,24.0
23239,30560,2024-05-18,24.0
23240,30560,2024-06-17,24.0
23241,30560,2024-07-17,24.0
23242,30560,2024-08-16,24.0
23243,30560,2024-09-15,24.0
23244,30560,2024-10-15,24.0
23245,30560,2024-11-14,24.0
23246,30560,2024-12-14,24.0
23247,30561,2024-04-22,12.0
23248,30561,2024-05-22,12.0
23249,30561,2024-06-21,12.0
23250,30561,2024-07-21,12.0
23251,30561,2024-08-20,12.0
23252,30561,2024-09-19,12.0
23253,30561,2024-10-19,12.0
23254,30561,2024-11-18,12.0
23255,30561,2024-12-18,12.0
23256,30574,2024-06-01,24.0
23257,30574,2024-07-01,24.0
23258,30574,2024-07-31,24.0
23259,30574,2024-08-30,24.0
23260,30574,2024-09-29,24.0
23261,30574,2024-10-29,24.0
23262,30574,2024-11-28,24.0
23263,30574,2024-12-28,24.0
23264,30575,2024-05-27,24.0
23265,30576,2024-10-19,12.0
23266,30576,2024-11-18,12.0
23267,30576,2024-12-18,12.0
23268,30583,2024-05-03,24.0
23269,30593,2024-06-04,24.0
23270,30595,2024-09-11,12.0
23271,30595,2024-10-11,12.0
23272,30595,2024-11-10,12.0
23273,30595,2024-12-10,12.0
23274,30596,2024-01-26,12.0
23275,30604,2024-03-29,12.0
23276,30605,2024-12-20,12.0
23277,30609,2024-05-14,24.0
23278,30609,2024-06-13,24.0
23279,30609,2024-07-13,24.0
23280,30609,2024-08-12,24.0
23281,30609,2024-09-11,24.0
23282,30609,2024-10-11,24.0
23283,30609,2024-11-10,24.0
23284,30609,2024-12-10,24.0
23285,30610,2024-01-25,12.0
23286,30610,2024-02-24,12.0
23287,30610,2024-03-25,12.0
23288,30610,2024-04-24,12.0
23289,30610,2024-05-24,12.0
23290,30610,2024-06-23,12.0
23291,30610,2024-07-23,12.0
23292,30610,2024-08-22,12.0
23293,30610,2024-09-21,12.0
23294,30610,2024-10-21,12.0
23295,30610,2024-11-20,12.0
23296,30610,2024-12-20,12.0
23297,30614,2024-07-04,24.0
23298,30614,2024-08-03,24.0
23299,30614,2024-09-02,24.0
23300,30614,2024-10-02,24.0
23301,30614,2024-11-01,24.0
23302,30614,2024-12-01,24.0
23303,30614,2024-12-31,24.0
23304,30615,2024-05-03,12.0
23305,30616,2024-03-11,12.0
23306,30616,2024-04-10,12.0
23307,30616,2024-05-10,12.0
23308,30616,2024-06-09,12.0
23309,30616,2024-07-09,12.0
23310,30616,2024-08-08,12.0
23311,30616,2024-09-07,12.0
23312,30616,2024-10-07,12.0
23313,30616,2024-11-06,12.0
23314,30616,2024-12-06,12.0
23315,30625,2024-12-17,12.0
23316,30629,2024-06-21,24.0
23317,30629,2024-07-21,24.0
23318,30629,2024-08-20,24.0
23319,30629,2024-09-19,24.0
23320,30629,2024-10-19,24.0
23321,30629,2024-11-18,24.0
23322,30629,2024-12-18,24.0
23323,30647,2025-01-02,12.0
23324,30673,2024-10-29,24.0
23325,30673,2024-11-28,24.0
23326,30673,2024-12-28,24.0
23327,30676,2024-09-22,12.0
23328,30676,2024-10-22,12.0
23329,30676,2024-11-21,12.0
23330,30676,2024-12-21,12.0
23331,30683,2024-12-20,12.0
23332,30685,2024-06-03,12.0
23333,30685,2024-07-03,12.0
23334,30685,2024-08-02,12.0
23335,30685,2024-09-01,12.0
23336,30685,2024-10-01,12.0
23337,30685,2024-10-31,12.0
23338,30685,2024-11-30,12.0
23339,30685,2024-12-30,12.0
23340,30686,2024-04-28,12.0
23341,30686,2024-05-28,12.0
23342,30686,2024-06-27,12.0
23343,30686,2024-07-27,12.0
23344,30686,2024-08-26,12.0
23345,30686,2024-09-25,12.0
23346,30686,2024-10-25,12.0
23347,30686,2024-11-24,12.0
23348,30686,2024-12-24,12.0
23349,30692,2024-11-16,12.0
23350,30695,2024-05-06,12.0
23351,30695,2024-06-05,12.0
23352,30695,2024-07-05,12.0
23353,30695,2024-08-04,12.0
23354,30695,2024-09-03,12.0
23355,30695,2024-10-03,12.0
23356,30695,2024-11-02,12.0
23357,30695,2024-12-02,12.0
23358,30696,2024-04-04,24.0
23359,30696,2024-05-04,24.0
23360,30696,2024-06-03,24.0
23361,30696,2024-07-03,24.0
23362,30696,2024-08-02,24.0
23363,30696,2024-09-01,24.0
23364,30696,2024-10-01,24.0
23365,30696,2024-10-31,24.0
23366,30696,2024-11-30,24.0
23367,30696,2024-12-30,24.0
23368,30706,2024-12-19,12.0
23369,30716,2024-02-14,12.0
23370,30716,2024-03-15,12.0
23371,30716,2024-04-14,12.0
23372,30716,2024-05-14,12.0
23373,30716,2024-06-13,12.0
23374,30716,2024-07-13,12.0
23375,30716,2024-08-12,12.0
23376,30716,2024-09-11,12.0
23377,30716,2024-10-11,12.0
23378,30716,2024-11-10,12.0
23379,30716,2024-12-10,12.0
23380,30717,2024-10-10,24.0
23381,30717,2024-11-09,24.0
23382,30717,2024-12-09,24.0
23383,30720,2024-11-09,12.0
23384,30720,2024-12-09,12.0
23385,30721,2024-06-04,24.0
23386,30724,2024-10-18,12.0
23387,30724,2024-11-17,12.0
23388,30724,2024-12-17,12.0
23389,30726,2024-07-25,12.0
23390,30727,2024-05-09,24.0
23391,30727,2024-06-08,24.0
23392,30727,2024-07-08,24.0
23393,30727,2024-08-07,24.0
23394,30727,2024-09-06,24.0
23395,30727,2024-10-06,24.0
23396,30727,2024-11-05,24.0
23397,30727,2024-12-05,24.0
23398,30729,2024-06-19,12.0
23399,30731,2024-07-26,12.0
23400,30734,2024-05-15,12.0
23401,30734,2024-06-14,12.0
23402,30734,2024-07-14,12.0
23403,30734,2024-08-13,12.0
23404,30734,2024-09-12,12.0
23405,30734,2024-10-12,12.0
23406,30734,2024-11-11,12.0
23407,30734,2024-12-11,12.0
23408,30737,2024-07-03,12.0
23409,30737,2024-08-02,12.0
23410,30737,2024-09-01,12.0
23411,30737,2024-10-01,12.0
23412,30737,2024-10-31,12.0
23413,30737,2024-11-30,12.0
23414,30737,2024-12-30,12.0
23415,30741,2024-03-31,24.0
23416,30748,2024-12-19,12.0
23417,30752,2024-07-30,12.0
23418,30764,2024-01-31,12.0
23419,30764,2024-03-01,12.0
23420,30764,2024-03-31,12.0
23421,30764,2024-04-30,12.0
23422,30764,2024-05-30,12.0
23423,30764,2024-06-29,12.0
23424,30764,2024-07-29,12.0
23425,30764,2024-08-28,12.0
23426,30764,2024-09-27,12.0
23427,30764,2024-10-27,12.0
23428,30764,2024-11-26,12.0
23429,30764,2024-12-26,12.0
23430,30765,2024-09-21,24.0
23431,30765,2024-10-21,24.0
23432,30765,2024-11-20,24.0
23433,30765,2024-12-20,24.0
23434,30773,2024-02-18,12.0
23435,30775,2024-05-14,24.0
23436,30775,2024-06-13,24.0
23437,30775,2024-07-13,24.0
23438,30775,2024-08-12,24.0
23439,30775,2024-09-11,24.0
23440,30775,2024-10-11,24.0
23441,30775,2024-11-10,24.0
23442,30775,2024-12-10,24.0
23443,30777,2024-03-31,12.0
23444,30796,2024-08-23,12.0
23445,30796,2024-09-22,12.0
23446,30796,2024-10-22,12.0
23447,30796,2024-11-21,12.0
23448,30796,2024-12-21,12.0
23449,30797,2024-12-05,12.0
23450,30806,2024-11-07,12.0
23451,30807,2024-08-31,24.0
23452,30807,2024-09-30,24.0
23453,30807,2024-10-30,24.0
23454,30807,2024-11-29,24.0
23455,30807,2024-12-29,24.0
23456,30810,2024-08-20,12.0
23457,30810,2024-09-19,12.0
23458,30810,2024-10-19,12.0
23459,30810,2024-11-18,12.0
23460,30810,2024-12-18,12.0
23461,30815,2025-01-02,12.0
23462,30827,2024-06-05,24.0
23463,30827,2024-07-05,24.0
23464,30827,2024-08-04,24.0
23465,30827,2024-09-03,24.0
23466,30827,2024-10-03,24.0
23467,30827,2024-11-02,24.0
23468,30827,2024-12-02,24.0
23469,30851,2024-10-17,24.0
23470,30851,2024-11-16,24.0
23471,30851,2024-12-16,24.0
23472,30852,2024-06-07,12.0
23473,30852,2024-07-07,12.0
23474,30852,2024-08-06,12.0
23475,30852,2024-09-05,12.0
23476,30852,2024-10-05,12.0
23477,30852,2024-11-04,12.0
23478,30852,2024-12-04,12.0
23479,30856,2024-10-31,24.0
23480,30876,2024-09-25,24.0
23481,30876,2024-10-25,24.0
23482,30876,2024-11-24,24.0
23483,30876,2024-12-24,24.0
23484,30878,2024-08-09,12.0
23485,30878,2024-09-08,12.0
23486,30878,2024-10-08,12.0
23487,30878,2024-11-07,12.0
23488,30878,2024-12-07,12.0
23489,30883,2024-03-06,12.0
23490,30883,2024-04-05,12.0
23491,30883,2024-05-05,12.0
23492,30883,2024-06-04,12.0
23493,30883,2024-07-04,12.0
23494,30883,2024-08-03,12.0
23495,30883,2024-09-02,12.0
23496,30883,2024-10-02,12.0
23497,30883,2024-11-01,12.0
23498,30883,2024-12-01,12.0
23499,30883,2024-12-31,12.0
23500,30886,2024-08-26,24.0
23501,30886,2024-09-25,24.0
23502,30886,2024-10-25,24.0
23503,30886,2024-11-24,24.0
23504,30886,2024-12-24,24.0
23505,30894,2024-01-22,24.0
23506,30894,2024-02-21,24.0
23507,30894,2024-03-22,24.0
23508,30894,2024-04-21,24.0
23509,30894,2024-05-21,24.0
23510,30894,2024-06-20,24.0
23511,30894,2024-07-20,24.0
23512,30894,2024-08-19,24.0
23513,30894,2024-09-18,24.0
23514,30894,2024-10-18,24.0
23515,30894,2024-11-17,24.0
23516,30894,2024-12-17,24.0
23517,30904,2024-11-09,12.0
23518,30904,2024-12-09,12.0
23519,30905,2024-08-13,24.0
23520,30914,2024-02-06,24.0
23521,30914,2024-03-07,24.0
23522,30914,2024-04-06,24.0
23523,30914,2024-05-06,24.0
23524,30914,2024-06-05,24.0
23525,30914,2024-07-05,24.0
23526,30914,2024-08-04,24.0
23527,30914,2024-09-03,24.0
23528,30914,2024-10-03,24.0
23529,30914,2024-11-02,24.0
23530,30914,2024-12-02,24.0
23531,30921,2024-06-23,12.0
23532,30921,2024-07-23,12.0
23533,30921,2024-08-22,12.0
23534,30921,2024-09-21,12.0
23535,30921,2024-10-21,12.0
23536,30921,2024-11-20,12.0
23537,30921,2024-12-20,12.0
23538,30923,2025-01-10,12.0
23539,30935,2025-01-04,12.0
23540,30941,2024-08-31,24.0
23541,30941,2024-09-30,24.0
23542,30941,2024-10-30,24.0
23543,30941,2024-11-29,24.0
23544,30941,2024-12-29,24.0
23545,30942,2024-06-21,12.0
23546,30942,2024-07-21,12.0
23547,30942,2024-08-20,12.0
23548,30942,2024-09-19,12.0
23549,30942,2024-10-19,12.0
23550,30942,2024-11-18,12.0
23551,30942,2024-12-18,12.0
23552,30958,2024-08-14,12.0
23553,30959,2024-09-08,12.0
23554,30961,2024-03-05,12.0
23555,30968,2024-02-14,24.0
23556,30968,2024-03-15,24.0
23557,30968,2024-04-14,24.0
23558,30968,2024-05-14,24.0
23559,30968,2024-06-13,24.0
23560,30968,2024-07-13,24.0
23561,30968,2024-08-12,24.0
23562,30968,2024-09-11,24.0
23563,30968,2024-10-11,24.0
23564,30968,2024-11-10,24.0
23565,30968,2024-12-10,24.0
23566,30969,2024-06-20,24.0
23567,30969,2024-07-20,24.0
23568,30969,2024-08-19,24.0
23569,30969,2024-09-18,24.0
23570,30969,2024-10-18,24.0
23571,30969,2024-11-17,24.0
23572,30969,2024-12-17,24.0
23573,30984,2024-02-15,12.0
23574,30994,2024-06-04,12.0
23575,30994,2024-07-04,12.0
23576,30994,2024-08-03,12.0
23577,30994,2024-09-02,12.0
23578,30994,2024-10-02,12.0
23579,30994,2024-11-01,12.0
23580,30994,2024-12-01,12.0
23581,30994,2024-12-31,12.0
23582,30996,2024-07-21,24.0
23583,31000,2024-11-05,12.0
23584,31003,2024-12-11,24.0
23585,31006,2024-11-01,12.0
23586,31006,2024-12-01,12.0
23587,31006,2024-12-31,12.0
23588,31014,2024-03-31,12.0
23589,31016,2024-01-21,12.0
23590,31029,2024-01-27,12.0
23591,31029,2024-02-26,12.0
23592,31029,2024-03-27,12.0
23593,31029,2024-04-26,12.0
23594,31029,2024-05-26,12.0
23595,31029,2024-06-25,12.0
23596,31029,2024-07-25,12.0
23597,31029,2024-08-24,12.0
23598,31029,2024-09-23,12.0
23599,31029,2024-10-23,12.0
23600,31029,2024-11-22,12.0
23601,31029,2024-12-22,12.0
23602,31031,2024-12-04,12.0
23603,31034,2025-01-06,12.0
23604,31038,2024-03-19,12.0
23605,31038,2024-04-18,12.0
23606,31038,2024-05-18,12.0
23607,31038,2024-06-17,12.0
23608,31038,2024-07-17,12.0
23609,31038,2024-08-16,12.0
23610,31038,2024-09-15,12.0
23611,31038,2024-10-15,12.0
23612,31038,2024-11-14,12.0
23613,31038,2024-12-14,12.0
23614,31043,2024-01-17,12.0
23615,31043,2024-02-16,12.0
23616,31043,2024-03-17,12.0
23617,31043,2024-04-16,12.0
23618,31043,2024-05-16,12.0
23619,31043,2024-06-15,12.0
23620,31043,2024-07-15,12.0
23621,31043,2024-08-14,12.0
23622,31043,2024-09-13,12.0
23623,31043,2024-10-13,12.0
23624,31043,2024-11-12,12.0
23625,31043,2024-12-12,12.0
23626,31048,2024-07-24,12.0
23627,31048,2024-08-23,12.0
23628,31048,2024-09-22,12.0
23629,31048,2024-10-22,12.0
23630,31048,2024-11-21,12.0
23631,31048,2024-12-21,12.0
23632,31052,2024-09-29,12.0
23633,31052,2024-10-29,12.0
23634,31052,2024-11-28,12.0
23635,31052,2024-12-28,12.0
23636,31053,2024-11-18,12.0
23637,31053,2024-12-18,12.0
23638,31057,2024-04-11,24.0
23639,31069,2024-05-06,12.0
23640,31069,2024-06-05,12.0
23641,31069,2024-07-05,12.0
23642,31069,2024-08-04,12.0
23643,31069,2024-09-03,12.0
23644,31069,2024-10-03,12.0
23645,31069,2024-11-02,12.0
23646,31069,2024-12-02,12.0
23647,31071,2025-01-08,12.0
23648,31077,2024-08-08,12.0
23649,31077,2024-09-07,12.0
23650,31077,2024-10-07,12.0
23651,31077,2024-11-06,12.0
23652,31077,2024-12-06,12.0
23653,31080,2024-06-05,24.0
23654,31082,2024-08-12,12.0
23655,31082,2024-09-11,12.0
23656,31082,2024-10-11,12.0
23657,31082,2024-11-10,12.0
23658,31082,2024-12-10,12.0
23659,31083,2024-11-02,12.0
23660,31097,2024-03-31,12.0
23661,31097,2024-04-30,12.0
23662,31097,2024-05-30,12.0
23663,31097,2024-06-29,12.0
23664,31097,2024-07-29,12.0
23665,31097,2024-08-28,12.0
23666,31097,2024-09-27,12.0
23667,31097,2024-10-27,12.0
23668,31097,2024-11-26,12.0
23669,31097,2024-12-26,12.0
23670,31098,2024-11-27,24.0
23671,31098,2024-12-27,24.0
23672,31099,2024-05-31,12.0
23673,31099,2024-06-30,12.0
23674,31099,2024-07-30,12.0
23675,31099,2024-08-29,12.0
23676,31099,2024-09-28,12.0
23677,31099,2024-10-28,12.0
23678,31099,2024-11-27,12.0
23679,31099,2024-12-27,12.0
23680,31101,2025-01-10,12.0
23681,31102,2024-05-14,12.0
23682,31104,2024-04-01,24.0
23683,31104,2024-05-01,24.0
23684,31104,2024-05-31,24.0
23685,31104,2024-06-30,24.0
23686,31104,2024-07-30,24.0
23687,31104,2024-08-29,24.0
23688,31104,2024-09-28,24.0
23689,31104,2024-10-28,24.0
23690,31104,2024-11-27,24.0
23691,31104,2024-12-27,24.0
23692,31105,2025-01-08,12.0
23693,31122,2025-01-10,24.0
23694,31131,2024-03-05,12.0
23695,31131,2024-04-04,12.0
23696,31131,2024-05-04,12.0
23697,31131,2024-06-03,12.0
23698,31131,2024-07-03,12.0
23699,31131,2024-08-02,12.0
23700,31131,2024-09-01,12.0
23701,31131,2024-10-01,12.0
23702,31131,2024-10-31,12.0
23703,31131,2024-11-30,12.0
23704,31131,2024-12-30,12.0
23705,31139,2024-04-13,12.0
23706,31155,2024-06-25,24.0
23707,31156,2024-02-08,12.0
23708,31156,2024-03-09,12.0
23709,31156,2024-04-08,12.0
23710,31156,2024-05-08,12.0
23711,31156,2024-06-07,12.0
23712,31156,2024-07-07,12.0
23713,31156,2024-08-06,12.0
23714,31156,2024-09-05,12.0
23715,31156,2024-10-05,12.0
23716,31156,2024-11-04,12.0
23717,31156,2024-12-04,12.0
23718,31167,2024-05-04,12.0
23719,31167,2024-06-03,12.0
23720,31167,2024-07-03,12.0
23721,31167,2024-08-02,12.0
23722,31167,2024-09-01,12.0
23723,31167,2024-10-01,12.0
23724,31167,2024-10-31,12.0
23725,31167,2024-11-30,12.0
23726,31167,2024-12-30,12.0
23727,31168,2024-04-02,12.0
23728,31168,2024-05-02,12.0
23729,31168,2024-06-01,12.0
23730,31168,2024-07-01,12.0
23731,31168,2024-07-31,12.0
23732,31168,2024-08-30,12.0
23733,31168,2024-09-29,12.0
23734,31168,2024-10-29,12.0
23735,31168,2024-11-28,12.0
23736,31168,2024-12-28,12.0
23737,31174,2024-05-01,12.0
23738,31174,2024-05-31,12.0
23739,31174,2024-06-30,12.0
23740,31174,2024-07-30,12.0
23741,31174,2024-08-29,12.0
23742,31174,2024-09-28,12.0
23743,31174,2024-10-28,12.0
23744,31174,2024-11-27,12.0
23745,31174,2024-12-27,12.0
23746,31180,2024-03-08,12.0
23747,31180,2024-04-07,12.0
23748,31180,2024-05-07,12.0
23749,31180,2024-06-06,12.0
23750,31180,2024-07-06,12.0
23751,31180,2024-08-05,12.0
23752,31180,2024-09-04,12.0
23753,31180,2024-10-04,12.0
23754,31180,2024-11-03,12.0
23755,31180,2024-12-03,12.0
23756,31183,2024-11-04,12.0
23757,31183,2024-12-04,12.0
23758,31185,2024-10-18,12.0
23759,31185,2024-11-17,12.0
23760,31185,2024-12-17,12.0
23761,31187,2024-02-07,12.0
23762,31190,2024-10-09,12.0
23763,31190,2024-11-08,12.0
23764,31190,2024-12-08,12.0
23765,31198,2024-07-11,12.0
23766,31198,2024-08-10,12.0
23767,31198,2024-09-09,12.0
23768,31198,2024-10-09,12.0
23769,31198,2024-11-08,12.0
23770,31198,2024-12-08,12.0
23771,31200,2024-08-13,24.0
23772,31200,2024-09-12,24.0
23773,31200,2024-10-12,24.0
23774,31200,2024-11-11,24.0
23775,31200,2024-12-11,24.0
23776,31201,2024-11-11,12.0
23777,31201,2024-12-11,12.0
23778,31212,2024-09-24,12.0
23779,31212,2024-10-24,12.0
23780,31212,2024-11-23,12.0
23781,31212,2024-12-23,12.0
23782,31215,2024-09-12,12.0
23783,31215,2024-10-12,12.0
23784,31215,2024-11-11,12.0
23785,31215,2024-12-11,12.0
23786,31218,2024-10-06,12.0
23787,31220,2024-12-24,24.0
23788,31225,2024-04-29,24.0
23789,31226,2024-07-13,24.0
23790,31226,2024-08-12,24.0
23791,31226,2024-09-11,24.0
23792,31226,2024-10-11,24.0
23793,31226,2024-11-10,24.0
23794,31226,2024-12-10,24.0
23795,31228,2024-01-27,12.0
23796,31228,2024-02-26,12.0
23797,31228,2024-03-27,12.0
23798,31228,2024-04-26,12.0
23799,31228,2024-05-26,12.0
23800,31228,2024-06-25,12.0
23801,31228,2024-07-25,12.0
23802,31228,2024-08-24,12.0
23803,31228,2024-09-23,12.0
23804,31228,2024-10-23,12.0
23805,31228,2024-11-22,12.0
23806,31228,2024-12-22,12.0
23807,31229,2024-02-28,12.0
23808,31243,2024-02-18,12.0
23809,31248,2024-06-10,12.0
23810,31248,2024-07-10,12.0
23811,31248,2024-08-09,12.0
23812,31248,2024-09-08,12.0
23813,31248,2024-10-08,12.0
23814,31248,2024-11-07,12.0
23815,31248,2024-12-07,12.0
23816,31251,2024-04-11,12.0
23817,31251,2024-05-11,12.0
23818,31251,2024-06-10,12.0
23819,31251,2024-07-10,12.0
23820,31251,2024-08-09,12.0
23821,31251,2024-09-08,12.0
23822,31251,2024-10-08,12.0
23823,31251,2024-11-07,12.0
23824,31251,2024-12-07,12.0
23825,31261,2024-06-09,24.0
23826,31267,2024-06-23,24.0
23827,31267,2024-07-23,24.0
23828,31267,2024-08-22,24.0
23829,31267,2024-09-21,24.0
23830,31267,2024-10-21,24.0
23831,31267,2024-11-20,24.0
23832,31267,2024-12-20,24.0
23833,31269,2024-04-16,24.0
23834,31269,2024-05-16,24.0
23835,31269,2024-06-15,24.0
23836,31269,2024-07-15,24.0
23837,31269,2024-08-14,24.0
23838,31269,2024-09-13,24.0
23839,31269,2024-10-13,24.0
23840,31269,2024-11-12,24.0
23841,31269,2024-12-12,24.0
23842,31270,2024-07-14,24.0
23843,31270,2024-08-13,24.0
23844,31270,2024-09-12,24.0
23845,31270,2024-10-12,24.0
23846,31270,2024-11-11,24.0
23847,31270,2024-12-11,24.0
23848,31274,2024-05-27,24.0
23849,31285,2024-12-15,24.0
23850,31297,2024-03-14,12.0
23851,31297,2024-04-13,12.0
23852,31297,2024-05-13,12.0
23853,31297,2024-06-12,12.0
23854,31297,2024-07-12,12.0
23855,31297,2024-08-11,12.0
23856,31297,2024-09-10,12.0
23857,31297,2024-10-10,12.0
23858,31297,2024-11-09,12.0
23859,31297,2024-12-09,12.0
23860,31299,2024-04-24,12.0
23861,31301,2024-02-22,12.0
23862,31305,2024-12-26,24.0
23863,31311,2024-09-16,12.0
23864,31311,2024-10-16,12.0
23865,31311,2024-11-15,12.0
23866,31311,2024-12-15,12.0
23867,31312,2024-11-15,12.0
23868,31313,2024-06-07,12.0
23869,31313,2024-07-07,12.0
23870,31313,2024-08-06,12.0
23871,31313,2024-09-05,12.0
23872,31313,2024-10-05,12.0
23873,31313,2024-11-04,12.0
23874,31313,2024-12-04,12.0
23875,31320,2024-03-11,12.0
23876,31321,2024-09-17,12.0
23877,31321,2024-10-17,12.0
23878,31321,2024-11-16,12.0
23879,31321,2024-12-16,12.0
23880,31323,2024-06-29,12.0
23881,31323,2024-07-29,12.0
23882,31323,2024-08-28,12.0
23883,31323,2024-09-27,12.0
23884,31323,2024-10-27,12.0
23885,31323,2024-11-26,12.0
23886,31323,2024-12-26,12.0
23887,31324,2025-01-08,12.0
23888,31334,2024-08-30,24.0
23889,31334,2024-09-29,24.0
23890,31334,2024-10-29,24.0
23891,31334,2024-11-28,24.0
23892,31334,2024-12-28,24.0
23893,31335,2024-10-09,24.0
23894,31335,2024-11-08,24.0
23895,31335,2024-12-08,24.0
23896,31341,2024-09-27,24.0
23897,31341,2024-10-27,24.0
23898,31341,2024-11-26,24.0
23899,31341,2024-12-26,24.0
23900,31348,2024-11-02,12.0
23901,31348,2024-12-02,12.0
23902,31361,2024-01-28,24.0
23903,31369,2024-07-11,12.0
23904,31369,2024-08-10,12.0
23905,31369,2024-09-09,12.0
23906,31369,2024-10-09,12.0
23907,31369,2024-11-08,12.0
23908,31369,2024-12-08,12.0
23909,31373,2024-09-21,12.0
23910,31382,2024-12-13,12.0
23911,31385,2024-04-17,24.0
23912,31385,2024-05-17,24.0
23913,31385,2024-06-16,24.0
23914,31385,2024-07-16,24.0
23915,31385,2024-08-15,24.0
23916,31385,2024-09-14,24.0
23917,31385,2024-10-14,24.0
23918,31385,2024-11-13,24.0
23919,31385,2024-12-13,24.0
23920,31388,2024-10-23,12.0
23921,31403,2024-07-18,12.0
23922,31403,2024-08-17,12.0
23923,31403,2024-09-16,12.0
23924,31403,2024-10-16,12.0
23925,31403,2024-11-15,12.0
23926,31403,2024-12-15,12.0
23927,31407,2024-07-25,12.0
23928,31407,2024-08-24,12.0
23929,31407,2024-09-23,12.0
23930,31407,2024-10-23,12.0
23931,31407,2024-11-22,12.0
23932,31407,2024-12-22,12.0
23933,31413,2024-06-07,12.0
23934,31418,2024-06-30,12.0
23935,31422,2024-11-25,12.0
23936,31422,2024-12-25,12.0
23937,31424,2024-09-20,12.0
23938,31425,2024-10-26,24.0
23939,31433,2025-01-05,12.0
23940,31436,2024-09-11,12.0
23941,31438,2024-05-24,12.0
23942,31441,2024-08-15,12.0
23943,31441,2024-09-14,12.0
23944,31441,2024-10-14,12.0
23945,31441,2024-11-13,12.0
23946,31441,2024-12-13,12.0
23947,31444,2024-04-19,24.0
23948,31444,2024-05-19,24.0
23949,31444,2024-06-18,24.0
23950,31444,2024-07-18,24.0
23951,31444,2024-08-17,24.0
23952,31444,2024-09-16,24.0
23953,31444,2024-10-16,24.0
23954,31444,2024-11-15,24.0
23955,31444,2024-12-15,24.0
23956,31449,2024-07-13,12.0
23957,31449,2024-08-12,12.0
23958,31449,2024-09-11,12.0
23959,31449,2024-10-11,12.0
23960,31449,2024-11-10,12.0
23961,31449,2024-12-10,12.0
23962,31454,2025-01-10,12.0
23963,31455,2024-10-14,12.0
23964,31456,2024-12-17,12.0
23965,31458,2024-11-30,24.0
23966,31458,2024-12-30,24.0
23967,31460,2024-08-11,12.0
23968,31460,2024-09-10,12.0
23969,31460,2024-10-10,12.0
23970,31460,2024-11-09,12.0
23971,31460,2024-12-09,12.0
23972,31463,2024-08-22,12.0
23973,31463,2024-09-21,12.0
23974,31463,2024-10-21,12.0
23975,31463,2024-11-20,12.0
23976,31463,2024-12-20,12.0
23977,31467,2024-06-22,12.0
23978,31467,2024-07-22,12.0
23979,31467,2024-08-21,12.0
23980,31467,2024-09-20,12.0
23981,31467,2024-10-20,12.0
23982,31467,2024-11-19,12.0
23983,31467,2024-12-19,12.0
23984,31468,2024-12-29,12.0
23985,31473,2024-02-01,12.0
23986,31475,2024-01-27,12.0
23987,31475,2024-02-26,12.0
23988,31475,2024-03-27,12.0
23989,31475,2024-04-26,12.0
23990,31475,2024-05-26,12.0
23991,31475,2024-06-25,12.0
23992,31475,2024-07-25,12.0
23993,31475,2024-08-24,12.0
23994,31475,2024-09-23,12.0
23995,31475,2024-10-23,12.0
23996,31475,2024-11-22,12.0
23997,31475,2024-12-22,12.0
23998,31476,2024-03-24,24.0
23999,31483,2025-01-08,12.0
24000,31484,2024-06-26,12.0
24001,31484,2024-07-26,12.0
24002,31484,2024-08-25,12.0
24003,31484,2024-09-24,12.0
24004,31484,2024-10-24,12.0
24005,31484,2024-11-23,12.0
24006,31484,2024-12-23,12.0
24007,31488,2024-06-03,12.0
24008,31491,2024-09-30,12.0
24009,31491,2024-10-30,12.0
24010,31491,2024-11-29,12.0
24011,31491,2024-12-29,12.0
24012,31511,2024-05-09,24.0
24013,31514,2024-05-13,12.0
24014,31514,2024-06-12,12.0
24015,31514,2024-07-12,12.0
24016,31514,2024-08-11,12.0
24017,31514,2024-09-10,12.0
24018,31514,2024-10-10,12.0
24019,31514,2024-11-09,12.0
24020,31514,2024-12-09,12.0
24021,31516,2024-04-23,12.0
24022,31516,2024-05-23,12.0
24023,31516,2024-06-22,12.0
24024,31516,2024-07-22,12.0
24025,31516,2024-08-21,12.0
24026,31516,2024-09-20,12.0
24027,31516,2024-10-20,12.0
24028,31516,2024-11-19,12.0
24029,31516,2024-12-19,12.0
24030,31527,2024-06-14,12.0
24031,31534,2024-10-13,12.0
24032,31551,2024-11-15,24.0
24033,31560,2024-03-05,12.0
24034,31560,2024-04-04,12.0
24035,31560,2024-05-04,12.0
24036,31560,2024-06-03,12.0
24037,31560,2024-07-03,12.0
24038,31560,2024-08-02,12.0
24039,31560,2024-09-01,12.0
24040,31560,2024-10-01,12.0
24041,31560,2024-10-31,12.0
24042,31560,2024-11-30,12.0
24043,31560,2024-12-30,12.0
24044,31563,2024-08-29,12.0
24045,31563,2024-09-28,12.0
24046,31563,2024-10-28,12.0
24047,31563,2024-11-27,12.0
24048,31563,2024-12-27,12.0
24049,31564,2024-06-19,24.0
24050,31564,2024-07-19,24.0
24051,31564,2024-08-18,24.0
24052,31564,2024-09-17,24.0
24053,31564,2024-10-17,24.0
24054,31564,2024-11-16,24.0
24055,31564,2024-12-16,24.0
24056,31569,2024-03-20,24.0
24057,31569,2024-04-19,24.0
24058,31569,2024-05-19,24.0
24059,31569,2024-06-18,24.0
24060,31569,2024-07-18,24.0
24061,31569,2024-08-17,24.0
24062,31569,2024-09-16,24.0
24063,31569,2024-10-16,24.0
24064,31569,2024-11-15,24.0
24065,31569,2024-12-15,24.0
24066,31588,2024-05-30,24.0
24067,31588,2024-06-29,24.0
24068,31588,2024-07-29,24.0
24069,31588,2024-08-28,24.0
24070,31588,2024-09-27,24.0
24071,31588,2024-10-27,24.0
24072,31588,2024-11-26,24.0
24073,31588,2024-12-26,24.0
24074,31596,2024-12-01,12.0
24075,31599,2024-02-14,12.0
24076,31602,2024-02-10,12.0
24077,31604,2024-03-31,12.0
24078,31606,2024-09-03,12.0
24079,31606,2024-10-03,12.0
24080,31606,2024-11-02,12.0
24081,31606,2024-12-02,12.0
24082,31621,2024-02-01,12.0
24083,31621,2024-03-02,12.0
24084,31621,2024-04-01,12.0
24085,31621,2024-05-01,12.0
24086,31621,2024-05-31,12.0
24087,31621,2024-06-30,12.0
24088,31621,2024-07-30,12.0
24089,31621,2024-08-29,12.0
24090,31621,2024-09-28,12.0
24091,31621,2024-10-28,12.0
24092,31621,2024-11-27,12.0
24093,31621,2024-12-27,12.0
24094,31624,2024-07-08,12.0
24095,31624,2024-08-07,12.0
24096,31624,2024-09-06,12.0
24097,31624,2024-10-06,12.0
24098,31624,2024-11-05,12.0
24099,31624,2024-12-05,12.0
24100,31633,2024-02-20,12.0
24101,31643,2024-12-02,12.0
24102,31644,2024-01-25,12.0
24103,31647,2024-07-23,12.0
24104,31655,2024-12-03,12.0
24105,31660,2024-02-21,12.0
24106,31660,2024-03-22,12.0
24107,31660,2024-04-21,12.0
24108,31660,2024-05-21,12.0
24109,31660,2024-06-20,12.0
24110,31660,2024-07-20,12.0
24111,31660,2024-08-19,12.0
24112,31660,2024-09-18,12.0
24113,31660,2024-10-18,12.0
24114,31660,2024-11-17,12.0
24115,31660,2024-12-17,12.0
24116,31663,2024-02-05,24.0
24117,31663,2024-03-06,24.0
24118,31663,2024-04-05,24.0
24119,31663,2024-05-05,24.0
24120,31663,2024-06-04,24.0
24121,31663,2024-07-04,24.0
24122,31663,2024-08-03,24.0
24123,31663,2024-09-02,24.0
24124,31663,2024-10-02,24.0
24125,31663,2024-11-01,24.0
24126,31663,2024-12-01,24.0
24127,31663,2024-12-31,24.0
24128,31674,2024-08-12,12.0
24129,31674,2024-09-11,12.0
24130,31674,2024-10-11,12.0
24131,31674,2024-11-10,12.0
24132,31674,2024-12-10,12.0
24133,31677,2024-02-02,12.0
24134,31677,2024-03-03,12.0
24135,31677,2024-04-02,12.0
24136,31677,2024-05-02,12.0
24137,31677,2024-06-01,12.0
24138,31677,2024-07-01,12.0
24139,31677,2024-07-31,12.0
24140,31677,2024-08-30,12.0
24141,31677,2024-09-29,12.0
24142,31677,2024-10-29,12.0
24143,31677,2024-11-28,12.0
24144,31677,2024-12-28,12.0
24145,31685,2024-06-07,24.0
24146,31685,2024-07-07,24.0
24147,31685,2024-08-06,24.0
24148,31685,2024-09-05,24.0
24149,31685,2024-10-05,24.0
24150,31685,2024-11-04,24.0
24151,31685,2024-12-04,24.0
24152,31689,2024-10-14,12.0
24153,31689,2024-11-13,12.0
24154,31689,2024-12-13,12.0
24155,31692,2024-12-24,12.0
24156,31694,2024-03-24,24.0
24157,31694,2024-04-23,24.0
24158,31694,2024-05-23,24.0
24159,31694,2024-06-22,24.0
24160,31694,2024-07-22,24.0
24161,31694,2024-08-21,24.0
24162,31694,2024-09-20,24.0
24163,31694,2024-10-20,24.0
24164,31694,2024-11-19,24.0
24165,31694,2024-12-19,24.0
24166,31696,2024-08-03,24.0
24167,31696,2024-09-02,24.0
24168,31696,2024-10-02,24.0
24169,31696,2024-11-01,24.0
24170,31696,2024-12-01,24.0
24171,31696,2024-12-31,24.0
24172,31712,2024-07-26,24.0
24173,31730,2024-04-19,24.0
24174,31730,2024-05-19,24.0
24175,31730,2024-06-18,24.0
24176,31730,2024-07-18,24.0
24177,31730,2024-08-17,24.0
24178,31730,2024-09-16,24.0
24179,31730,2024-10-16,24.0
24180,31730,2024-11-15,24.0
24181,31730,2024-12-15,24.0
24182,31738,2024-07-07,24.0
24183,31740,2024-10-03,24.0
24184,31740,2024-11-02,24.0
24185,31740,2024-12-02,24.0
24186,31745,2024-10-02,24.0
24187,31765,2024-12-15,12.0
24188,31770,2024-07-06,12.0
24189,31770,2024-08-05,12.0
24190,31770,2024-09-04,12.0
24191,31770,2024-10-04,12.0
24192,31770,2024-11-03,12.0
24193,31770,2024-12-03,12.0
24194,31777,2024-04-10,24.0
24195,31795,2024-10-09,12.0
24196,31795,2024-11-08,12.0
24197,31795,2024-12-08,12.0
24198,31803,2024-12-02,12.0
24199,31811,2024-04-17,12.0
24200,31811,2024-05-17,12.0
24201,31811,2024-06-16,12.0
24202,31811,2024-07-16,12.0
24203,31811,2024-08-15,12.0
24204,31811,2024-09-14,12.0
24205,31811,2024-10-14,12.0
24206,31811,2024-11-13,12.0
24207,31811,2024-12-13,12.0
24208,31826,2024-06-16,12.0
24209,31826,2024-07-16,12.0
24210,31826,2024-08-15,12.0
24211,31826,2024-09-14,12.0
24212,31826,2024-10-14,12.0
24213,31826,2024-11-13,12.0
24214,31826,2024-12-13,12.0
24215,31829,2024-12-31,12.0
24216,31834,2024-09-11,24.0
24217,31839,2024-07-10,24.0
24218,31839,2024-08-09,24.0
24219,31839,2024-09-08,24.0
24220,31839,2024-10-08,24.0
24221,31839,2024-11-07,24.0
24222,31839,2024-12-07,24.0
24223,31842,2024-02-21,12.0
24224,31842,2024-03-22,12.0
24225,31842,2024-04-21,12.0
24226,31842,2024-05-21,12.0
24227,31842,2024-06-20,12.0
24228,31842,2024-07-20,12.0
24229,31842,2024-08-19,12.0
24230,31842,2024-09-18,12.0
24231,31842,2024-10-18,12.0
24232,31842,2024-11-17,12.0
24233,31842,2024-12-17,12.0
24234,31846,2024-03-26,24.0
24235,31846,2024-04-25,24.0
24236,31846,2024-05-25,24.0
24237,31846,2024-06-24,24.0
24238,31846,2024-07-24,24.0
24239,31846,2024-08-23,24.0
24240,31846,2024-09-22,24.0
24241,31846,2024-10-22,24.0
24242,31846,2024-11-21,24.0
24243,31846,2024-12-21,24.0
24244,31848,2024-10-26,24.0
24245,31853,2024-09-11,12.0
24246,31853,2024-10-11,12.0
24247,31853,2024-11-10,12.0
24248,31853,2024-12-10,12.0
24249,31859,2024-10-03,12.0
24250,31859,2024-11-02,12.0
24251,31859,2024-12-02,12.0
24252,31860,2024-12-28,24.0
24253,31861,2024-02-24,24.0
24254,31861,2024-03-25,24.0
24255,31861,2024-04-24,24.0
24256,31861,2024-05-24,24.0
24257,31861,2024-06-23,24.0
24258,31861,2024-07-23,24.0
24259,31861,2024-08-22,24.0
24260,31861,2024-09-21,24.0
24261,31861,2024-10-21,24.0
24262,31861,2024-11-20,24.0
24263,31861,2024-12-20,24.0
24264,31862,2024-08-01,12.0
24265,31862,2024-08-31,12.0
24266,31862,2024-09-30,12.0
24267,31862,2024-10-30,12.0
24268,31862,2024-11-29,12.0
24269,31862,2024-12-29,12.0
24270,31865,2024-02-14,12.0
24271,31865,2024-03-15,12.0
24272,31865,2024-04-14,12.0
24273,31865,2024-05-14,12.0
24274,31865,2024-06-13,12.0
24275,31865,2024-07-13,12.0
24276,31865,2024-08-12,12.0
24277,31865,2024-09-11,12.0
24278,31865,2024-10-11,12.0
24279,31865,2024-11-10,12.0
24280,31865,2024-12-10,12.0
24281,31866,2024-05-14,12.0
24282,31866,2024-06-13,12.0
24283,31866,2024-07-13,12.0
24284,31866,2024-08-12,12.0
24285,31866,2024-09-11,12.0
24286,31866,2024-10-11,12.0
24287,31866,2024-11-10,12.0
24288,31866,2024-12-10,12.0
24289,31870,2024-09-18,24.0
24290,31875,2024-03-18,12.0
24291,31875,2024-04-17,12.0
24292,31875,2024-05-17,12.0
24293,31875,2024-06-16,12.0
24294,31875,2024-07-16,12.0
24295,31875,2024-08-15,12.0
24296,31875,2024-09-14,12.0
24297,31875,2024-10-14,12.0
24298,31875,2024-11-13,12.0
24299,31875,2024-12-13,12.0
24300,31880,2024-09-09,12.0
24301,31882,2024-09-06,12.0
24302,31883,2024-09-22,24.0
24303,31897,2024-07-01,24.0
24304,31897,2024-07-31,24.0
24305,31897,2024-08-30,24.0
24306,31897,2024-09-29,24.0
24307,31897,2024-10-29,24.0
24308,31897,2024-11-28,24.0
24309,31897,2024-12-28,24.0
24310,31900,2024-08-07,12.0
24311,31904,2024-07-25,12.0
24312,31904,2024-08-24,12.0
24313,31904,2024-09-23,12.0
24314,31904,2024-10-23,12.0
24315,31904,2024-11-22,12.0
24316,31904,2024-12-22,12.0
24317,31917,2024-05-23,12.0
24318,31918,2025-01-03,24.0
24319,31919,2024-07-14,24.0
24320,31919,2024-08-13,24.0
24321,31919,2024-09-12,24.0
24322,31919,2024-10-12,24.0
24323,31919,2024-11-11,24.0
24324,31919,2024-12-11,24.0
24325,31933,2024-01-29,12.0
24326,31936,2024-08-21,24.0
24327,31936,2024-09-20,24.0
24328,31936,2024-10-20,24.0
24329,31936,2024-11-19,24.0
24330,31936,2024-12-19,24.0
24331,31938,2024-10-31,24.0
24332,31938,2024-11-30,24.0
24333,31938,2024-12-30,24.0
24334,31954,2024-04-08,12.0
24335,31954,2024-05-08,12.0
24336,31954,2024-06-07,12.0
24337,31954,2024-07-07,12.0
24338,31954,2024-08-06,12.0
24339,31954,2024-09-05,12.0
24340,31954,2024-10-05,12.0
24341,31954,2024-11-04,12.0
24342,31954,2024-12-04,12.0
24343,31955,2025-01-11,12.0
24344,31967,2024-10-16,12.0
24345,31967,2024-11-15,12.0
24346,31967,2024-12-15,12.0
24347,31975,2024-03-23,24.0
24348,31978,2025-01-10,12.0
24349,31991,2024-12-07,12.0
24350,31993,2024-10-03,24.0
24351,31996,2024-08-20,12.0
24352,32003,2024-05-27,12.0
24353,32003,2024-06-26,12.0
24354,32003,2024-07-26,12.0
24355,32003,2024-08-25,12.0
24356,32003,2024-09-24,12.0
24357,32003,2024-10-24,12.0
24358,32003,2024-11-23,12.0
24359,32003,2024-12-23,12.0
24360,32015,2024-03-27,12.0
24361,32015,2024-04-26,12.0
24362,32015,2024-05-26,12.0
24363,32015,2024-06-25,12.0
24364,32015,2024-07-25,12.0
24365,32015,2024-08-24,12.0
24366,32015,2024-09-23,12.0
24367,32015,2024-10-23,12.0
24368,32015,2024-11-22,12.0
24369,32015,2024-12-22,12.0
24370,32017,2024-05-07,24.0
24371,32017,2024-06-06,24.0
24372,32017,2024-07-06,24.0
24373,32017,2024-08-05,24.0
24374,32017,2024-09-04,24.0
24375,32017,2024-10-04,24.0
24376,32017,2024-11-03,24.0
24377,32017,2024-12-03,24.0
24378,32023,2024-12-28,24.0
24379,32025,2024-07-12,12.0
24380,32025,2024-08-11,12.0
24381,32025,2024-09-10,12.0
24382,32025,2024-10-10,12.0
24383,32025,2024-11-09,12.0
24384,32025,2024-12-09,12.0
24385,32026,2024-02-09,12.0
24386,32026,2024-03-10,12.0
24387,32026,2024-04-09,12.0
24388,32026,2024-05-09,12.0
24389,32026,2024-06-08,12.0
24390,32026,2024-07-08,12.0
24391,32026,2024-08-07,12.0
24392,32026,2024-09-06,12.0
24393,32026,2024-10-06,12.0
24394,32026,2024-11-05,12.0
24395,32026,2024-12-05,12.0
24396,32032,2024-08-19,24.0
24397,32032,2024-09-18,24.0
24398,32032,2024-10-18,24.0
24399,32032,2024-11-17,24.0
24400,32032,2024-12-17,24.0
24401,32035,2024-09-07,12.0
24402,32037,2024-07-23,12.0
24403,32037,2024-08-22,12.0
24404,32037,2024-09-21,12.0
24405,32037,2024-10-21,12.0
24406,32037,2024-11-20,12.0
24407,32037,2024-12-20,12.0
24408,32040,2024-11-30,12.0
24409,32040,2024-12-30,12.0
24410,32047,2024-02-16,24.0
24411,32047,2024-03-17,24.0
24412,32047,2024-04-16,24.0
24413,32047,2024-05-16,24.0
24414,32047,2024-06-15,24.0
24415,32047,2024-07-15,24.0
24416,32047,2024-08-14,24.0
24417,32047,2024-09-13,24.0
24418,32047,2024-10-13,24.0
24419,32047,2024-11-12,24.0
24420,32047,2024-12-12,24.0
24421,32052,2024-03-30,24.0
24422,32052,2024-04-29,24.0
24423,32052,2024-05-29,24.0
24424,32052,2024-06-28,24.0
24425,32052,2024-07-28,24.0
24426,32052,2024-08-27,24.0
24427,32052,2024-09-26,24.0
24428,32052,2024-10-26,24.0
24429,32052,2024-11-25,24.0
24430,32052,2024-12-25,24.0
24431,32061,2024-08-30,24.0
24432,32061,2024-09-29,24.0
24433,32061,2024-10-29,24.0
24434,32061,2024-11-28,24.0
24435,32061,2024-12-28,24.0
24436,32077,2024-10-26,12.0
24437,32077,2024-11-25,12.0
24438,32077,2024-12-25,12.0
24439,32091,2024-12-24,24.0
24440,32093,2024-12-29,24.0
24441,32094,2024-05-17,24.0
24442,32112,2024-12-23,24.0
24443,32117,2024-08-01,12.0
24444,32117,2024-08-31,12.0
24445,32117,2024-09-30,12.0
24446,32117,2024-10-30,12.0
24447,32117,2024-11-29,12.0
24448,32117,2024-12-29,12.0
24449,32122,2024-06-03,12.0
24450,32122,2024-07-03,12.0
24451,32122,2024-08-02,12.0
24452,32122,2024-09-01,12.0
24453,32122,2024-10-01,12.0
24454,32122,2024-10-31,12.0
24455,32122,2024-11-30,12.0
24456,32122,2024-12-30,12.0
24457,32128,2024-07-24,12.0
24458,32129,2024-08-05,12.0
24459,32135,2024-05-22,24.0
24460,32135,2024-06-21,24.0
24461,32135,2024-07-21,24.0
24462,32135,2024-08-20,24.0
24463,32135,2024-09-19,24.0
24464,32135,2024-10-19,24.0
24465,32135,2024-11-18,24.0
24466,32135,2024-12-18,24.0
24467,32139,2024-10-26,12.0
24468,32149,2024-08-05,24.0
24469,32150,2024-12-06,12.0
24470,32156,2024-09-08,24.0
24471,32156,2024-10-08,24.0
24472,32156,2024-11-07,24.0
24473,32156,2024-12-07,24.0
24474,32160,2024-03-31,12.0
24475,32160,2024-04-30,12.0
24476,32160,2024-05-30,12.0
24477,32160,2024-06-29,12.0
24478,32160,2024-07-29,12.0
24479,32160,2024-08-28,12.0
24480,32160,2024-09-27,12.0
24481,32160,2024-10-27,12.0
24482,32160,2024-11-26,12.0
24483,32160,2024-12-26,12.0
24484,32166,2024-07-29,12.0
24485,32168,2024-07-31,12.0
24486,32172,2024-06-16,12.0
24487,32172,2024-07-16,12.0
24488,32172,2024-08-15,12.0
24489,32172,2024-09-14,12.0
24490,32172,2024-10-14,12.0
24491,32172,2024-11-13,12.0
24492,32172,2024-12-13,12.0
24493,32177,2025-01-10,12.0
24494,32178,2024-01-28,24.0
24495,32178,2024-02-27,24.0
24496,32178,2024-03-28,24.0
24497,32178,2024-04-27,24.0
24498,32178,2024-05-27,24.0
24499,32178,2024-06-26,24.0
24500,32178,2024-07-26,24.0
24501,32178,2024-08-25,24.0
24502,32178,2024-09-24,24.0
24503,32178,2024-10-24,24.0
24504,32178,2024-11-23,24.0
24505,32178,2024-12-23,24.0
24506,32181,2024-06-04,12.0
24507,32186,2024-12-14,24.0
24508,32194,2024-03-07,12.0
24509,32203,2024-04-03,12.0
24510,32203,2024-05-03,12.0
24511,32203,2024-06-02,12.0
24512,32203,2024-07-02,12.0
24513,32203,2024-08-01,12.0
24514,32203,2024-08-31,12.0
24515,32203,2024-09-30,12.0
24516,32203,2024-10-30,12.0
24517,32203,2024-11-29,12.0
24518,32203,2024-12-29,12.0
24519,32207,2024-04-06,12.0
24520,32207,2024-05-06,12.0
24521,32207,2024-06-05,12.0
24522,32207,2024-07-05,12.0
24523,32207,2024-08-04,12.0
24524,32207,2024-09-03,12.0
24525,32207,2024-10-03,12.0
24526,32207,2024-11-02,12.0
24527,32207,2024-12-02,12.0
24528,32215,2024-09-29,12.0
24529,32216,2024-07-14,24.0
24530,32216,2024-08-13,24.0
24531,32216,2024-09-12,24.0
24532,32216,2024-10-12,24.0
24533,32216,2024-11-11,24.0
24534,32216,2024-12-11,24.0
24535,32218,2024-07-29,12.0
24536,32218,2024-08-28,12.0
24537,32218,2024-09-27,12.0
24538,32218,2024-10-27,12.0
24539,32218,2024-11-26,12.0
24540,32218,2024-12-26,12.0
24541,32221,2024-11-22,12.0
24542,32234,2024-02-06,24.0
24543,32234,2024-03-07,24.0
24544,32234,2024-04-06,24.0
24545,32234,2024-05-06,24.0
24546,32234,2024-06-05,24.0
24547,32234,2024-07-05,24.0
24548,32234,2024-08-04,24.0
24549,32234,2024-09-03,24.0
24550,32234,2024-10-03,24.0
24551,32234,2024-11-02,24.0
24552,32234,2024-12-02,24.0
24553,32245,2024-10-07,12.0
24554,32245,2024-11-06,12.0
24555,32245,2024-12-06,12.0
24556,32249,2024-10-26,12.0
24557,32249,2024-11-25,12.0
24558,32249,2024-12-25,12.0
24559,32255,2024-10-19,12.0
24560,32255,2024-11-18,12.0
24561,32255,2024-12-18,12.0
24562,32259,2024-08-30,24.0
24563,32259,2024-09-29,24.0
24564,32259,2024-10-29,24.0
24565,32259,2024-11-28,24.0
24566,32259,2024-12-28,24.0
24567,32268,2024-02-13,12.0
24568,32268,2024-03-14,12.0
24569,32268,2024-04-13,12.0
24570,32268,2024-05-13,12.0
24571,32268,2024-06-12,12.0
24572,32268,2024-07-12,12.0
24573,32268,2024-08-11,12.0
24574,32268,2024-09-10,12.0
24575,32268,2024-10-10,12.0
24576,32268,2024-11-09,12.0
24577,32268,2024-12-09,12.0
24578,32277,2024-07-23,12.0
24579,32277,2024-08-22,12.0
24580,32277,2024-09-21,12.0
24581,32277,2024-10-21,12.0
24582,32277,2024-11-20,12.0
24583,32277,2024-12-20,12.0
24584,32279,2024-12-03,12.0
24585,32281,2024-07-29,12.0
24586,32281,2024-08-28,12.0
24587,32281,2024-09-27,12.0
24588,32281,2024-10-27,12.0
24589,32281,2024-11-26,12.0
24590,32281,2024-12-26,12.0
24591,32283,2024-07-22,24.0
24592,32283,2024-08-21,24.0
24593,32283,2024-09-20,24.0
24594,32283,2024-10-20,24.0
24595,32283,2024-11-19,24.0
24596,32283,2024-12-19,24.0
24597,32285,2024-05-17,24.0
24598,32285,2024-06-16,24.0
24599,32285,2024-07-16,24.0
24600,32285,2024-08-15,24.0
24601,32285,2024-09-14,24.0
24602,32285,2024-10-14,24.0
24603,32285,2024-11-13,24.0
24604,32285,2024-12-13,24.0
24605,32286,2024-02-07,12.0
24606,32286,2024-03-08,12.0
24607,32286,2024-04-07,12.0
24608,32286,2024-05-07,12.0
24609,32286,2024-06-06,12.0
24610,32286,2024-07-06,12.0
24611,32286,2024-08-05,12.0
24612,32286,2024-09-04,12.0
24613,32286,2024-10-04,12.0
24614,32286,2024-11-03,12.0
24615,32286,2024-12-03,12.0
24616,32287,2024-04-08,24.0
24617,32287,2024-05-08,24.0
24618,32287,2024-06-07,24.0
24619,32287,2024-07-07,24.0
24620,32287,2024-08-06,24.0
24621,32287,2024-09-05,24.0
24622,32287,2024-10-05,24.0
24623,32287,2024-11-04,24.0
24624,32287,2024-12-04,24.0
24625,32288,2024-10-19,24.0
24626,32295,2024-02-27,24.0
24627,32295,2024-03-28,24.0
24628,32295,2024-04-27,24.0
24629,32295,2024-05-27,24.0
24630,32295,2024-06-26,24.0
24631,32295,2024-07-26,24.0
24632,32295,2024-08-25,24.0
24633,32295,2024-09-24,24.0
24634,32295,2024-10-24,24.0
24635,32295,2024-11-23,24.0
24636,32295,2024-12-23,24.0
24637,32304,2024-11-10,24.0
24638,32306,2024-09-13,12.0
24639,32307,2024-12-06,24.0
24640,32310,2024-10-25,12.0
24641,32310,2024-11-24,12.0
24642,32310,2024-12-24,12.0
24643,32320,2024-07-17,12.0
24644,32320,2024-08-16,12.0
24645,32320,2024-09-15,12.0
24646,32320,2024-10-15,12.0
24647,32320,2024-11-14,12.0
24648,32320,2024-12-14,12.0
24649,32322,2024-03-10,24.0
24650,32322,2024-04-09,24.0
24651,32322,2024-05-09,24.0
24652,32322,2024-06-08,24.0
24653,32322,2024-07-08,24.0
24654,32322,2024-08-07,24.0
24655,32322,2024-09-06,24.0
24656,32322,2024-10-06,24.0
24657,32322,2024-11-05,24.0
24658,32322,2024-12-05,24.0
24659,32331,2024-04-01,12.0
24660,32331,2024-05-01,12.0
24661,32331,2024-05-31,12.0
24662,32331,2024-06-30,12.0
24663,32331,2024-07-30,12.0
24664,32331,2024-08-29,12.0
24665,32331,2024-09-28,12.0
24666,32331,2024-10-28,12.0
24667,32331,2024-11-27,12.0
24668,32331,2024-12-27,12.0
24669,32336,2024-11-15,24.0
24670,32336,2024-12-15,24.0
24671,32348,2024-08-24,12.0
24672,32352,2024-07-08,12.0
24673,32352,2024-08-07,12.0
24674,32352,2024-09-06,12.0
24675,32352,2024-10-06,12.0
24676,32352,2024-11-05,12.0
24677,32352,2024-12-05,12.0
24678,32358,2024-07-26,12.0
24679,32358,2024-08-25,12.0
24680,32358,2024-09-24,12.0
24681,32358,2024-10-24,12.0
24682,32358,2024-11-23,12.0
24683,32358,2024-12-23,12.0
24684,32370,2024-01-25,24.0
24685,32375,2024-03-01,12.0
24686,32375,2024-03-31,12.0
24687,32375,2024-04-30,12.0
24688,32375,2024-05-30,12.0
24689,32375,2024-06-29,12.0
24690,32375,2024-07-29,12.0
24691,32375,2024-08-28,12.0
24692,32375,2024-09-27,12.0
24693,32375,2024-10-27,12.0
24694,32375,2024-11-26,12.0
24695,32375,2024-12-26,12.0
24696,32388,2024-10-12,12.0
24697,32391,2024-06-16,24.0
24698,32391,2024-07-16,24.0
24699,32391,2024-08-15,24.0
24700,32391,2024-09-14,24.0
24701,32391,2024-10-14,24.0
24702,32391,2024-11-13,24.0
24703,32391,2024-12-13,24.0
24704,32392,2024-08-19,12.0
24705,32399,2024-12-12,12.0
24706,32404,2024-06-04,12.0
24707,32408,2024-09-26,12.0
24708,32408,2024-10-26,12.0
24709,32408,2024-11-25,12.0
24710,32408,2024-12-25,12.0
24711,32415,2025-01-05,24.0
24712,32417,2024-05-11,12.0
24713,32423,2024-10-27,12.0
24714,32427,2024-02-22,12.0
24715,32427,2024-03-23,12.0
24716,32427,2024-04-22,12.0
24717,32427,2024-05-22,12.0
24718,32427,2024-06-21,12.0
24719,32427,2024-07-21,12.0
24720,32427,2024-08-20,12.0
24721,32427,2024-09-19,12.0
24722,32427,2024-10-19,12.0
24723,32427,2024-11-18,12.0
24724,32427,2024-12-18,12.0
24725,32429,2024-05-19,24.0
24726,32429,2024-06-18,24.0
24727,32429,2024-07-18,24.0
24728,32429,2024-08-17,24.0
24729,32429,2024-09-16,24.0
24730,32429,2024-10-16,24.0
24731,32429,2024-11-15,24.0
24732,32429,2024-12-15,24.0
24733,32433,2024-09-07,24.0
24734,32433,2024-10-07,24.0
24735,32433,2024-11-06,24.0
24736,32433,2024-12-06,24.0
24737,32450,2024-02-17,12.0
24738,32451,2024-07-03,12.0
24739,32454,2024-09-18,12.0
24740,32458,2024-10-18,24.0
24741,32458,2024-11-17,24.0
24742,32458,2024-12-17,24.0
24743,32462,2024-11-22,12.0
24744,32467,2024-10-04,12.0
24745,32468,2024-02-17,24.0
24746,32469,2024-02-24,12.0
24747,32469,2024-03-25,12.0
24748,32469,2024-04-24,12.0
24749,32469,2024-05-24,12.0
24750,32469,2024-06-23,12.0
24751,32469,2024-07-23,12.0
24752,32469,2024-08-22,12.0
24753,32469,2024-09-21,12.0
24754,32469,2024-10-21,12.0
24755,32469,2024-11-20,12.0
24756,32469,2024-12-20,12.0
24757,32472,2024-05-25,24.0
24758,32472,2024-06-24,24.0
24759,32472,2024-07-24,24.0
24760,32472,2024-08-23,24.0
24761,32472,2024-09-22,24.0
24762,32472,2024-10-22,24.0
24763,32472,2024-11-21,24.0
24764,32472,2024-12-21,24.0
24765,32479,2024-03-07,12.0
24766,32479,2024-04-06,12.0
24767,32479,2024-05-06,12.0
24768,32479,2024-06-05,12.0
24769,32479,2024-07-05,12.0
24770,32479,2024-08-04,12.0
24771,32479,2024-09-03,12.0
24772,32479,2024-10-03,12.0
24773,32479,2024-11-02,12.0
24774,32479,2024-12-02,12.0
24775,32483,2024-11-11,12.0
24776,32483,2024-12-11,12.0
24777,32484,2024-04-12,24.0
24778,32484,2024-05-12,24.0
24779,32484,2024-06-11,24.0
24780,32484,2024-07-11,24.0
24781,32484,2024-08-10,24.0
24782,32484,2024-09-09,24.0
24783,32484,2024-10-09,24.0
24784,32484,2024-11-08,24.0
24785,32484,2024-12-08,24.0
24786,32489,2024-04-08,12.0
24787,32489,2024-05-08,12.0
24788,32489,2024-06-07,12.0
24789,32489,2024-07-07,12.0
24790,32489,2024-08-06,12.0
24791,32489,2024-09-05,12.0
24792,32489,2024-10-05,12.0
24793,32489,2024-11-04,12.0
24794,32489,2024-12-04,12.0
24795,32490,2024-04-28,12.0
24796,32490,2024-05-28,12.0
24797,32490,2024-06-27,12.0
24798,32490,2024-07-27,12.0
24799,32490,2024-08-26,12.0
24800,32490,2024-09-25,12.0
24801,32490,2024-10-25,12.0
24802,32490,2024-11-24,12.0
24803,32490,2024-12-24,12.0
24804,32493,2024-11-06,12.0
24805,32497,2024-10-30,12.0
24806,32497,2024-11-29,12.0
24807,32497,2024-12-29,12.0
24808,32504,2024-11-02,12.0
24809,32504,2024-12-02,12.0
24810,32508,2024-09-18,24.0
24811,32508,2024-10-18,24.0
24812,32508,2024-11-17,24.0
24813,32508,2024-12-17,24.0
24814,32521,2024-11-26,12.0
24815,32523,2024-12-04,12.0
24816,32524,2024-06-19,12.0
24817,32525,2024-01-28,12.0
24818,32525,2024-02-27,12.0
24819,32525,2024-03-28,12.0
24820,32525,2024-04-27,12.0
24821,32525,2024-05-27,12.0
24822,32525,2024-06-26,12.0
24823,32525,2024-07-26,12.0
24824,32525,2024-08-25,12.0
24825,32525,2024-09-24,12.0
24826,32525,2024-10-24,12.0
24827,32525,2024-11-23,12.0
24828,32525,2024-12-23,12.0
24829,32527,2024-02-16,12.0
24830,32546,2024-11-21,24.0
24831,32546,2024-12-21,24.0
24832,32548,2025-01-08,12.0
24833,32549,2024-08-06,12.0
24834,32549,2024-09-05,12.0
24835,32549,2024-10-05,12.0
24836,32549,2024-11-04,12.0
24837,32549,2024-12-04,12.0
24838,32553,2024-06-06,24.0
24839,32553,2024-07-06,24.0
24840,32553,2024-08-05,24.0
24841,32553,2024-09-04,24.0
24842,32553,2024-10-04,24.0
24843,32553,2024-11-03,24.0
24844,32553,2024-12-03,24.0
24845,32570,2024-09-27,24.0
24846,32570,2024-10-27,24.0
24847,32570,2024-11-26,24.0
24848,32570,2024-12-26,24.0
24849,32582,2024-08-03,12.0
24850,32585,2024-03-23,12.0
24851,32585,2024-04-22,12.0
24852,32585,2024-05-22,12.0
24853,32585,2024-06-21,12.0
24854,32585,2024-07-21,12.0
24855,32585,2024-08-20,12.0
24856,32585,2024-09-19,12.0
24857,32585,2024-10-19,12.0
24858,32585,2024-11-18,12.0
24859,32585,2024-12-18,12.0
24860,32596,2024-11-24,12.0
24861,32598,2024-08-13,12.0
24862,32598,2024-09-12,12.0
24863,32598,2024-10-12,12.0
24864,32598,2024-11-11,12.0
24865,32598,2024-12-11,12.0
24866,32600,2025-01-03,24.0
24867,32611,2024-09-05,12.0
24868,32613,2024-02-24,12.0
24869,32613,2024-03-25,12.0
24870,32613,2024-04-24,12.0
24871,32613,2024-05-24,12.0
24872,32613,2024-06-23,12.0
24873,32613,2024-07-23,12.0
24874,32613,2024-08-22,12.0
24875,32613,2024-09-21,12.0
24876,32613,2024-10-21,12.0
24877,32613,2024-11-20,12.0
24878,32613,2024-12-20,12.0
24879,32614,2024-05-02,12.0
24880,32614,2024-06-01,12.0
24881,32614,2024-07-01,12.0
24882,32614,2024-07-31,12.0
24883,32614,2024-08-30,12.0
24884,32614,2024-09-29,12.0
24885,32614,2024-10-29,12.0
24886,32614,2024-11-28,12.0
24887,32614,2024-12-28,12.0
24888,32616,2024-04-26,24.0
24889,32616,2024-05-26,24.0
24890,32616,2024-06-25,24.0
24891,32616,2024-07-25,24.0
24892,32616,2024-08-24,24.0
24893,32616,2024-09-23,24.0
24894,32616,2024-10-23,24.0
24895,32616,2024-11-22,24.0
24896,32616,2024-12-22,24.0
24897,32631,2024-11-13,24.0
24898,32631,2024-12-13,24.0
24899,32632,2024-09-01,12.0
24900,32632,2024-10-01,12.0
24901,32632,2024-10-31,12.0
24902,32632,2024-11-30,12.0
24903,32632,2024-12-30,12.0
24904,32641,2024-01-23,12.0
24905,32641,2024-02-22,12.0
24906,32641,2024-03-23,12.0
24907,32641,2024-04-22,12.0
24908,32641,2024-05-22,12.0
24909,32641,2024-06-21,12.0
24910,32641,2024-07-21,12.0
24911,32641,2024-08-20,12.0
24912,32641,2024-09-19,12.0
24913,32641,2024-10-19,12.0
24914,32641,2024-11-18,12.0
24915,32641,2024-12-18,12.0
24916,32644,2024-03-16,12.0
24917,32644,2024-04-15,12.0
24918,32644,2024-05-15,12.0
24919,32644,2024-06-14,12.0
24920,32644,2024-07-14,12.0
24921,32644,2024-08-13,12.0
24922,32644,2024-09-12,12.0
24923,32644,2024-10-12,12.0
24924,32644,2024-11-11,12.0
24925,32644,2024-12-11,12.0
24926,32647,2024-02-12,12.0
24927,32652,2024-07-29,24.0
24928,32652,2024-08-28,24.0
24929,32652,2024-09-27,24.0
24930,32652,2024-10-27,24.0
24931,32652,2024-11-26,24.0
24932,32652,2024-12-26,24.0
24933,32657,2024-11-18,24.0
24934,32657,2024-12-18,24.0
24935,32666,2024-11-13,12.0
24936,32666,2024-12-13,12.0
24937,32668,2024-07-18,12.0
24938,32673,2024-02-26,12.0
24939,32673,2024-03-27,12.0
24940,32673,2024-04-26,12.0
24941,32673,2024-05-26,12.0
24942,32673,2024-06-25,12.0
24943,32673,2024-07-25,12.0
24944,32673,2024-08-24,12.0
24945,32673,2024-09-23,12.0
24946,32673,2024-10-23,12.0
24947,32673,2024-11-22,12.0
24948,32673,2024-12-22,12.0
24949,32675,2024-03-21,24.0
24950,32675,2024-04-20,24.0
24951,32675,2024-05-20,24.0
24952,32675,2024-06-19,24.0
24953,32675,2024-07-19,24.0
24954,32675,2024-08-18,24.0
24955,32675,2024-09-17,24.0
24956,32675,2024-10-17,24.0
24957,32675,2024-11-16,24.0
24958,32675,2024-12-16,24.0
24959,32676,2024-05-19,12.0
24960,32676,2024-06-18,12.0
24961,32676,2024-07-18,12.0
24962,32676,2024-08-17,12.0
24963,32676,2024-09-16,12.0
24964,32676,2024-10-16,12.0
24965,32676,2024-11-15,12.0
24966,32676,2024-12-15,12.0
24967,32679,2024-03-02,24.0
24968,32679,2024-04-01,24.0
24969,32679,2024-05-01,24.0
24970,32679,2024-05-31,24.0
24971,32679,2024-06-30,24.0
24972,32679,2024-07-30,24.0
24973,32679,2024-08-29,24.0
24974,32679,2024-09-28,24.0
24975,32679,2024-10-28,24.0
24976,32679,2024-11-27,24.0
24977,32679,2024-12-27,24.0
24978,32682,2024-12-25,12.0
24979,32687,2024-03-14,12.0
24980,32692,2024-11-23,12.0
24981,32692,2024-12-23,12.0
24982,32696,2024-09-16,24.0
24983,32701,2024-06-16,12.0
24984,32701,2024-07-16,12.0
24985,32701,2024-08-15,12.0
24986,32701,2024-09-14,12.0
24987,32701,2024-10-14,12.0
24988,32701,2024-11-13,12.0
24989,32701,2024-12-13,12.0
24990,32709,2024-12-18,24.0
24991,32714,2024-07-17,24.0
24992,32714,2024-08-16,24.0
24993,32714,2024-09-15,24.0
24994,32714,2024-10-15,24.0
24995,32714,2024-11-14,24.0
24996,32714,2024-12-14,24.0
24997,32715,2024-10-12,24.0
24998,32718,2024-12-06,12.0
24999,32725,2024-04-28,24.0
25000,32735,2024-07-16,12.0
25001,32735,2024-08-15,12.0
25002,32735,2024-09-14,12.0
25003,32735,2024-10-14,12.0
25004,32735,2024-11-13,12.0
25005,32735,2024-12-13,12.0
25006,32736,2024-09-14,12.0
25007,32739,2024-12-20,12.0
25008,32740,2024-11-25,24.0
25009,32740,2024-12-25,24.0
25010,32753,2024-07-20,12.0
25011,32753,2024-08-19,12.0
25012,32753,2024-09-18,12.0
25013,32753,2024-10-18,12.0
25014,32753,2024-11-17,12.0
25015,32753,2024-12-17,12.0
25016,32759,2024-09-26,12.0
25017,32759,2024-10-26,12.0
25018,32759,2024-11-25,12.0
25019,32759,2024-12-25,12.0
25020,32763,2024-06-16,12.0
25021,32764,2024-02-16,12.0
25022,32764,2024-03-17,12.0
25023,32764,2024-04-16,12.0
25024,32764,2024-05-16,12.0
25025,32764,2024-06-15,12.0
25026,32764,2024-07-15,12.0
25027,32764,2024-08-14,12.0
25028,32764,2024-09-13,12.0
25029,32764,2024-10-13,12.0
25030,32764,2024-11-12,12.0
25031,32764,2024-12-12,12.0
25032,32765,2024-05-29,24.0
25033,32765,2024-06-28,24.0
25034,32765,2024-07-28,24.0
25035,32765,2024-08-27,24.0
25036,32765,2024-09-26,24.0
25037,32765,2024-10-26,24.0
25038,32765,2024-11-25,24.0
25039,32765,2024-12-25,24.0
25040,32768,2024-11-15,12.0
25041,32771,2024-06-28,12.0
25042,32771,2024-07-28,12.0
25043,32771,2024-08-27,12.0
25044,32771,2024-09-26,12.0
25045,32771,2024-10-26,12.0
25046,32771,2024-11-25,12.0
25047,32771,2024-12-25,12.0
25048,32772,2024-03-10,24.0
25049,32772,2024-04-09,24.0
25050,32772,2024-05-09,24.0
25051,32772,2024-06-08,24.0
25052,32772,2024-07-08,24.0
25053,32772,2024-08-07,24.0
25054,32772,2024-09-06,24.0
25055,32772,2024-10-06,24.0
25056,32772,2024-11-05,24.0
25057,32772,2024-12-05,24.0
25058,32775,2024-09-01,24.0
25059,32799,2024-10-09,12.0
25060,32801,2024-11-08,12.0
25061,32801,2024-12-08,12.0
25062,32804,2024-09-17,24.0
25063,32804,2024-10-17,24.0
25064,32804,2024-11-16,24.0
25065,32804,2024-12-16,24.0
25066,32807,2024-12-17,24.0
25067,32815,2024-06-25,24.0
25068,32819,2024-04-28,24.0
25069,32819,2024-05-28,24.0
25070,32819,2024-06-27,24.0
25071,32819,2024-07-27,24.0
25072,32819,2024-08-26,24.0
25073,32819,2024-09-25,24.0
25074,32819,2024-10-25,24.0
25075,32819,2024-11-24,24.0
25076,32819,2024-12-24,24.0
25077,32825,2024-05-04,12.0
25078,32828,2024-10-02,24.0
25079,32828,2024-11-01,24.0
25080,32828,2024-12-01,24.0
25081,32828,2024-12-31,24.0
25082,32830,2024-05-25,12.0
25083,32830,2024-06-24,12.0
25084,32830,2024-07-24,12.0
25085,32830,2024-08-23,12.0
25086,32830,2024-09-22,12.0
25087,32830,2024-10-22,12.0
25088,32830,2024-11-21,12.0
25089,32830,2024-12-21,12.0
25090,32832,2025-01-01,24.0
25091,32844,2024-07-20,12.0
25092,32844,2024-08-19,12.0
25093,32844,2024-09-18,12.0
25094,32844,2024-10-18,12.0
25095,32844,2024-11-17,12.0
25096,32844,2024-12-17,12.0
25097,32851,2024-07-03,12.0
25098,32855,2024-05-15,12.0
25099,32855,2024-06-14,12.0
25100,32855,2024-07-14,12.0
25101,32855,2024-08-13,12.0
25102,32855,2024-09-12,12.0
25103,32855,2024-10-12,12.0
25104,32855,2024-11-11,12.0
25105,32855,2024-12-11,12.0
25106,32856,2024-12-11,24.0
25107,32859,2024-01-24,12.0
25108,32860,2024-12-19,12.0
25109,32872,2024-07-27,24.0
25110,32875,2024-03-21,12.0
25111,32878,2024-10-30,12.0
25112,32878,2024-11-29,12.0
25113,32878,2024-12-29,12.0
25114,32883,2024-09-04,12.0
25115,32888,2024-07-21,12.0
25116,32894,2024-11-30,12.0
25117,32896,2024-04-07,24.0
25118,32896,2024-05-07,24.0
25119,32896,2024-06-06,24.0
25120,32896,2024-07-06,24.0
25121,32896,2024-08-05,24.0
25122,32896,2024-09-04,24.0
25123,32896,2024-10-04,24.0
25124,32896,2024-11-03,24.0
25125,32896,2024-12-03,24.0
25126,32898,2024-06-07,24.0
25127,32898,2024-07-07,24.0
25128,32898,2024-08-06,24.0
25129,32898,2024-09-05,24.0
25130,32898,2024-10-05,24.0
25131,32898,2024-11-04,24.0
25132,32898,2024-12-04,24.0
25133,32909,2024-05-07,12.0
25134,32909,2024-06-06,12.0
25135,32909,2024-07-06,12.0
25136,32909,2024-08-05,12.0
25137,32909,2024-09-04,12.0
25138,32909,2024-10-04,12.0
25139,32909,2024-11-03,12.0
25140,32909,2024-12-03,12.0
25141,32915,2024-11-04,12.0
25142,32915,2024-12-04,12.0
25143,32937,2024-04-07,12.0
25144,32937,2024-05-07,12.0
25145,32937,2024-06-06,12.0
25146,32937,2024-07-06,12.0
25147,32937,2024-08-05,12.0
25148,32937,2024-09-04,12.0
25149,32937,2024-10-04,12.0
25150,32937,2024-11-03,12.0
25151,32937,2024-12-03,12.0
25152,32938,2024-07-17,12.0
25153,32938,2024-08-16,12.0
25154,32938,2024-09-15,12.0
25155,32938,2024-10-15,12.0
25156,32938,2024-11-14,12.0
25157,32938,2024-12-14,12.0
25158,32939,2024-09-17,24.0
25159,32955,2024-10-23,12.0
25160,32955,2024-11-22,12.0
25161,32955,2024-12-22,12.0
25162,32956,2024-03-08,12.0
25163,32958,2024-05-16,12.0
25164,32961,2024-03-22,24.0
25165,32961,2024-04-21,24.0
25166,32961,2024-05-21,24.0
25167,32961,2024-06-20,24.0
25168,32961,2024-07-20,24.0
25169,32961,2024-08-19,24.0
25170,32961,2024-09-18,24.0
25171,32961,2024-10-18,24.0
25172,32961,2024-11-17,24.0
25173,32961,2024-12-17,24.0
25174,32963,2024-06-28,12.0
25175,32963,2024-07-28,12.0
25176,32963,2024-08-27,12.0
25177,32963,2024-09-26,12.0
25178,32963,2024-10-26,12.0
25179,32963,2024-11-25,12.0
25180,32963,2024-12-25,12.0
25181,32967,2024-07-01,12.0
25182,32967,2024-07-31,12.0
25183,32967,2024-08-30,12.0
25184,32967,2024-09-29,12.0
25185,32967,2024-10-29,12.0
25186,32967,2024-11-28,12.0
25187,32967,2024-12-28,12.0
25188,32970,2024-11-12,12.0
25189,32970,2024-12-12,12.0
25190,32972,2024-08-08,12.0
25191,32972,2024-09-07,12.0
25192,32972,2024-10-07,12.0
25193,32972,2024-11-06,12.0
25194,32972,2024-12-06,12.0
25195,32973,2024-01-29,24.0
25196,32973,2024-02-28,24.0
25197,32973,2024-03-29,24.0
25198,32973,2024-04-28,24.0
25199,32973,2024-05-28,24.0
25200,32973,2024-06-27,24.0
25201,32973,2024-07-27,24.0
25202,32973,2024-08-26,24.0
25203,32973,2024-09-25,24.0
25204,32973,2024-10-25,24.0
25205,32973,2024-11-24,24.0
25206,32973,2024-12-24,24.0
25207,32976,2024-07-11,12.0
25208,32977,2024-10-28,24.0
25209,32977,2024-11-27,24.0
25210,32977,2024-12-27,24.0
25211,32979,2024-01-16,12.0
25212,32991,2024-02-27,12.0
25213,32991,2024-03-28,12.0
25214,32991,2024-04-27,12.0
25215,32991,2024-05-27,12.0
25216,32991,2024-06-26,12.0
25217,32991,2024-07-26,12.0
25218,32991,2024-08-25,12.0
25219,32991,2024-09-24,12.0
25220,32991,2024-10-24,12.0
25221,32991,2024-11-23,12.0
25222,32991,2024-12-23,12.0
25223,32994,2024-12-01,24.0
25224,32998,2024-01-23,12.0
25225,32998,2024-02-22,12.0
25226,32998,2024-03-23,12.0
25227,32998,2024-04-22,12.0
25228,32998,2024-05-22,12.0
25229,32998,2024-06-21,12.0
25230,32998,2024-07-21,12.0
25231,32998,2024-08-20,12.0
25232,32998,2024-09-19,12.0
25233,32998,2024-10-19,12.0
25234,32998,2024-11-18,12.0
25235,32998,2024-12-18,12.0
25236,33000,2025-01-13,12.0
25237,33009,2024-04-11,12.0
25238,33013,2024-05-15,12.0
25239,33028,2024-10-29,12.0
25240,33033,2024-11-02,12.0
25241,33038,2024-04-20,24.0
25242,33043,2024-02-10,24.0
25243,33048,2024-11-08,12.0
25244,33048,2024-12-08,12.0
25245,33049,2024-06-08,24.0
25246,33056,2024-03-10,12.0
25247,33056,2024-04-09,12.0
25248,33056,2024-05-09,12.0
25249,33056,2024-06-08,12.0
25250,33056,2024-07-08,12.0
25251,33056,2024-08-07,12.0
25252,33056,2024-09-06,12.0
25253,33056,2024-10-06,12.0
25254,33056,2024-11-05,12.0
25255,33056,2024-12-05,12.0
25256,33063,2024-05-28,12.0
25257,33063,2024-06-27,12.0
25258,33063,2024-07-27,12.0
25259,33063,2024-08-26,12.0
25260,33063,2024-09-25,12.0
25261,33063,2024-10-25,12.0
25262,33063,2024-11-24,12.0
25263,33063,2024-12-24,12.0
25264,33080,2024-04-20,12.0
25265,33083,2024-11-23,24.0
25266,33083,2024-12-23,24.0
25267,33095,2024-01-19,12.0
25268,33095,2024-02-18,12.0
25269,33095,2024-03-19,12.0
25270,33095,2024-04-18,12.0
25271,33095,2024-05-18,12.0
25272,33095,2024-06-17,12.0
25273,33095,2024-07-17,12.0
25274,33095,2024-08-16,12.0
25275,33095,2024-09-15,12.0
25276,33095,2024-10-15,12.0
25277,33095,2024-11-14,12.0
25278,33095,2024-12-14,12.0
25279,33112,2024-12-05,12.0
25280,33114,2024-07-10,24.0
25281,33114,2024-08-09,24.0
25282,33114,2024-09-08,24.0
25283,33114,2024-10-08,24.0
25284,33114,2024-11-07,24.0
25285,33114,2024-12-07,24.0
25286,33123,2024-03-23,12.0
25287,33123,2024-04-22,12.0
25288,33123,2024-05-22,12.0
25289,33123,2024-06-21,12.0
25290,33123,2024-07-21,12.0
25291,33123,2024-08-20,12.0
25292,33123,2024-09-19,12.0
25293,33123,2024-10-19,12.0
25294,33123,2024-11-18,12.0
25295,33123,2024-12-18,12.0
25296,33124,2024-05-02,12.0
25297,33124,2024-06-01,12.0
25298,33124,2024-07-01,12.0
25299,33124,2024-07-31,12.0
25300,33124,2024-08-30,12.0
25301,33124,2024-09-29,12.0
25302,33124,2024-10-29,12.0
25303,33124,2024-11-28,12.0
25304,33124,2024-12-28,12.0
25305,33129,2024-02-20,24.0
25306,33135,2024-09-27,24.0
25307,33137,2024-06-25,12.0
25308,33137,2024-07-25,12.0
25309,33137,2024-08-24,12.0
25310,33137,2024-09-23,12.0
25311,33137,2024-10-23,12.0
25312,33137,2024-11-22,12.0
25313,33137,2024-12-22,12.0
25314,33139,2024-08-08,12.0
25315,33139,2024-09-07,12.0
25316,33139,2024-10-07,12.0
25317,33139,2024-11-06,12.0
25318,33139,2024-12-06,12.0
25319,33145,2024-11-30,12.0
25320,33146,2024-07-31,12.0
25321,33146,2024-08-30,12.0
25322,33146,2024-09-29,12.0
25323,33146,2024-10-29,12.0
25324,33146,2024-11-28,12.0
25325,33146,2024-12-28,12.0
25326,33157,2024-05-27,12.0
25327,33157,2024-06-26,12.0
25328,33157,2024-07-26,12.0
25329,33157,2024-08-25,12.0
25330,33157,2024-09-24,12.0
25331,33157,2024-10-24,12.0
25332,33157,2024-11-23,12.0
25333,33157,2024-12-23,12.0
25334,33159,2024-03-30,24.0
25335,33159,2024-04-29,24.0
25336,33159,2024-05-29,24.0
25337,33159,2024-06-28,24.0
25338,33159,2024-07-28,24.0
25339,33159,2024-08-27,24.0
25340,33159,2024-09-26,24.0
25341,33159,2024-10-26,24.0
25342,33159,2024-11-25,24.0
25343,33159,2024-12-25,24.0
25344,33169,2024-08-08,12.0
25345,33169,2024-09-07,12.0
25346,33169,2024-10-07,12.0
25347,33169,2024-11-06,12.0
25348,33169,2024-12-06,12.0
25349,33188,2024-12-31,12.0
25350,33196,2024-09-05,12.0
25351,33196,2024-10-05,12.0
25352,33196,2024-11-04,12.0
25353,33196,2024-12-04,12.0
25354,33208,2024-02-14,24.0
25355,33208,2024-03-15,24.0
25356,33208,2024-04-14,24.0
25357,33208,2024-05-14,24.0
25358,33208,2024-06-13,24.0
25359,33208,2024-07-13,24.0
25360,33208,2024-08-12,24.0
25361,33208,2024-09-11,24.0
25362,33208,2024-10-11,24.0
25363,33208,2024-11-10,24.0
25364,33208,2024-12-10,24.0
25365,33209,2025-01-09,12.0
25366,33224,2024-11-15,24.0
25367,33224,2024-12-15,24.0
25368,33236,2024-09-07,24.0
25369,33237,2024-02-16,12.0
25370,33247,2024-08-16,12.0
25371,33247,2024-09-15,12.0
25372,33247,2024-10-15,12.0
25373,33247,2024-11-14,12.0
25374,33247,2024-12-14,12.0
25375,33251,2024-08-17,12.0
25376,33252,2024-06-20,24.0
25377,33253,2024-02-18,12.0
25378,33253,2024-03-19,12.0
25379,33253,2024-04-18,12.0
25380,33253,2024-05-18,12.0
25381,33253,2024-06-17,12.0
25382,33253,2024-07-17,12.0
25383,33253,2024-08-16,12.0
25384,33253,2024-09-15,12.0
25385,33253,2024-10-15,12.0
25386,33253,2024-11-14,12.0
25387,33253,2024-12-14,12.0
25388,33254,2024-05-17,12.0
25389,33261,2024-11-27,12.0
25390,33261,2024-12-27,12.0
25391,33263,2024-04-16,12.0
25392,33279,2024-11-01,12.0
25393,33290,2024-04-08,12.0
25394,33304,2025-01-13,12.0
25395,33308,2024-09-12,24.0
25396,33313,2024-11-19,12.0
25397,33315,2024-11-20,12.0
25398,33315,2024-12-20,12.0
25399,33320,2024-06-20,12.0
25400,33320,2024-07-20,12.0
25401,33320,2024-08-19,12.0
25402,33320,2024-09-18,12.0
25403,33320,2024-10-18,12.0
25404,33320,2024-11-17,12.0
25405,33320,2024-12-17,12.0
25406,33335,2024-12-03,12.0
25407,33342,2024-02-03,12.0
25408,33342,2024-03-04,12.0
25409,33342,2024-04-03,12.0
25410,33342,2024-05-03,12.0
25411,33342,2024-06-02,12.0
25412,33342,2024-07-02,12.0
25413,33342,2024-08-01,12.0
25414,33342,2024-08-31,12.0
25415,33342,2024-09-30,12.0
25416,33342,2024-10-30,12.0
25417,33342,2024-11-29,12.0
25418,33342,2024-12-29,12.0
25419,33349,2024-07-12,12.0
25420,33349,2024-08-11,12.0
25421,33349,2024-09-10,12.0
25422,33349,2024-10-10,12.0
25423,33349,2024-11-09,12.0
25424,33349,2024-12-09,12.0
25425,33352,2024-11-16,12.0
25426,33352,2024-12-16,12.0
25427,33359,2024-08-16,12.0
25428,33359,2024-09-15,12.0
25429,33359,2024-10-15,12.0
25430,33359,2024-11-14,12.0
25431,33359,2024-12-14,12.0
25432,33360,2024-02-02,12.0
25433,33366,2024-06-19,12.0
25434,33374,2024-07-05,12.0
25435,33374,2024-08-04,12.0
25436,33374,2024-09-03,12.0
25437,33374,2024-10-03,12.0
25438,33374,2024-11-02,12.0
25439,33374,2024-12-02,12.0
25440,33389,2024-09-16,24.0
25441,33389,2024-10-16,24.0
25442,33389,2024-11-15,24.0
25443,33389,2024-12-15,24.0
25444,33416,2024-08-16,12.0
25445,33416,2024-09-15,12.0
25446,33416,2024-10-15,12.0
25447,33416,2024-11-14,12.0
25448,33416,2024-12-14,12.0
25449,33417,2024-11-11,24.0
25450,33417,2024-12-11,24.0
25451,33418,2024-09-09,12.0
25452,33422,2024-06-19,12.0
25453,33422,2024-07-19,12.0
25454,33422,2024-08-18,12.0
25455,33422,2024-09-17,12.0
25456,33422,2024-10-17,12.0
25457,33422,2024-11-16,12.0
25458,33422,2024-12-16,12.0
25459,33430,2024-03-06,24.0
25460,33430,2024-04-05,24.0
25461,33430,2024-05-05,24.0
25462,33430,2024-06-04,24.0
25463,33430,2024-07-04,24.0
25464,33430,2024-08-03,24.0
25465,33430,2024-09-02,24.0
25466,33430,2024-10-02,24.0
25467,33430,2024-11-01,24.0
25468,33430,2024-12-01,24.0
25469,33430,2024-12-31,24.0
25470,33436,2024-08-29,12.0
25471,33436,2024-09-28,12.0
25472,33436,2024-10-28,12.0
25473,33436,2024-11-27,12.0
25474,33436,2024-12-27,12.0
25475,33438,2024-03-07,24.0
25476,33439,2024-09-20,12.0
25477,33439,2024-10-20,12.0
25478,33439,2024-11-19,12.0
25479,33439,2024-12-19,12.0
25480,33441,2024-08-15,12.0
25481,33441,2024-09-14,12.0
25482,33441,2024-10-14,12.0
25483,33441,2024-11-13,12.0
25484,33441,2024-12-13,12.0
25485,33448,2024-09-11,24.0
25486,33448,2024-10-11,24.0
25487,33448,2024-11-10,24.0
25488,33448,2024-12-10,24.0
25489,33450,2024-07-16,24.0
25490,33450,2024-08-15,24.0
25491,33450,2024-09-14,24.0
25492,33450,2024-10-14,24.0
25493,33450,2024-11-13,24.0
25494,33450,2024-12-13,24.0
25495,33451,2024-10-31,12.0
25496,33451,2024-11-30,12.0
25497,33451,2024-12-30,12.0
25498,33452,2024-02-03,24.0
25499,33452,2024-03-04,24.0
25500,33452,2024-04-03,24.0
25501,33452,2024-05-03,24.0
25502,33452,2024-06-02,24.0
25503,33452,2024-07-02,24.0
25504,33452,2024-08-01,24.0
25505,33452,2024-08-31,24.0
25506,33452,2024-09-30,24.0
25507,33452,2024-10-30,24.0
25508,33452,2024-11-29,24.0
25509,33452,2024-12-29,24.0
25510,33455,2024-03-29,24.0
25511,33458,2024-07-05,12.0
25512,33469,2024-11-29,12.0
25513,33469,2024-12-29,12.0
25514,33492,2024-02-21,12.0
25515,33498,2024-10-20,12.0
25516,33498,2024-11-19,12.0
25517,33498,2024-12-19,12.0
25518,33505,2024-11-01,12.0
25519,33508,2024-07-25,12.0
25520,33508,2024-08-24,12.0
25521,33508,2024-09-23,12.0
25522,33508,2024-10-23,12.0
25523,33508,2024-11-22,12.0
25524,33508,2024-12-22,12.0
25525,33511,2024-10-27,12.0
25526,33511,2024-11-26,12.0
25527,33511,2024-12-26,12.0
25528,33516,2024-07-17,12.0
25529,33516,2024-08-16,12.0
25530,33516,2024-09-15,12.0
25531,33516,2024-10-15,12.0
25532,33516,2024-11-14,12.0
25533,33516,2024-12-14,12.0
25534,33520,2024-09-17,12.0
25535,33520,2024-10-17,12.0
25536,33520,2024-11-16,12.0
25537,33520,2024-12-16,12.0
25538,33523,2024-04-14,24.0
25539,33523,2024-05-14,24.0
25540,33523,2024-06-13,24.0
25541,33523,2024-07-13,24.0
25542,33523,2024-08-12,24.0
25543,33523,2024-09-11,24.0
25544,33523,2024-10-11,24.0
25545,33523,2024-11-10,24.0
25546,33523,2024-12-10,24.0
25547,33537,2024-07-24,12.0
25548,33537,2024-08-23,12.0
25549,33537,2024-09-22,12.0
25550,33537,2024-10-22,12.0
25551,33537,2024-11-21,12.0
25552,33537,2024-12-21,12.0
25553,33546,2024-12-11,12.0
25554,33549,2024-04-11,12.0
25555,33555,2024-12-04,24.0
25556,33561,2024-10-16,24.0
25557,33561,2024-11-15,24.0
25558,33561,2024-12-15,24.0
25559,33563,2024-10-11,12.0
25560,33563,2024-11-10,12.0
25561,33563,2024-12-10,12.0
25562,33564,2024-08-03,24.0
25563,33569,2024-04-07,12.0
25564,33570,2024-10-22,12.0
25565,33572,2024-10-08,24.0
25566,33574,2024-09-01,12.0
25567,33576,2025-01-06,12.0
25568,33578,2024-07-01,24.0
25569,33578,2024-07-31,24.0
25570,33578,2024-08-30,24.0
25571,33578,2024-09-29,24.0
25572,33578,2024-10-29,24.0
25573,33578,2024-11-28,24.0
25574,33578,2024-12-28,24.0
25575,33579,2024-05-08,12.0
25576,33580,2024-03-07,12.0
25577,33580,2024-04-06,12.0
25578,33580,2024-05-06,12.0
25579,33580,2024-06-05,12.0
25580,33580,2024-07-05,12.0
25581,33580,2024-08-04,12.0
25582,33580,2024-09-03,12.0
25583,33580,2024-10-03,12.0
25584,33580,2024-11-02,12.0
25585,33580,2024-12-02,12.0
25586,33585,2024-06-21,24.0
25587,33598,2024-04-09,12.0
25588,33601,2024-11-01,12.0
25589,33604,2024-05-12,24.0
25590,33604,2024-06-11,24.0
25591,33604,2024-07-11,24.0
25592,33604,2024-08-10,24.0
25593,33604,2024-09-09,24.0
25594,33604,2024-10-09,24.0
25595,33604,2024-11-08,24.0
25596,33604,2024-12-08,24.0
25597,33610,2024-01-24,24.0
25598,33616,2024-10-23,24.0
25599,33616,2024-11-22,24.0
25600,33616,2024-12-22,24.0
25601,33621,2024-03-04,12.0
25602,33621,2024-04-03,12.0
25603,33621,2024-05-03,12.0
25604,33621,2024-06-02,12.0
25605,33621,2024-07-02,12.0
25606,33621,2024-08-01,12.0
25607,33621,2024-08-31,12.0
25608,33621,2024-09-30,12.0
25609,33621,2024-10-30,12.0
25610,33621,2024-11-29,12.0
25611,33621,2024-12-29,12.0
25612,33625,2024-02-05,24.0
25613,33625,2024-03-06,24.0
25614,33625,2024-04-05,24.0
25615,33625,2024-05-05,24.0
25616,33625,2024-06-04,24.0
25617,33625,2024-07-04,24.0
25618,33625,2024-08-03,24.0
25619,33625,2024-09-02,24.0
25620,33625,2024-10-02,24.0
25621,33625,2024-11-01,24.0
25622,33625,2024-12-01,24.0
25623,33625,2024-12-31,24.0
25624,33628,2024-12-11,12.0
25625,33637,2024-01-17,24.0
25626,33637,2024-02-16,24.0
25627,33637,2024-03-17,24.0
25628,33637,2024-04-16,24.0
25629,33637,2024-05-16,24.0
25630,33637,2024-06-15,24.0
25631,33637,2024-07-15,24.0
25632,33637,2024-08-14,24.0
25633,33637,2024-09-13,24.0
25634,33637,2024-10-13,24.0
25635,33637,2024-11-12,24.0
25636,33637,2024-12-12,24.0
25637,33641,2024-06-25,12.0
25638,33641,2024-07-25,12.0
25639,33641,2024-08-24,12.0
25640,33641,2024-09-23,12.0
25641,33641,2024-10-23,12.0
25642,33641,2024-11-22,12.0
25643,33641,2024-12-22,12.0
25644,33662,2024-04-29,12.0
25645,33669,2024-10-07,12.0
25646,33669,2024-11-06,12.0
25647,33669,2024-12-06,12.0
25648,33670,2024-09-28,12.0
25649,33670,2024-10-28,12.0
25650,33670,2024-11-27,12.0
25651,33670,2024-12-27,12.0
25652,33671,2024-09-02,12.0
25653,33671,2024-10-02,12.0
25654,33671,2024-11-01,12.0
25655,33671,2024-12-01,12.0
25656,33671,2024-12-31,12.0
25657,33675,2024-02-13,24.0
25658,33675,2024-03-14,24.0
25659,33675,2024-04-13,24.0
25660,33675,2024-05-13,24.0
25661,33675,2024-06-12,24.0
25662,33675,2024-07-12,24.0
25663,33675,2024-08-11,24.0
25664,33675,2024-09-10,24.0
25665,33675,2024-10-10,24.0
25666,33675,2024-11-09,24.0
25667,33675,2024-12-09,24.0
25668,33676,2024-07-29,24.0
25669,33676,2024-08-28,24.0
25670,33676,2024-09-27,24.0
25671,33676,2024-10-27,24.0
25672,33676,2024-11-26,24.0
25673,33676,2024-12-26,24.0
25674,33677,2024-12-22,12.0
25675,33678,2024-05-04,24.0
25676,33678,2024-06-03,24.0
25677,33678,2024-07-03,24.0
25678,33678,2024-08-02,24.0
25679,33678,2024-09-01,24.0
25680,33678,2024-10-01,24.0
25681,33678,2024-10-31,24.0
25682,33678,2024-11-30,24.0
25683,33678,2024-12-30,24.0
25684,33685,2024-01-23,24.0
25685,33692,2024-06-04,12.0
25686,33698,2024-11-04,12.0
25687,33698,2024-12-04,12.0
25688,33702,2025-01-13,12.0
25689,33708,2024-06-22,12.0
25690,33710,2024-07-07,12.0
25691,33710,2024-08-06,12.0
25692,33710,2024-09-05,12.0
25693,33710,2024-10-05,12.0
25694,33710,2024-11-04,12.0
25695,33710,2024-12-04,12.0
25696,33724,2024-02-23,24.0
25697,33726,2024-04-26,12.0
25698,33726,2024-05-26,12.0
25699,33726,2024-06-25,12.0
25700,33726,2024-07-25,12.0
25701,33726,2024-08-24,12.0
25702,33726,2024-09-23,12.0
25703,33726,2024-10-23,12.0
25704,33726,2024-11-22,12.0
25705,33726,2024-12-22,12.0
25706,33728,2024-06-02,12.0
25707,33742,2024-02-14,24.0
25708,33751,2024-09-11,12.0
25709,33751,2024-10-11,12.0
25710,33751,2024-11-10,12.0
25711,33751,2024-12-10,12.0
25712,33754,2024-12-15,12.0
25713,33756,2024-10-27,12.0
25714,33757,2024-10-28,24.0
25715,33757,2024-11-27,24.0
25716,33757,2024-12-27,24.0
25717,33764,2024-09-30,12.0
25718,33764,2024-10-30,12.0
25719,33764,2024-11-29,12.0
25720,33764,2024-12-29,12.0
25721,33768,2024-09-09,24.0
25722,33768,2024-10-09,24.0
25723,33768,2024-11-08,24.0
25724,33768,2024-12-08,24.0
25725,33774,2024-08-27,12.0
25726,33774,2024-09-26,12.0
25727,33774,2024-10-26,12.0
25728,33774,2024-11-25,12.0
25729,33774,2024-12-25,12.0
25730,33776,2024-04-29,12.0
25731,33784,2024-11-08,12.0
25732,33785,2024-05-22,12.0
25733,33785,2024-06-21,12.0
25734,33785,2024-07-21,12.0
25735,33785,2024-08-20,12.0
25736,33785,2024-09-19,12.0
25737,33785,2024-10-19,12.0
25738,33785,2024-11-18,12.0
25739,33785,2024-12-18,12.0
25740,33788,2024-01-17,12.0
25741,33792,2024-08-26,12.0
25742,33802,2024-04-19,24.0
25743,33806,2024-04-17,24.0
25744,33806,2024-05-17,24.0
25745,33806,2024-06-16,24.0
25746,33806,2024-07-16,24.0
25747,33806,2024-08-15,24.0
25748,33806,2024-09-14,24.0
25749,33806,2024-10-14,24.0
25750,33806,2024-11-13,24.0
25751,33806,2024-12-13,24.0
25752,33811,2024-05-31,12.0
25753,33812,2024-10-11,12.0
25754,33814,2024-01-19,12.0
25755,33814,2024-02-18,12.0
25756,33814,2024-03-19,12.0
25757,33814,2024-04-18,12.0
25758,33814,2024-05-18,12.0
25759,33814,2024-06-17,12.0
25760,33814,2024-07-17,12.0
25761,33814,2024-08-16,12.0
25762,33814,2024-09-15,12.0
25763,33814,2024-10-15,12.0
25764,33814,2024-11-14,12.0
25765,33814,2024-12-14,12.0
25766,33820,2024-11-05,12.0
25767,33820,2024-12-05,12.0
25768,33822,2024-12-12,24.0
25769,33830,2024-02-11,24.0
25770,33830,2024-03-12,24.0
25771,33830,2024-04-11,24.0
25772,33830,2024-05-11,24.0
25773,33830,2024-06-10,24.0
25774,33830,2024-07-10,24.0
25775,33830,2024-08-09,24.0
25776,33830,2024-09-08,24.0
25777,33830,2024-10-08,24.0
25778,33830,2024-11-07,24.0
25779,33830,2024-12-07,24.0
25780,33832,2024-05-31,24.0
25781,33833,2024-04-25,12.0
25782,33841,2025-01-13,12.0
25783,33855,2024-10-17,24.0
25784,33855,2024-11-16,24.0
25785,33855,2024-12-16,24.0
25786,33859,2024-04-18,12.0
25787,33859,2024-05-18,12.0
25788,33859,2024-06-17,12.0
25789,33859,2024-07-17,12.0
25790,33859,2024-08-16,12.0
25791,33859,2024-09-15,12.0
25792,33859,2024-10-15,12.0
25793,33859,2024-11-14,12.0
25794,33859,2024-12-14,12.0
25795,33868,2024-10-20,12.0
25796,33868,2024-11-19,12.0
25797,33868,2024-12-19,12.0
25798,33869,2024-10-19,24.0
25799,33870,2024-06-11,24.0
25800,33872,2024-08-13,12.0
25801,33872,2024-09-12,12.0
25802,33872,2024-10-12,12.0
25803,33872,2024-11-11,12.0
25804,33872,2024-12-11,12.0
25805,33880,2024-09-04,12.0
25806,33880,2024-10-04,12.0
25807,33880,2024-11-03,12.0
25808,33880,2024-12-03,12.0
25809,33890,2024-01-25,24.0
25810,33890,2024-02-24,24.0
25811,33890,2024-03-25,24.0
25812,33890,2024-04-24,24.0
25813,33890,2024-05-24,24.0
25814,33890,2024-06-23,24.0
25815,33890,2024-07-23,24.0
25816,33890,2024-08-22,24.0
25817,33890,2024-09-21,24.0
25818,33890,2024-10-21,24.0
25819,33890,2024-11-20,24.0
25820,33890,2024-12-20,24.0
25821,33898,2024-12-22,12.0
25822,33908,2024-05-15,24.0
25823,33908,2024-06-14,24.0
25824,33908,2024-07-14,24.0
25825,33908,2024-08-13,24.0
25826,33908,2024-09-12,24.0
25827,33908,2024-10-12,24.0
25828,33908,2024-11-11,24.0
25829,33908,2024-12-11,24.0
25830,33909,2024-08-11,12.0
25831,33909,2024-09-10,12.0
25832,33909,2024-10-10,12.0
25833,33909,2024-11-09,12.0
25834,33909,2024-12-09,12.0
25835,33913,2024-09-17,12.0
25836,33913,2024-10-17,12.0
25837,33913,2024-11-16,12.0
25838,33913,2024-12-16,12.0
25839,33918,2024-10-10,12.0
25840,33922,2024-12-06,12.0
25841,33930,2024-03-19,12.0
25842,33932,2024-07-16,12.0
25843,33932,2024-08-15,12.0
25844,33932,2024-09-14,12.0
25845,33932,2024-10-14,12.0
25846,33932,2024-11-13,12.0
25847,33932,2024-12-13,12.0
25848,33938,2024-08-28,24.0
25849,33938,2024-09-27,24.0
25850,33938,2024-10-27,24.0
25851,33938,2024-11-26,24.0
25852,33938,2024-12-26,24.0
25853,33939,2024-07-14,24.0
25854,33939,2024-08-13,24.0
25855,33939,2024-09-12,24.0
25856,33939,2024-10-12,24.0
25857,33939,2024-11-11,24.0
25858,33939,2024-12-11,24.0
25859,33945,2024-09-25,12.0
25860,33945,2024-10-25,12.0
25861,33945,2024-11-24,12.0
25862,33945,2024-12-24,12.0
25863,33956,2024-10-22,24.0
25864,33956,2024-11-21,24.0
25865,33956,2024-12-21,24.0
25866,33960,2024-08-16,12.0
25867,33960,2024-09-15,12.0
25868,33960,2024-10-15,12.0
25869,33960,2024-11-14,12.0
25870,33960,2024-12-14,12.0
25871,33964,2024-10-18,12.0
25872,33964,2024-11-17,12.0
25873,33964,2024-12-17,12.0
25874,33966,2024-11-28,12.0
25875,33966,2024-12-28,12.0
25876,33969,2024-09-03,12.0
25877,33969,2024-10-03,12.0
25878,33969,2024-11-02,12.0
25879,33969,2024-12-02,12.0
25880,33973,2024-02-15,12.0
25881,33974,2024-10-08,12.0
25882,33974,2024-11-07,12.0
25883,33974,2024-12-07,12.0
25884,33975,2024-12-15,24.0
25885,33990,2024-08-12,12.0
25886,33990,2024-09-11,12.0
25887,33990,2024-10-11,12.0
25888,33990,2024-11-10,12.0
25889,33990,2024-12-10,12.0
25890,33991,2024-08-24,24.0
25891,33991,2024-09-23,24.0
25892,33991,2024-10-23,24.0
25893,33991,2024-11-22,24.0
25894,33991,2024-12-22,24.0
25895,33998,2024-12-23,24.0
25896,34006,2024-09-25,24.0
25897,34006,2024-10-25,24.0
25898,34006,2024-11-24,24.0
25899,34006,2024-12-24,24.0
25900,34009,2024-05-20,12.0
25901,34011,2024-03-04,12.0
25902,34024,2024-09-11,24.0
25903,34024,2024-10-11,24.0
25904,34024,2024-11-10,24.0
25905,34024,2024-12-10,24.0
25906,34028,2024-07-08,12.0
25907,34028,2024-08-07,12.0
25908,34028,2024-09-06,12.0
25909,34028,2024-10-06,12.0
25910,34028,2024-11-05,12.0
25911,34028,2024-12-05,12.0
25912,34029,2024-12-19,12.0
25913,34038,2024-04-12,12.0
25914,34043,2024-08-28,12.0
25915,34046,2024-04-08,12.0
25916,34050,2024-01-22,12.0
25917,34050,2024-02-21,12.0
25918,34050,2024-03-22,12.0
25919,34050,2024-04-21,12.0
25920,34050,2024-05-21,12.0
25921,34050,2024-06-20,12.0
25922,34050,2024-07-20,12.0
25923,34050,2024-08-19,12.0
25924,34050,2024-09-18,12.0
25925,34050,2024-10-18,12.0
25926,34050,2024-11-17,12.0
25927,34050,2024-12-17,12.0
25928,34053,2024-03-04,12.0
25929,34053,2024-04-03,12.0
25930,34053,2024-05-03,12.0
25931,34053,2024-06-02,12.0
25932,34053,2024-07-02,12.0
25933,34053,2024-08-01,12.0
25934,34053,2024-08-31,12.0
25935,34053,2024-09-30,12.0
25936,34053,2024-10-30,12.0
25937,34053,2024-11-29,12.0
25938,34053,2024-12-29,12.0
25939,34065,2024-03-29,12.0
25940,34069,2024-09-12,12.0
25941,34069,2024-10-12,12.0
25942,34069,2024-11-11,12.0
25943,34069,2024-12-11,12.0
25944,34074,2024-09-21,12.0
25945,34076,2024-06-07,12.0
25946,34076,2024-07-07,12.0
25947,34076,2024-08-06,12.0
25948,34076,2024-09-05,12.0
25949,34076,2024-10-05,12.0
25950,34076,2024-11-04,12.0
25951,34076,2024-12-04,12.0
25952,34078,2024-06-02,24.0
25953,34081,2024-03-01,12.0
25954,34083,2024-03-14,12.0
25955,34083,2024-04-13,12.0
25956,34083,2024-05-13,12.0
25957,34083,2024-06-12,12.0
25958,34083,2024-07-12,12.0
25959,34083,2024-08-11,12.0
25960,34083,2024-09-10,12.0
25961,34083,2024-10-10,12.0
25962,34083,2024-11-09,12.0
25963,34083,2024-12-09,12.0
25964,34091,2024-10-17,24.0
25965,34095,2024-08-22,24.0
25966,34095,2024-09-21,24.0
25967,34095,2024-10-21,24.0
25968,34095,2024-11-20,24.0
25969,34095,2024-12-20,24.0
25970,34096,2024-02-12,12.0
25971,34112,2024-09-01,12.0
25972,34112,2024-10-01,12.0
25973,34112,2024-10-31,12.0
25974,34112,2024-11-30,12.0
25975,34112,2024-12-30,12.0
25976,34125,2024-10-02,12.0
25977,34127,2024-10-20,12.0
25978,34127,2024-11-19,12.0
25979,34127,2024-12-19,12.0
25980,34129,2024-06-17,24.0
25981,34131,2024-01-19,12.0
25982,34138,2024-03-01,12.0
25983,34138,2024-03-31,12.0
25984,34138,2024-04-30,12.0
25985,34138,2024-05-30,12.0
25986,34138,2024-06-29,12.0
25987,34138,2024-07-29,12.0
25988,34138,2024-08-28,12.0
25989,34138,2024-09-27,12.0
25990,34138,2024-10-27,12.0
25991,34138,2024-11-26,12.0
25992,34138,2024-12-26,12.0
25993,34140,2024-02-21,12.0
25994,34140,2024-03-22,12.0
25995,34140,2024-04-21,12.0
25996,34140,2024-05-21,12.0
25997,34140,2024-06-20,12.0
25998,34140,2024-07-20,12.0
25999,34140,2024-08-19,12.0
26000,34140,2024-09-18,12.0
26001,34140,2024-10-18,12.0
26002,34140,2024-11-17,12.0
26003,34140,2024-12-17,12.0
26004,34165,2025-01-12,12.0
26005,34166,2024-06-06,12.0
26006,34172,2024-11-07,12.0
26007,34172,2024-12-07,12.0
26008,34176,2024-07-24,12.0
26009,34176,2024-08-23,12.0
26010,34176,2024-09-22,12.0
26011,34176,2024-10-22,12.0
26012,34176,2024-11-21,12.0
26013,34176,2024-12-21,12.0
26014,34177,2024-08-01,12.0
26015,34183,2025-01-10,12.0
26016,34190,2024-09-28,24.0
26017,34190,2024-10-28,24.0
26018,34190,2024-11-27,24.0
26019,34190,2024-12-27,24.0
26020,34191,2024-08-18,24.0
26021,34201,2024-03-25,12.0
26022,34201,2024-04-24,12.0
26023,34201,2024-05-24,12.0
26024,34201,2024-06-23,12.0
26025,34201,2024-07-23,12.0
26026,34201,2024-08-22,12.0
26027,34201,2024-09-21,12.0
26028,34201,2024-10-21,12.0
26029,34201,2024-11-20,12.0
26030,34201,2024-12-20,12.0
26031,34202,2024-10-19,24.0
26032,34202,2024-11-18,24.0
26033,34202,2024-12-18,24.0
26034,34206,2024-06-19,12.0
26035,34206,2024-07-19,12.0
26036,34206,2024-08-18,12.0
26037,34206,2024-09-17,12.0
26038,34206,2024-10-17,12.0
26039,34206,2024-11-16,12.0
26040,34206,2024-12-16,12.0
26041,34217,2024-12-11,12.0
26042,34234,2024-07-31,12.0
26043,34234,2024-08-30,12.0
26044,34234,2024-09-29,12.0
26045,34234,2024-10-29,12.0
26046,34234,2024-11-28,12.0
26047,34234,2024-12-28,12.0
26048,34236,2024-06-24,12.0
26049,34256,2024-08-05,12.0
26050,34257,2024-03-19,12.0
26051,34257,2024-04-18,12.0
26052,34257,2024-05-18,12.0
26053,34257,2024-06-17,12.0
26054,34257,2024-07-17,12.0
26055,34257,2024-08-16,12.0
26056,34257,2024-09-15,12.0
26057,34257,2024-10-15,12.0
26058,34257,2024-11-14,12.0
26059,34257,2024-12-14,12.0
26060,34262,2025-01-09,12.0
26061,34271,2024-07-01,24.0
26062,34271,2024-07-31,24.0
26063,34271,2024-08-30,24.0
26064,34271,2024-09-29,24.0
26065,34271,2024-10-29,24.0
26066,34271,2024-11-28,24.0
26067,34271,2024-12-28,24.0
26068,34281,2024-12-18,24.0
26069,34292,2024-01-22,12.0
26070,34302,2025-01-10,24.0
26071,34305,2024-10-23,12.0
26072,34305,2024-11-22,12.0
26073,34305,2024-12-22,12.0
26074,34306,2024-10-21,12.0
26075,34306,2024-11-20,12.0
26076,34306,2024-12-20,12.0
26077,34315,2024-04-14,24.0
26078,34320,2024-07-01,24.0
26079,34320,2024-07-31,24.0
26080,34320,2024-08-30,24.0
26081,34320,2024-09-29,24.0
26082,34320,2024-10-29,24.0
26083,34320,2024-11-28,24.0
26084,34320,2024-12-28,24.0
26085,34325,2024-08-15,12.0
26086,34325,2024-09-14,12.0
26087,34325,2024-10-14,12.0
26088,34325,2024-11-13,12.0
26089,34325,2024-12-13,12.0
26090,34328,2024-04-14,12.0
26091,34328,2024-05-14,12.0
26092,34328,2024-06-13,12.0
26093,34328,2024-07-13,12.0
26094,34328,2024-08-12,12.0
26095,34328,2024-09-11,12.0
26096,34328,2024-10-11,12.0
26097,34328,2024-11-10,12.0
26098,34328,2024-12-10,12.0
26099,34330,2024-11-09,12.0
26100,34334,2024-07-12,12.0
26101,34334,2024-08-11,12.0
26102,34334,2024-09-10,12.0
26103,34334,2024-10-10,12.0
26104,34334,2024-11-09,12.0
26105,34334,2024-12-09,12.0
26106,34339,2024-08-20,12.0
26107,34356,2024-05-28,24.0
26108,34356,2024-06-27,24.0
26109,34356,2024-07-27,24.0
26110,34356,2024-08-26,24.0
26111,34356,2024-09-25,24.0
26112,34356,2024-10-25,24.0
26113,34356,2024-11-24,24.0
26114,34356,2024-12-24,24.0
26115,34373,2024-04-22,24.0
26116,34373,2024-05-22,24.0
26117,34373,2024-06-21,24.0
26118,34373,2024-07-21,24.0
26119,34373,2024-08-20,24.0
26120,34373,2024-09-19,24.0
26121,34373,2024-10-19,24.0
26122,34373,2024-11-18,24.0
26123,34373,2024-12-18,24.0
26124,34384,2024-04-20,12.0
26125,34384,2024-05-20,12.0
26126,34384,2024-06-19,12.0
26127,34384,2024-07-19,12.0
26128,34384,2024-08-18,12.0
26129,34384,2024-09-17,12.0
26130,34384,2024-10-17,12.0
26131,34384,2024-11-16,12.0
26132,34384,2024-12-16,12.0
26133,34386,2024-12-11,12.0
26134,34409,2024-11-28,12.0
26135,34409,2024-12-28,12.0
26136,34412,2024-09-03,12.0
26137,34413,2024-11-13,12.0
26138,34416,2024-10-29,12.0
26139,34416,2024-11-28,12.0
26140,34416,2024-12-28,12.0
26141,34422,2024-02-15,12.0
26142,34426,2024-09-16,12.0
26143,34429,2024-10-10,12.0
26144,34439,2024-05-29,12.0
26145,34441,2024-09-18,24.0
26146,34441,2024-10-18,24.0
26147,34441,2024-11-17,24.0
26148,34441,2024-12-17,24.0
26149,34446,2024-09-27,12.0
26150,34446,2024-10-27,12.0
26151,34446,2024-11-26,12.0
26152,34446,2024-12-26,12.0
26153,34449,2024-08-27,12.0
26154,34449,2024-09-26,12.0
26155,34449,2024-10-26,12.0
26156,34449,2024-11-25,12.0
26157,34449,2024-12-25,12.0
26158,34452,2024-08-05,12.0
26159,34459,2024-03-20,12.0
26160,34459,2024-04-19,12.0
26161,34459,2024-05-19,12.0
26162,34459,2024-06-18,12.0
26163,34459,2024-07-18,12.0
26164,34459,2024-08-17,12.0
26165,34459,2024-09-16,12.0
26166,34459,2024-10-16,12.0
26167,34459,2024-11-15,12.0
26168,34459,2024-12-15,12.0
26169,34464,2024-12-06,12.0
26170,34470,2024-07-31,12.0
26171,34470,2024-08-30,12.0
26172,34470,2024-09-29,12.0
26173,34470,2024-10-29,12.0
26174,34470,2024-11-28,12.0
26175,34470,2024-12-28,12.0
26176,34472,2024-01-19,24.0
26177,34472,2024-02-18,24.0
26178,34472,2024-03-19,24.0
26179,34472,2024-04-18,24.0
26180,34472,2024-05-18,24.0
26181,34472,2024-06-17,24.0
26182,34472,2024-07-17,24.0
26183,34472,2024-08-16,24.0
26184,34472,2024-09-15,24.0
26185,34472,2024-10-15,24.0
26186,34472,2024-11-14,24.0
26187,34472,2024-12-14,24.0
26188,34473,2024-03-17,24.0
26189,34473,2024-04-16,24.0
26190,34473,2024-05-16,24.0
26191,34473,2024-06-15,24.0
26192,34473,2024-07-15,24.0
26193,34473,2024-08-14,24.0
26194,34473,2024-09-13,24.0
26195,34473,2024-10-13,24.0
26196,34473,2024-11-12,24.0
26197,34473,2024-12-12,24.0
26198,34490,2024-05-26,24.0
26199,34490,2024-06-25,24.0
26200,34490,2024-07-25,24.0
26201,34490,2024-08-24,24.0
26202,34490,2024-09-23,24.0
26203,34490,2024-10-23,24.0
26204,34490,2024-11-22,24.0
26205,34490,2024-12-22,24.0
26206,34502,2024-12-27,12.0
26207,34503,2024-03-13,12.0
26208,34508,2024-07-21,24.0
26209,34508,2024-08-20,24.0
26210,34508,2024-09-19,24.0
26211,34508,2024-10-19,24.0
26212,34508,2024-11-18,24.0
26213,34508,2024-12-18,24.0
26214,34509,2024-02-28,24.0
26215,34509,2024-03-29,24.0
26216,34509,2024-04-28,24.0
26217,34509,2024-05-28,24.0
26218,34509,2024-06-27,24.0
26219,34509,2024-07-27,24.0
26220,34509,2024-08-26,24.0
26221,34509,2024-09-25,24.0
26222,34509,2024-10-25,24.0
26223,34509,2024-11-24,24.0
26224,34509,2024-12-24,24.0
26225,34511,2025-01-02,12.0
26226,34512,2024-09-19,12.0
26227,34512,2024-10-19,12.0
26228,34512,2024-11-18,12.0
26229,34512,2024-12-18,12.0
26230,34523,2024-03-22,12.0
26231,34524,2024-12-06,12.0
26232,34526,2024-06-17,24.0
26233,34526,2024-07-17,24.0
26234,34526,2024-08-16,24.0
26235,34526,2024-09-15,24.0
26236,34526,2024-10-15,24.0
26237,34526,2024-11-14,24.0
26238,34526,2024-12-14,24.0
26239,34529,2024-12-04,12.0
26240,34530,2024-06-26,12.0
26241,34530,2024-07-26,12.0
26242,34530,2024-08-25,12.0
26243,34530,2024-09-24,12.0
26244,34530,2024-10-24,12.0
26245,34530,2024-11-23,12.0
26246,34530,2024-12-23,12.0
26247,34537,2024-10-04,12.0
26248,34537,2024-11-03,12.0
26249,34537,2024-12-03,12.0
26250,34543,2024-12-25,12.0
26251,34557,2024-12-13,12.0
26252,34561,2024-11-08,24.0
26253,34569,2024-05-02,24.0
26254,34572,2024-05-14,12.0
26255,34573,2024-01-24,24.0
26256,34580,2024-09-11,12.0
26257,34583,2024-05-11,12.0
26258,34583,2024-06-10,12.0
26259,34583,2024-07-10,12.0
26260,34583,2024-08-09,12.0
26261,34583,2024-09-08,12.0
26262,34583,2024-10-08,12.0
26263,34583,2024-11-07,12.0
26264,34583,2024-12-07,12.0
26265,34599,2024-03-06,12.0
26266,34605,2024-03-13,24.0
26267,34605,2024-04-12,24.0
26268,34605,2024-05-12,24.0
26269,34605,2024-06-11,24.0
26270,34605,2024-07-11,24.0
26271,34605,2024-08-10,24.0
26272,34605,2024-09-09,24.0
26273,34605,2024-10-09,24.0
26274,34605,2024-11-08,24.0
26275,34605,2024-12-08,24.0
26276,34607,2024-06-14,12.0
26277,34607,2024-07-14,12.0
26278,34607,2024-08-13,12.0
26279,34607,2024-09-12,12.0
26280,34607,2024-10-12,12.0
26281,34607,2024-11-11,12.0
26282,34607,2024-12-11,12.0
26283,34610,2024-03-13,12.0
26284,34610,2024-04-12,12.0
26285,34610,2024-05-12,12.0
26286,34610,2024-06-11,12.0
26287,34610,2024-07-11,12.0
26288,34610,2024-08-10,12.0
26289,34610,2024-09-09,12.0
26290,34610,2024-10-09,12.0
26291,34610,2024-11-08,12.0
26292,34610,2024-12-08,12.0
26293,34611,2024-11-08,12.0
26294,34623,2024-05-25,12.0
26295,34624,2024-07-22,12.0
26296,34624,2024-08-21,12.0
26297,34624,2024-09-20,12.0
26298,34624,2024-10-20,12.0
26299,34624,2024-11-19,12.0
26300,34624,2024-12-19,12.0
26301,34626,2024-07-17,12.0
26302,34632,2024-04-19,12.0
26303,34632,2024-05-19,12.0
26304,34632,2024-06-18,12.0
26305,34632,2024-07-18,12.0
26306,34632,2024-08-17,12.0
26307,34632,2024-09-16,12.0
26308,34632,2024-10-16,12.0
26309,34632,2024-11-15,12.0
26310,34632,2024-12-15,12.0
26311,34637,2024-04-05,24.0
26312,34637,2024-05-05,24.0
26313,34637,2024-06-04,24.0
26314,34637,2024-07-04,24.0
26315,34637,2024-08-03,24.0
26316,34637,2024-09-02,24.0
26317,34637,2024-10-02,24.0
26318,34637,2024-11-01,24.0
26319,34637,2024-12-01,24.0
26320,34637,2024-12-31,24.0
26321,34643,2024-02-17,24.0
26322,34648,2024-06-04,12.0
26323,34648,2024-07-04,12.0
26324,34648,2024-08-03,12.0
26325,34648,2024-09-02,12.0
26326,34648,2024-10-02,12.0
26327,34648,2024-11-01,12.0
26328,34648,2024-12-01,12.0
26329,34648,2024-12-31,12.0
26330,34651,2024-12-25,24.0
26331,34655,2024-08-08,12.0
26332,34655,2024-09-07,12.0
26333,34655,2024-10-07,12.0
26334,34655,2024-11-06,12.0
26335,34655,2024-12-06,12.0
26336,34675,2024-02-10,12.0
26337,34678,2024-07-13,12.0
26338,34678,2024-08-12,12.0
26339,34678,2024-09-11,12.0
26340,34678,2024-10-11,12.0
26341,34678,2024-11-10,12.0
26342,34678,2024-12-10,12.0
26343,34690,2024-09-19,12.0
26344,34692,2024-12-04,12.0
26345,34695,2024-07-11,12.0
26346,34696,2024-08-30,12.0
26347,34696,2024-09-29,12.0
26348,34696,2024-10-29,12.0
26349,34696,2024-11-28,12.0
26350,34696,2024-12-28,12.0
26351,34699,2024-12-02,24.0
26352,34705,2024-10-31,12.0
26353,34706,2024-07-23,12.0
26354,34710,2024-12-08,12.0
26355,34731,2024-04-01,12.0
26356,34731,2024-05-01,12.0
26357,34731,2024-05-31,12.0
26358,34731,2024-06-30,12.0
26359,34731,2024-07-30,12.0
26360,34731,2024-08-29,12.0
26361,34731,2024-09-28,12.0
26362,34731,2024-10-28,12.0
26363,34731,2024-11-27,12.0
26364,34731,2024-12-27,12.0
26365,34737,2024-09-19,24.0
26366,34740,2024-05-19,12.0
26367,34751,2024-12-24,24.0
26368,34756,2024-05-09,12.0
26369,34756,2024-06-08,12.0
26370,34756,2024-07-08,12.0
26371,34756,2024-08-07,12.0
26372,34756,2024-09-06,12.0
26373,34756,2024-10-06,12.0
26374,34756,2024-11-05,12.0
26375,34756,2024-12-05,12.0
26376,34767,2024-06-25,12.0
26377,34767,2024-07-25,12.0
26378,34767,2024-08-24,12.0
26379,34767,2024-09-23,12.0
26380,34767,2024-10-23,12.0
26381,34767,2024-11-22,12.0
26382,34767,2024-12-22,12.0
26383,34768,2025-01-07,24.0
26384,34769,2024-11-20,24.0
26385,34778,2024-10-03,12.0
26386,34778,2024-11-02,12.0
26387,34778,2024-12-02,12.0
26388,34785,2024-06-24,12.0
26389,34790,2024-08-28,24.0
26390,34791,2024-05-18,12.0
26391,34791,2024-06-17,12.0
26392,34791,2024-07-17,12.0
26393,34791,2024-08-16,12.0
26394,34791,2024-09-15,12.0
26395,34791,2024-10-15,12.0
26396,34791,2024-11-14,12.0
26397,34791,2024-12-14,12.0
26398,34793,2024-12-29,24.0
26399,34794,2024-10-19,12.0
26400,34796,2024-07-19,12.0
26401,34796,2024-08-18,12.0
26402,34796,2024-09-17,12.0
26403,34796,2024-10-17,12.0
26404,34796,2024-11-16,12.0
26405,34796,2024-12-16,12.0
26406,34809,2024-07-23,24.0
26407,34813,2024-05-09,24.0
26408,34813,2024-06-08,24.0
26409,34813,2024-07-08,24.0
26410,34813,2024-08-07,24.0
26411,34813,2024-09-06,24.0
26412,34813,2024-10-06,24.0
26413,34813,2024-11-05,24.0
26414,34813,2024-12-05,24.0
26415,34823,2024-09-16,12.0
26416,34823,2024-10-16,12.0
26417,34823,2024-11-15,12.0
26418,34823,2024-12-15,12.0
26419,34827,2024-05-18,12.0
26420,34827,2024-06-17,12.0
26421,34827,2024-07-17,12.0
26422,34827,2024-08-16,12.0
26423,34827,2024-09-15,12.0
26424,34827,2024-10-15,12.0
26425,34827,2024-11-14,12.0
26426,34827,2024-12-14,12.0
26427,34828,2024-08-26,24.0
26428,34828,2024-09-25,24.0
26429,34828,2024-10-25,24.0
26430,34828,2024-11-24,24.0
26431,34828,2024-12-24,24.0
26432,34829,2024-02-24,12.0
26433,34829,2024-03-25,12.0
26434,34829,2024-04-24,12.0
26435,34829,2024-05-24,12.0
26436,34829,2024-06-23,12.0
26437,34829,2024-07-23,12.0
26438,34829,2024-08-22,12.0
26439,34829,2024-09-21,12.0
26440,34829,2024-10-21,12.0
26441,34829,2024-11-20,12.0
26442,34829,2024-12-20,12.0
26443,34830,2024-02-27,12.0
26444,34830,2024-03-28,12.0
26445,34830,2024-04-27,12.0
26446,34830,2024-05-27,12.0
26447,34830,2024-06-26,12.0
26448,34830,2024-07-26,12.0
26449,34830,2024-08-25,12.0
26450,34830,2024-09-24,12.0
26451,34830,2024-10-24,12.0
26452,34830,2024-11-23,12.0
26453,34830,2024-12-23,12.0
26454,34836,2024-08-19,24.0
26455,34836,2024-09-18,24.0
26456,34836,2024-10-18,24.0
26457,34836,2024-11-17,24.0
26458,34836,2024-12-17,24.0
26459,34837,2024-09-11,24.0
26460,34854,2024-04-28,12.0
26461,34854,2024-05-28,12.0
26462,34854,2024-06-27,12.0
26463,34854,2024-07-27,12.0
26464,34854,2024-08-26,12.0
26465,34854,2024-09-25,12.0
26466,34854,2024-10-25,12.0
26467,34854,2024-11-24,12.0
26468,34854,2024-12-24,12.0
26469,34859,2024-07-21,12.0
26470,34862,2024-12-13,12.0
26471,34876,2024-04-28,12.0
26472,34894,2024-05-20,12.0
26473,34894,2024-06-19,12.0
26474,34894,2024-07-19,12.0
26475,34894,2024-08-18,12.0
26476,34894,2024-09-17,12.0
26477,34894,2024-10-17,12.0
26478,34894,2024-11-16,12.0
26479,34894,2024-12-16,12.0
26480,34900,2024-06-29,12.0
26481,34900,2024-07-29,12.0
26482,34900,2024-08-28,12.0
26483,34900,2024-09-27,12.0
26484,34900,2024-10-27,12.0
26485,34900,2024-11-26,12.0
26486,34900,2024-12-26,12.0
26487,34902,2024-07-22,12.0
26488,34902,2024-08-21,12.0
26489,34902,2024-09-20,12.0
26490,34902,2024-10-20,12.0
26491,34902,2024-11-19,12.0
26492,34902,2024-12-19,12.0
26493,34910,2024-03-20,12.0
26494,34910,2024-04-19,12.0
26495,34910,2024-05-19,12.0
26496,34910,2024-06-18,12.0
26497,34910,2024-07-18,12.0
26498,34910,2024-08-17,12.0
26499,34910,2024-09-16,12.0
26500,34910,2024-10-16,12.0
26501,34910,2024-11-15,12.0
26502,34910,2024-12-15,12.0
26503,34911,2024-05-17,12.0
26504,34911,2024-06-16,12.0
26505,34911,2024-07-16,12.0
26506,34911,2024-08-15,12.0
26507,34911,2024-09-14,12.0
26508,34911,2024-10-14,12.0
26509,34911,2024-11-13,12.0
26510,34911,2024-12-13,12.0
26511,34924,2024-06-05,12.0
26512,34927,2024-11-30,12.0
26513,34937,2025-01-09,24.0
26514,34952,2024-11-25,12.0
26515,34952,2024-12-25,12.0
26516,34962,2025-01-03,12.0
26517,34972,2024-12-19,24.0
26518,34974,2024-08-23,12.0
26519,34979,2024-05-28,12.0
26520,34984,2024-04-24,12.0
26521,34988,2024-03-12,24.0
26522,34988,2024-04-11,24.0
26523,34988,2024-05-11,24.0
26524,34988,2024-06-10,24.0
26525,34988,2024-07-10,24.0
26526,34988,2024-08-09,24.0
26527,34988,2024-09-08,24.0
26528,34988,2024-10-08,24.0
26529,34988,2024-11-07,24.0
26530,34988,2024-12-07,24.0
26531,34999,2024-05-09,24.0
26532,34999,2024-06-08,24.0
26533,34999,2024-07-08,24.0
26534,34999,2024-08-07,24.0
26535,34999,2024-09-06,24.0
26536,34999,2024-10-06,24.0
26537,34999,2024-11-05,24.0
26538,34999,2024-12-05,24.0
26539,35004,2024-11-01,24.0
26540,35004,2024-12-01,24.0
26541,35004,2024-12-31,24.0
26542,35005,2024-06-29,12.0
26543,35005,2024-07-29,12.0
26544,35005,2024-08-28,12.0
26545,35005,2024-09-27,12.0
26546,35005,2024-10-27,12.0
26547,35005,2024-11-26,12.0
26548,35005,2024-12-26,12.0
26549,35009,2024-10-11,12.0
26550,35009,2024-11-10,12.0
26551,35009,2024-12-10,12.0
26552,35029,2024-04-28,12.0
26553,35035,2024-12-15,12.0
26554,35041,2024-07-10,24.0
26555,35041,2024-08-09,24.0
26556,35041,2024-09-08,24.0
26557,35041,2024-10-08,24.0
26558,35041,2024-11-07,24.0
26559,35041,2024-12-07,24.0
26560,35046,2025-01-02,12.0
26561,35049,2024-12-23,24.0
26562,35050,2024-04-25,12.0
26563,35050,2024-05-25,12.0
26564,35050,2024-06-24,12.0
26565,35050,2024-07-24,12.0
26566,35050,2024-08-23,12.0
26567,35050,2024-09-22,12.0
26568,35050,2024-10-22,12.0
26569,35050,2024-11-21,12.0
26570,35050,2024-12-21,12.0
26571,35053,2024-02-16,24.0
26572,35055,2024-03-09,12.0
26573,35055,2024-04-08,12.0
26574,35055,2024-05-08,12.0
26575,35055,2024-06-07,12.0
26576,35055,2024-07-07,12.0
26577,35055,2024-08-06,12.0
26578,35055,2024-09-05,12.0
26579,35055,2024-10-05,12.0
26580,35055,2024-11-04,12.0
26581,35055,2024-12-04,12.0
26582,35057,2024-10-27,12.0
26583,35057,2024-11-26,12.0
26584,35057,2024-12-26,12.0
26585,35072,2025-01-04,24.0
26586,35078,2024-07-08,24.0
26587,35078,2024-08-07,24.0
26588,35078,2024-09-06,24.0
26589,35078,2024-10-06,24.0
26590,35078,2024-11-05,24.0
26591,35078,2024-12-05,24.0
26592,35080,2024-06-25,12.0
26593,35088,2024-11-21,12.0
26594,35088,2024-12-21,12.0
26595,35090,2024-11-18,24.0
26596,35090,2024-12-18,24.0
26597,35095,2024-08-27,24.0
26598,35103,2024-08-28,12.0
26599,35103,2024-09-27,12.0
26600,35103,2024-10-27,12.0
26601,35103,2024-11-26,12.0
26602,35103,2024-12-26,12.0
26603,35104,2024-12-10,12.0
26604,35113,2024-02-19,24.0
26605,35113,2024-03-20,24.0
26606,35113,2024-04-19,24.0
26607,35113,2024-05-19,24.0
26608,35113,2024-06-18,24.0
26609,35113,2024-07-18,24.0
26610,35113,2024-08-17,24.0
26611,35113,2024-09-16,24.0
26612,35113,2024-10-16,24.0
26613,35113,2024-11-15,24.0
26614,35113,2024-12-15,24.0
26615,35121,2024-06-26,12.0
26616,35121,2024-07-26,12.0
26617,35121,2024-08-25,12.0
26618,35121,2024-09-24,12.0
26619,35121,2024-10-24,12.0
26620,35121,2024-11-23,12.0
26621,35121,2024-12-23,12.0
26622,35129,2024-03-21,12.0
26623,35129,2024-04-20,12.0
26624,35129,2024-05-20,12.0
26625,35129,2024-06-19,12.0
26626,35129,2024-07-19,12.0
26627,35129,2024-08-18,12.0
26628,35129,2024-09-17,12.0
26629,35129,2024-10-17,12.0
26630,35129,2024-11-16,12.0
26631,35129,2024-12-16,12.0
26632,35137,2024-09-06,12.0
26633,35137,2024-10-06,12.0
26634,35137,2024-11-05,12.0
26635,35137,2024-12-05,12.0
26636,35138,2024-03-09,24.0
26637,35144,2024-07-03,12.0
26638,35151,2024-07-08,12.0
26639,35151,2024-08-07,12.0
26640,35151,2024-09-06,12.0
26641,35151,2024-10-06,12.0
26642,35151,2024-11-05,12.0
26643,35151,2024-12-05,12.0
26644,35152,2024-01-24,12.0
26645,35159,2024-09-21,12.0
26646,35159,2024-10-21,12.0
26647,35159,2024-11-20,12.0
26648,35159,2024-12-20,12.0
26649,35169,2024-01-17,24.0
26650,35169,2024-02-16,24.0
26651,35169,2024-03-17,24.0
26652,35169,2024-04-16,24.0
26653,35169,2024-05-16,24.0
26654,35169,2024-06-15,24.0
26655,35169,2024-07-15,24.0
26656,35169,2024-08-14,24.0
26657,35169,2024-09-13,24.0
26658,35169,2024-10-13,24.0
26659,35169,2024-11-12,24.0
26660,35169,2024-12-12,24.0
26661,35170,2024-03-08,12.0
26662,35170,2024-04-07,12.0
26663,35170,2024-05-07,12.0
26664,35170,2024-06-06,12.0
26665,35170,2024-07-06,12.0
26666,35170,2024-08-05,12.0
26667,35170,2024-09-04,12.0
26668,35170,2024-10-04,12.0
26669,35170,2024-11-03,12.0
26670,35170,2024-12-03,12.0
26671,35176,2024-08-15,24.0
26672,35178,2024-10-25,24.0
26673,35178,2024-11-24,24.0
26674,35178,2024-12-24,24.0
26675,35180,2024-02-23,12.0
26676,35180,2024-03-24,12.0
26677,35180,2024-04-23,12.0
26678,35180,2024-05-23,12.0
26679,35180,2024-06-22,12.0
26680,35180,2024-07-22,12.0
26681,35180,2024-08-21,12.0
26682,35180,2024-09-20,12.0
26683,35180,2024-10-20,12.0
26684,35180,2024-11-19,12.0
26685,35180,2024-12-19,12.0
26686,35185,2024-12-20,12.0
26687,35188,2024-03-10,12.0
26688,35198,2024-10-18,24.0
26689,35198,2024-11-17,24.0
26690,35198,2024-12-17,24.0
26691,35213,2024-08-07,24.0
26692,35214,2024-02-11,24.0
26693,35214,2024-03-12,24.0
26694,35214,2024-04-11,24.0
26695,35214,2024-05-11,24.0
26696,35214,2024-06-10,24.0
26697,35214,2024-07-10,24.0
26698,35214,2024-08-09,24.0
26699,35214,2024-09-08,24.0
26700,35214,2024-10-08,24.0
26701,35214,2024-11-07,24.0
26702,35214,2024-12-07,24.0
26703,35216,2024-01-26,12.0
26704,35216,2024-02-25,12.0
26705,35216,2024-03-26,12.0
26706,35216,2024-04-25,12.0
26707,35216,2024-05-25,12.0
26708,35216,2024-06-24,12.0
26709,35216,2024-07-24,12.0
26710,35216,2024-08-23,12.0
26711,35216,2024-09-22,12.0
26712,35216,2024-10-22,12.0
26713,35216,2024-11-21,12.0
26714,35216,2024-12-21,12.0
26715,35221,2024-09-07,24.0
26716,35228,2024-05-30,12.0
26717,35232,2024-12-29,12.0
26718,35245,2024-08-01,12.0
26719,35253,2024-10-01,24.0
26720,35257,2024-09-05,12.0
26721,35257,2024-10-05,12.0
26722,35257,2024-11-04,12.0
26723,35257,2024-12-04,12.0
26724,35258,2024-05-22,24.0
26725,35260,2024-02-04,12.0
26726,35260,2024-03-05,12.0
26727,35260,2024-04-04,12.0
26728,35260,2024-05-04,12.0
26729,35260,2024-06-03,12.0
26730,35260,2024-07-03,12.0
26731,35260,2024-08-02,12.0
26732,35260,2024-09-01,12.0
26733,35260,2024-10-01,12.0
26734,35260,2024-10-31,12.0
26735,35260,2024-11-30,12.0
26736,35260,2024-12-30,12.0
26737,35266,2024-11-11,12.0
26738,35266,2024-12-11,12.0
26739,35270,2024-04-06,12.0
26740,35270,2024-05-06,12.0
26741,35270,2024-06-05,12.0
26742,35270,2024-07-05,12.0
26743,35270,2024-08-04,12.0
26744,35270,2024-09-03,12.0
26745,35270,2024-10-03,12.0
26746,35270,2024-11-02,12.0
26747,35270,2024-12-02,12.0
26748,35276,2024-06-16,12.0
26749,35276,2024-07-16,12.0
26750,35276,2024-08-15,12.0
26751,35276,2024-09-14,12.0
26752,35276,2024-10-14,12.0
26753,35276,2024-11-13,12.0
26754,35276,2024-12-13,12.0
26755,35281,2024-06-26,12.0
26756,35281,2024-07-26,12.0
26757,35281,2024-08-25,12.0
26758,35281,2024-09-24,12.0
26759,35281,2024-10-24,12.0
26760,35281,2024-11-23,12.0
26761,35281,2024-12-23,12.0
26762,35289,2024-04-04,12.0
26763,35289,2024-05-04,12.0
26764,35289,2024-06-03,12.0
26765,35289,2024-07-03,12.0
26766,35289,2024-08-02,12.0
26767,35289,2024-09-01,12.0
26768,35289,2024-10-01,12.0
26769,35289,2024-10-31,12.0
26770,35289,2024-11-30,12.0
26771,35289,2024-12-30,12.0
26772,35292,2024-11-07,24.0
26773,35292,2024-12-07,24.0
26774,35304,2024-07-16,24.0
26775,35315,2024-08-04,12.0
26776,35315,2024-09-03,12.0
26777,35315,2024-10-03,12.0
26778,35315,2024-11-02,12.0
26779,35315,2024-12-02,12.0
26780,35316,2024-04-06,24.0
26781,35316,2024-05-06,24.0
26782,35316,2024-06-05,24.0
26783,35316,2024-07-05,24.0
26784,35316,2024-08-04,24.0
26785,35316,2024-09-03,24.0
26786,35316,2024-10-03,24.0
26787,35316,2024-11-02,24.0
26788,35316,2024-12-02,24.0
26789,35317,2024-10-06,24.0
26790,35317,2024-11-05,24.0
26791,35317,2024-12-05,24.0
26792,35319,2025-01-10,24.0
26793,35330,2024-08-10,12.0
26794,35330,2024-09-09,12.0
26795,35330,2024-10-09,12.0
26796,35330,2024-11-08,12.0
26797,35330,2024-12-08,12.0
26798,35337,2024-10-25,12.0
26799,35337,2024-11-24,12.0
26800,35337,2024-12-24,12.0
26801,35340,2024-03-02,12.0
26802,35340,2024-04-01,12.0
26803,35340,2024-05-01,12.0
26804,35340,2024-05-31,12.0
26805,35340,2024-06-30,12.0
26806,35340,2024-07-30,12.0
26807,35340,2024-08-29,12.0
26808,35340,2024-09-28,12.0
26809,35340,2024-10-28,12.0
26810,35340,2024-11-27,12.0
26811,35340,2024-12-27,12.0
26812,35341,2024-10-18,12.0
26813,35341,2024-11-17,12.0
26814,35341,2024-12-17,12.0
26815,35347,2024-12-12,12.0
26816,35359,2024-04-20,24.0
26817,35359,2024-05-20,24.0
26818,35359,2024-06-19,24.0
26819,35359,2024-07-19,24.0
26820,35359,2024-08-18,24.0
26821,35359,2024-09-17,24.0
26822,35359,2024-10-17,24.0
26823,35359,2024-11-16,24.0
26824,35359,2024-12-16,24.0
26825,35360,2024-04-04,12.0
26826,35360,2024-05-04,12.0
26827,35360,2024-06-03,12.0
26828,35360,2024-07-03,12.0
26829,35360,2024-08-02,12.0
26830,35360,2024-09-01,12.0
26831,35360,2024-10-01,12.0
26832,35360,2024-10-31,12.0
26833,35360,2024-11-30,12.0
26834,35360,2024-12-30,12.0
26835,35374,2024-08-17,12.0
26836,35377,2025-01-05,12.0
26837,35385,2024-12-26,12.0
26838,35391,2024-04-03,12.0
26839,35391,2024-05-03,12.0
26840,35391,2024-06-02,12.0
26841,35391,2024-07-02,12.0
26842,35391,2024-08-01,12.0
26843,35391,2024-08-31,12.0
26844,35391,2024-09-30,12.0
26845,35391,2024-10-30,12.0
26846,35391,2024-11-29,12.0
26847,35391,2024-12-29,12.0
26848,35402,2024-07-06,12.0
26849,35406,2024-02-16,12.0
26850,35406,2024-03-17,12.0
26851,35406,2024-04-16,12.0
26852,35406,2024-05-16,12.0
26853,35406,2024-06-15,12.0
26854,35406,2024-07-15,12.0
26855,35406,2024-08-14,12.0
26856,35406,2024-09-13,12.0
26857,35406,2024-10-13,12.0
26858,35406,2024-11-12,12.0
26859,35406,2024-12-12,12.0
26860,35416,2024-06-28,12.0
26861,35426,2024-11-05,12.0
26862,35426,2024-12-05,12.0
26863,35431,2024-05-10,12.0
26864,35436,2024-09-14,24.0
26865,35441,2024-12-08,24.0
26866,35442,2024-03-24,12.0
26867,35442,2024-04-23,12.0
26868,35442,2024-05-23,12.0
26869,35442,2024-06-22,12.0
26870,35442,2024-07-22,12.0
26871,35442,2024-08-21,12.0
26872,35442,2024-09-20,12.0
26873,35442,2024-10-20,12.0
26874,35442,2024-11-19,12.0
26875,35442,2024-12-19,12.0
26876,35448,2024-11-25,12.0
26877,35448,2024-12-25,12.0
26878,35453,2024-06-19,12.0
26879,35467,2024-10-25,12.0
26880,35467,2024-11-24,12.0
26881,35467,2024-12-24,12.0
26882,35470,2024-07-03,12.0
26883,35470,2024-08-02,12.0
26884,35470,2024-09-01,12.0
26885,35470,2024-10-01,12.0
26886,35470,2024-10-31,12.0
26887,35470,2024-11-30,12.0
26888,35470,2024-12-30,12.0
26889,35480,2024-03-08,12.0
26890,35480,2024-04-07,12.0
26891,35480,2024-05-07,12.0
26892,35480,2024-06-06,12.0
26893,35480,2024-07-06,12.0
26894,35480,2024-08-05,12.0
26895,35480,2024-09-04,12.0
26896,35480,2024-10-04,12.0
26897,35480,2024-11-03,12.0
26898,35480,2024-12-03,12.0
26899,35485,2024-09-17,12.0
26900,35485,2024-10-17,12.0
26901,35485,2024-11-16,12.0
26902,35485,2024-12-16,12.0
26903,35501,2024-11-07,12.0
26904,35502,2025-01-07,12.0
26905,35503,2024-04-06,12.0
26906,35513,2024-02-11,12.0
26907,35513,2024-03-12,12.0
26908,35513,2024-04-11,12.0
26909,35513,2024-05-11,12.0
26910,35513,2024-06-10,12.0
26911,35513,2024-07-10,12.0
26912,35513,2024-08-09,12.0
26913,35513,2024-09-08,12.0
26914,35513,2024-10-08,12.0
26915,35513,2024-11-07,12.0
26916,35513,2024-12-07,12.0
26917,35514,2024-12-27,24.0
26918,35516,2024-07-28,24.0
26919,35517,2024-04-07,24.0
26920,35517,2024-05-07,24.0
26921,35517,2024-06-06,24.0
26922,35517,2024-07-06,24.0
26923,35517,2024-08-05,24.0
26924,35517,2024-09-04,24.0
26925,35517,2024-10-04,24.0
26926,35517,2024-11-03,24.0
26927,35517,2024-12-03,24.0
26928,35519,2025-01-07,12.0
26929,35520,2024-01-19,24.0
26930,35520,2024-02-18,24.0
26931,35520,2024-03-19,24.0
26932,35520,2024-04-18,24.0
26933,35520,2024-05-18,24.0
26934,35520,2024-06-17,24.0
26935,35520,2024-07-17,24.0
26936,35520,2024-08-16,24.0
26937,35520,2024-09-15,24.0
26938,35520,2024-10-15,24.0
26939,35520,2024-11-14,24.0
26940,35520,2024-12-14,24.0
26941,35523,2024-12-27,12.0
26942,35524,2024-03-05,24.0
26943,35526,2024-05-30,12.0
26944,35526,2024-06-29,12.0
26945,35526,2024-07-29,12.0
26946,35526,2024-08-28,12.0
26947,35526,2024-09-27,12.0
26948,35526,2024-10-27,12.0
26949,35526,2024-11-26,12.0
26950,35526,2024-12-26,12.0
26951,35529,2024-12-03,24.0
26952,35532,2024-07-31,24.0
26953,35532,2024-08-30,24.0
26954,35532,2024-09-29,24.0
26955,35532,2024-10-29,24.0
26956,35532,2024-11-28,24.0
26957,35532,2024-12-28,24.0
26958,35533,2024-12-10,12.0
26959,35542,2024-08-27,12.0
26960,35542,2024-09-26,12.0
26961,35542,2024-10-26,12.0
26962,35542,2024-11-25,12.0
26963,35542,2024-12-25,12.0
26964,35543,2024-09-10,12.0
26965,35548,2024-11-14,24.0
26966,35548,2024-12-14,24.0
26967,35554,2024-05-04,12.0
26968,35555,2024-12-26,12.0
26969,35561,2024-08-18,24.0
26970,35573,2024-12-18,24.0
26971,35577,2024-03-09,24.0
26972,35577,2024-04-08,24.0
26973,35577,2024-05-08,24.0
26974,35577,2024-06-07,24.0
26975,35577,2024-07-07,24.0
26976,35577,2024-08-06,24.0
26977,35577,2024-09-05,24.0
26978,35577,2024-10-05,24.0
26979,35577,2024-11-04,24.0
26980,35577,2024-12-04,24.0
26981,35587,2024-01-31,12.0
26982,35587,2024-03-01,12.0
26983,35587,2024-03-31,12.0
26984,35587,2024-04-30,12.0
26985,35587,2024-05-30,12.0
26986,35587,2024-06-29,12.0
26987,35587,2024-07-29,12.0
26988,35587,2024-08-28,12.0
26989,35587,2024-09-27,12.0
26990,35587,2024-10-27,12.0
26991,35587,2024-11-26,12.0
26992,35587,2024-12-26,12.0
26993,35592,2024-05-17,12.0
26994,35592,2024-06-16,12.0
26995,35592,2024-07-16,12.0
26996,35592,2024-08-15,12.0
26997,35592,2024-09-14,12.0
26998,35592,2024-10-14,12.0
26999,35592,2024-11-13,12.0
27000,35592,2024-12-13,12.0
27001,35605,2024-07-17,24.0
27002,35612,2024-09-19,12.0
27003,35612,2024-10-19,12.0
27004,35612,2024-11-18,12.0
27005,35612,2024-12-18,12.0
27006,35618,2024-03-19,12.0
27007,35621,2024-05-28,12.0
27008,35624,2024-12-12,24.0
27009,35625,2024-03-14,12.0
27010,35625,2024-04-13,12.0
27011,35625,2024-05-13,12.0
27012,35625,2024-06-12,12.0
27013,35625,2024-07-12,12.0
27014,35625,2024-08-11,12.0
27015,35625,2024-09-10,12.0
27016,35625,2024-10-10,12.0
27017,35625,2024-11-09,12.0
27018,35625,2024-12-09,12.0
27019,35628,2024-02-27,12.0
27020,35628,2024-03-28,12.0
27021,35628,2024-04-27,12.0
27022,35628,2024-05-27,12.0
27023,35628,2024-06-26,12.0
27024,35628,2024-07-26,12.0
27025,35628,2024-08-25,12.0
27026,35628,2024-09-24,12.0
27027,35628,2024-10-24,12.0
27028,35628,2024-11-23,12.0
27029,35628,2024-12-23,12.0
27030,35634,2024-12-09,12.0
27031,35641,2024-12-20,24.0
27032,35651,2024-11-27,24.0
27033,35651,2024-12-27,24.0
27034,35659,2024-12-11,12.0
27035,35673,2024-08-01,12.0
27036,35674,2024-02-26,12.0
27037,35674,2024-03-27,12.0
27038,35674,2024-04-26,12.0
27039,35674,2024-05-26,12.0
27040,35674,2024-06-25,12.0
27041,35674,2024-07-25,12.0
27042,35674,2024-08-24,12.0
27043,35674,2024-09-23,12.0
27044,35674,2024-10-23,12.0
27045,35674,2024-11-22,12.0
27046,35674,2024-12-22,12.0
27047,35676,2024-05-30,12.0
27048,35684,2024-04-27,12.0
27049,35686,2024-08-12,12.0
27050,35693,2024-05-11,12.0
27051,35693,2024-06-10,12.0
27052,35693,2024-07-10,12.0
27053,35693,2024-08-09,12.0
27054,35693,2024-09-08,12.0
27055,35693,2024-10-08,12.0
27056,35693,2024-11-07,12.0
27057,35693,2024-12-07,12.0
27058,35700,2024-08-16,12.0
27059,35700,2024-09-15,12.0
27060,35700,2024-10-15,12.0
27061,35700,2024-11-14,12.0
27062,35700,2024-12-14,12.0
27063,35703,2024-06-16,12.0
27064,35703,2024-07-16,12.0
27065,35703,2024-08-15,12.0
27066,35703,2024-09-14,12.0
27067,35703,2024-10-14,12.0
27068,35703,2024-11-13,12.0
27069,35703,2024-12-13,12.0
27070,35707,2024-11-11,12.0
27071,35707,2024-12-11,12.0
27072,35718,2024-10-08,12.0
27073,35724,2024-12-18,12.0
27074,35732,2024-11-29,12.0
27075,35734,2024-02-26,12.0
27076,35734,2024-03-27,12.0
27077,35734,2024-04-26,12.0
27078,35734,2024-05-26,12.0
27079,35734,2024-06-25,12.0
27080,35734,2024-07-25,12.0
27081,35734,2024-08-24,12.0
27082,35734,2024-09-23,12.0
27083,35734,2024-10-23,12.0
27084,35734,2024-11-22,12.0
27085,35734,2024-12-22,12.0
27086,35736,2024-10-26,12.0
27087,35736,2024-11-25,12.0
27088,35736,2024-12-25,12.0
27089,35737,2024-02-14,12.0
27090,35737,2024-03-15,12.0
27091,35737,2024-04-14,12.0
27092,35737,2024-05-14,12.0
27093,35737,2024-06-13,12.0
27094,35737,2024-07-13,12.0
27095,35737,2024-08-12,12.0
27096,35737,2024-09-11,12.0
27097,35737,2024-10-11,12.0
27098,35737,2024-11-10,12.0
27099,35737,2024-12-10,12.0
27100,35739,2024-12-11,12.0
27101,35742,2024-07-31,12.0
27102,35742,2024-08-30,12.0
27103,35742,2024-09-29,12.0
27104,35742,2024-10-29,12.0
27105,35742,2024-11-28,12.0
27106,35742,2024-12-28,12.0
27107,35743,2024-09-06,12.0
27108,35743,2024-10-06,12.0
27109,35743,2024-11-05,12.0
27110,35743,2024-12-05,12.0
27111,35746,2024-05-31,12.0
27112,35746,2024-06-30,12.0
27113,35746,2024-07-30,12.0
27114,35746,2024-08-29,12.0
27115,35746,2024-09-28,12.0
27116,35746,2024-10-28,12.0
27117,35746,2024-11-27,12.0
27118,35746,2024-12-27,12.0
27119,35755,2024-11-26,12.0
27120,35755,2024-12-26,12.0
27121,35763,2024-05-28,12.0
27122,35763,2024-06-27,12.0
27123,35763,2024-07-27,12.0
27124,35763,2024-08-26,12.0
27125,35763,2024-09-25,12.0
27126,35763,2024-10-25,12.0
27127,35763,2024-11-24,12.0
27128,35763,2024-12-24,12.0
27129,35764,2024-03-22,12.0
27130,35764,2024-04-21,12.0
27131,35764,2024-05-21,12.0
27132,35764,2024-06-20,12.0
27133,35764,2024-07-20,12.0
27134,35764,2024-08-19,12.0
27135,35764,2024-09-18,12.0
27136,35764,2024-10-18,12.0
27137,35764,2024-11-17,12.0
27138,35764,2024-12-17,12.0
27139,35767,2024-06-25,12.0
27140,35767,2024-07-25,12.0
27141,35767,2024-08-24,12.0
27142,35767,2024-09-23,12.0
27143,35767,2024-10-23,12.0
27144,35767,2024-11-22,12.0
27145,35767,2024-12-22,12.0
27146,35768,2024-03-05,12.0
27147,35768,2024-04-04,12.0
27148,35768,2024-05-04,12.0
27149,35768,2024-06-03,12.0
27150,35768,2024-07-03,12.0
27151,35768,2024-08-02,12.0
27152,35768,2024-09-01,12.0
27153,35768,2024-10-01,12.0
27154,35768,2024-10-31,12.0
27155,35768,2024-11-30,12.0
27156,35768,2024-12-30,12.0
27157,35775,2024-03-07,24.0
27158,35775,2024-04-06,24.0
27159,35775,2024-05-06,24.0
27160,35775,2024-06-05,24.0
27161,35775,2024-07-05,24.0
27162,35775,2024-08-04,24.0
27163,35775,2024-09-03,24.0
27164,35775,2024-10-03,24.0
27165,35775,2024-11-02,24.0
27166,35775,2024-12-02,24.0
27167,35779,2024-08-05,24.0
27168,35779,2024-09-04,24.0
27169,35779,2024-10-04,24.0
27170,35779,2024-11-03,24.0
27171,35779,2024-12-03,24.0
27172,35792,2024-09-22,12.0
27173,35792,2024-10-22,12.0
27174,35792,2024-11-21,12.0
27175,35792,2024-12-21,12.0
27176,35793,2024-07-28,12.0
27177,35797,2024-10-28,12.0
27178,35797,2024-11-27,12.0
27179,35797,2024-12-27,12.0
27180,35798,2024-12-17,12.0
27181,35804,2024-02-21,12.0
27182,35806,2024-12-31,12.0
27183,35807,2024-03-23,12.0
27184,35807,2024-04-22,12.0
27185,35807,2024-05-22,12.0
27186,35807,2024-06-21,12.0
27187,35807,2024-07-21,12.0
27188,35807,2024-08-20,12.0
27189,35807,2024-09-19,12.0
27190,35807,2024-10-19,12.0
27191,35807,2024-11-18,12.0
27192,35807,2024-12-18,12.0
27193,35812,2024-11-21,12.0
27194,35815,2024-10-02,12.0
27195,35815,2024-11-01,12.0
27196,35815,2024-12-01,12.0
27197,35815,2024-12-31,12.0
27198,35821,2024-08-08,12.0
27199,35822,2024-11-25,12.0
27200,35822,2024-12-25,12.0
27201,35824,2024-06-01,12.0
27202,35824,2024-07-01,12.0
27203,35824,2024-07-31,12.0
27204,35824,2024-08-30,12.0
27205,35824,2024-09-29,12.0
27206,35824,2024-10-29,12.0
27207,35824,2024-11-28,12.0
27208,35824,2024-12-28,12.0
27209,35825,2024-06-30,12.0
27210,35825,2024-07-30,12.0
27211,35825,2024-08-29,12.0
27212,35825,2024-09-28,12.0
27213,35825,2024-10-28,12.0
27214,35825,2024-11-27,12.0
27215,35825,2024-12-27,12.0
27216,35832,2024-06-11,24.0
27217,35837,2024-10-31,12.0
27218,35837,2024-11-30,12.0
27219,35837,2024-12-30,12.0
27220,35843,2024-12-07,12.0
27221,35844,2024-04-15,24.0
27222,35844,2024-05-15,24.0
27223,35844,2024-06-14,24.0
27224,35844,2024-07-14,24.0
27225,35844,2024-08-13,24.0
27226,35844,2024-09-12,24.0
27227,35844,2024-10-12,24.0
27228,35844,2024-11-11,24.0
27229,35844,2024-12-11,24.0
27230,35848,2024-05-26,12.0
27231,35848,2024-06-25,12.0
27232,35848,2024-07-25,12.0
27233,35848,2024-08-24,12.0
27234,35848,2024-09-23,12.0
27235,35848,2024-10-23,12.0
27236,35848,2024-11-22,12.0
27237,35848,2024-12-22,12.0
27238,35849,2024-03-01,24.0
27239,35849,2024-03-31,24.0
27240,35849,2024-04-30,24.0
27241,35849,2024-05-30,24.0
27242,35849,2024-06-29,24.0
27243,35849,2024-07-29,24.0
27244,35849,2024-08-28,24.0
27245,35849,2024-09-27,24.0
27246,35849,2024-10-27,24.0
27247,35849,2024-11-26,24.0
27248,35849,2024-12-26,24.0
27249,35855,2024-07-12,24.0
27250,35855,2024-08-11,24.0
27251,35855,2024-09-10,24.0
27252,35855,2024-10-10,24.0
27253,35855,2024-11-09,24.0
27254,35855,2024-12-09,24.0
27255,35856,2024-03-23,12.0
27256,35860,2024-12-13,12.0
27257,35867,2024-07-30,12.0
27258,35867,2024-08-29,12.0
27259,35867,2024-09-28,12.0
27260,35867,2024-10-28,12.0
27261,35867,2024-11-27,12.0
27262,35867,2024-12-27,12.0
27263,35872,2024-09-27,12.0
27264,35873,2024-03-25,12.0
27265,35873,2024-04-24,12.0
27266,35873,2024-05-24,12.0
27267,35873,2024-06-23,12.0
27268,35873,2024-07-23,12.0
27269,35873,2024-08-22,12.0
27270,35873,2024-09-21,12.0
27271,35873,2024-10-21,12.0
27272,35873,2024-11-20,12.0
27273,35873,2024-12-20,12.0
27274,35879,2024-12-27,12.0
27275,35881,2024-08-22,12.0
27276,35881,2024-09-21,12.0
27277,35881,2024-10-21,12.0
27278,35881,2024-11-20,12.0
27279,35881,2024-12-20,12.0
27280,35883,2024-05-31,12.0
27281,35883,2024-06-30,12.0
27282,35883,2024-07-30,12.0
27283,35883,2024-08-29,12.0
27284,35883,2024-09-28,12.0
27285,35883,2024-10-28,12.0
27286,35883,2024-11-27,12.0
27287,35883,2024-12-27,12.0
27288,35884,2025-01-12,24.0
27289,35887,2024-10-21,24.0
27290,35887,2024-11-20,24.0
27291,35887,2024-12-20,24.0
27292,35895,2024-12-01,12.0
27293,35903,2024-03-17,12.0
27294,35903,2024-04-16,12.0
27295,35903,2024-05-16,12.0
27296,35903,2024-06-15,12.0
27297,35903,2024-07-15,12.0
27298,35903,2024-08-14,12.0
27299,35903,2024-09-13,12.0
27300,35903,2024-10-13,12.0
27301,35903,2024-11-12,12.0
27302,35903,2024-12-12,12.0
27303,35905,2024-10-08,12.0
27304,35913,2024-07-12,24.0
27305,35913,2024-08-11,24.0
27306,35913,2024-09-10,24.0
27307,35913,2024-10-10,24.0
27308,35913,2024-11-09,24.0
27309,35913,2024-12-09,24.0
27310,35914,2024-03-04,12.0
27311,35914,2024-04-03,12.0
27312,35914,2024-05-03,12.0
27313,35914,2024-06-02,12.0
27314,35914,2024-07-02,12.0
27315,35914,2024-08-01,12.0
27316,35914,2024-08-31,12.0
27317,35914,2024-09-30,12.0
27318,35914,2024-10-30,12.0
27319,35914,2024-11-29,12.0
27320,35914,2024-12-29,12.0
27321,35915,2024-04-02,12.0
27322,35915,2024-05-02,12.0
27323,35915,2024-06-01,12.0
27324,35915,2024-07-01,12.0
27325,35915,2024-07-31,12.0
27326,35915,2024-08-30,12.0
27327,35915,2024-09-29,12.0
27328,35915,2024-10-29,12.0
27329,35915,2024-11-28,12.0
27330,35915,2024-12-28,12.0
27331,35922,2024-03-06,24.0
27332,35922,2024-04-05,24.0
27333,35922,2024-05-05,24.0
27334,35922,2024-06-04,24.0
27335,35922,2024-07-04,24.0
27336,35922,2024-08-03,24.0
27337,35922,2024-09-02,24.0
27338,35922,2024-10-02,24.0
27339,35922,2024-11-01,24.0
27340,35922,2024-12-01,24.0
27341,35922,2024-12-31,24.0
27342,35936,2024-10-20,24.0
27343,35938,2024-09-17,24.0
27344,35938,2024-10-17,24.0
27345,35938,2024-11-16,24.0
27346,35938,2024-12-16,24.0
27347,35955,2024-07-03,24.0
27348,35955,2024-08-02,24.0
27349,35955,2024-09-01,24.0
27350,35955,2024-10-01,24.0
27351,35955,2024-10-31,24.0
27352,35955,2024-11-30,24.0
27353,35955,2024-12-30,24.0
27354,35966,2024-07-12,12.0
27355,35990,2024-03-31,12.0
27356,35990,2024-04-30,12.0
27357,35990,2024-05-30,12.0
27358,35990,2024-06-29,12.0
27359,35990,2024-07-29,12.0
27360,35990,2024-08-28,12.0
27361,35990,2024-09-27,12.0
27362,35990,2024-10-27,12.0
27363,35990,2024-11-26,12.0
27364,35990,2024-12-26,12.0
27365,35994,2024-04-28,24.0
27366,36004,2024-02-22,24.0
27367,36004,2024-03-23,24.0
27368,36004,2024-04-22,24.0
27369,36004,2024-05-22,24.0
27370,36004,2024-06-21,24.0
27371,36004,2024-07-21,24.0
27372,36004,2024-08-20,24.0
27373,36004,2024-09-19,24.0
27374,36004,2024-10-19,24.0
27375,36004,2024-11-18,24.0
27376,36004,2024-12-18,24.0
27377,36007,2024-12-11,12.0
27378,36010,2024-10-21,12.0
27379,36010,2024-11-20,12.0
27380,36010,2024-12-20,12.0
27381,36017,2024-02-09,12.0
27382,36017,2024-03-10,12.0
27383,36017,2024-04-09,12.0
27384,36017,2024-05-09,12.0
27385,36017,2024-06-08,12.0
27386,36017,2024-07-08,12.0
27387,36017,2024-08-07,12.0
27388,36017,2024-09-06,12.0
27389,36017,2024-10-06,12.0
27390,36017,2024-11-05,12.0
27391,36017,2024-12-05,12.0
27392,36021,2024-05-27,12.0
27393,36021,2024-06-26,12.0
27394,36021,2024-07-26,12.0
27395,36021,2024-08-25,12.0
27396,36021,2024-09-24,12.0
27397,36021,2024-10-24,12.0
27398,36021,2024-11-23,12.0
27399,36021,2024-12-23,12.0
27400,36022,2024-09-12,12.0
27401,36025,2024-06-15,24.0
27402,36055,2024-09-11,12.0
27403,36055,2024-10-11,12.0
27404,36055,2024-11-10,12.0
27405,36055,2024-12-10,12.0
27406,36057,2024-06-19,24.0
27407,36057,2024-07-19,24.0
27408,36057,2024-08-18,24.0
27409,36057,2024-09-17,24.0
27410,36057,2024-10-17,24.0
27411,36057,2024-11-16,24.0
27412,36057,2024-12-16,24.0
27413,36061,2024-07-04,12.0
27414,36062,2025-01-07,24.0
27415,36064,2024-08-07,24.0
27416,36069,2025-01-11,24.0
27417,36075,2024-04-10,12.0
27418,36078,2024-10-13,24.0
27419,36078,2024-11-12,24.0
27420,36078,2024-12-12,24.0
27421,36089,2024-04-11,12.0
27422,36098,2024-08-05,12.0
27423,36098,2024-09-04,12.0
27424,36098,2024-10-04,12.0
27425,36098,2024-11-03,12.0
27426,36098,2024-12-03,12.0
27427,36101,2024-09-18,12.0
27428,36101,2024-10-18,12.0
27429,36101,2024-11-17,12.0
27430,36101,2024-12-17,12.0
27431,36105,2024-04-28,12.0
27432,36105,2024-05-28,12.0
27433,36105,2024-06-27,12.0
27434,36105,2024-07-27,12.0
27435,36105,2024-08-26,12.0
27436,36105,2024-09-25,12.0
27437,36105,2024-10-25,12.0
27438,36105,2024-11-24,12.0
27439,36105,2024-12-24,12.0
27440,36114,2024-10-17,24.0
27441,36114,2024-11-16,24.0
27442,36114,2024-12-16,24.0
27443,36123,2024-12-03,24.0
27444,36124,2024-05-30,24.0
27445,36124,2024-06-29,24.0
27446,36124,2024-07-29,24.0
27447,36124,2024-08-28,24.0
27448,36124,2024-09-27,24.0
27449,36124,2024-10-27,24.0
27450,36124,2024-11-26,24.0
27451,36124,2024-12-26,24.0
27452,36126,2024-06-15,12.0
27453,36134,2024-09-24,12.0
27454,36134,2024-10-24,12.0
27455,36134,2024-11-23,12.0
27456,36134,2024-12-23,12.0
27457,36136,2024-06-12,12.0
27458,36144,2024-10-29,12.0
27459,36144,2024-11-28,12.0
27460,36144,2024-12-28,12.0
27461,36145,2024-04-24,12.0
27462,36147,2024-10-12,12.0
27463,36151,2024-03-17,12.0
27464,36151,2024-04-16,12.0
27465,36151,2024-05-16,12.0
27466,36151,2024-06-15,12.0
27467,36151,2024-07-15,12.0
27468,36151,2024-08-14,12.0
27469,36151,2024-09-13,12.0
27470,36151,2024-10-13,12.0
27471,36151,2024-11-12,12.0
27472,36151,2024-12-12,12.0
27473,36153,2024-08-20,12.0
27474,36153,2024-09-19,12.0
27475,36153,2024-10-19,12.0
27476,36153,2024-11-18,12.0
27477,36153,2024-12-18,12.0
27478,36156,2024-03-09,12.0
27479,36156,2024-04-08,12.0
27480,36156,2024-05-08,12.0
27481,36156,2024-06-07,12.0
27482,36156,2024-07-07,12.0
27483,36156,2024-08-06,12.0
27484,36156,2024-09-05,12.0
27485,36156,2024-10-05,12.0
27486,36156,2024-11-04,12.0
27487,36156,2024-12-04,12.0
27488,36158,2024-12-20,12.0
27489,36164,2024-10-24,12.0
27490,36168,2024-06-08,24.0
27491,36168,2024-07-08,24.0
27492,36168,2024-08-07,24.0
27493,36168,2024-09-06,24.0
27494,36168,2024-10-06,24.0
27495,36168,2024-11-05,24.0
27496,36168,2024-12-05,24.0
27497,36182,2024-12-17,24.0
27498,36183,2024-02-29,24.0
27499,36185,2024-08-26,12.0
27500,36185,2024-09-25,12.0
27501,36185,2024-10-25,12.0
27502,36185,2024-11-24,12.0
27503,36185,2024-12-24,12.0
27504,36195,2024-05-11,24.0
27505,36195,2024-06-10,24.0
27506,36195,2024-07-10,24.0
27507,36195,2024-08-09,24.0
27508,36195,2024-09-08,24.0
27509,36195,2024-10-08,24.0
27510,36195,2024-11-07,24.0
27511,36195,2024-12-07,24.0
27512,36196,2024-05-02,12.0
27513,36197,2024-12-29,12.0
27514,36204,2024-04-30,24.0
27515,36204,2024-05-30,24.0
27516,36204,2024-06-29,24.0
27517,36204,2024-07-29,24.0
27518,36204,2024-08-28,24.0
27519,36204,2024-09-27,24.0
27520,36204,2024-10-27,24.0
27521,36204,2024-11-26,24.0
27522,36204,2024-12-26,24.0
27523,36210,2024-11-17,12.0
27524,36213,2024-04-16,12.0
27525,36225,2024-06-26,12.0
27526,36225,2024-07-26,12.0
27527,36225,2024-08-25,12.0
27528,36225,2024-09-24,12.0
27529,36225,2024-10-24,12.0
27530,36225,2024-11-23,12.0
27531,36225,2024-12-23,12.0
27532,36258,2025-01-10,12.0
27533,36262,2024-05-08,12.0
27534,36262,2024-06-07,12.0
27535,36262,2024-07-07,12.0
27536,36262,2024-08-06,12.0
27537,36262,2024-09-05,12.0
27538,36262,2024-10-05,12.0
27539,36262,2024-11-04,12.0
27540,36262,2024-12-04,12.0
27541,36267,2024-11-02,12.0
27542,36271,2024-11-21,24.0
27543,36294,2024-07-06,12.0
27544,36294,2024-08-05,12.0
27545,36294,2024-09-04,12.0
27546,36294,2024-10-04,12.0
27547,36294,2024-11-03,12.0
27548,36294,2024-12-03,12.0
27549,36298,2024-07-22,12.0
27550,36298,2024-08-21,12.0
27551,36298,2024-09-20,12.0
27552,36298,2024-10-20,12.0
27553,36298,2024-11-19,12.0
27554,36298,2024-12-19,12.0
27555,36299,2024-04-19,12.0
27556,36299,2024-05-19,12.0
27557,36299,2024-06-18,12.0
27558,36299,2024-07-18,12.0
27559,36299,2024-08-17,12.0
27560,36299,2024-09-16,12.0
27561,36299,2024-10-16,12.0
27562,36299,2024-11-15,12.0
27563,36299,2024-12-15,12.0
27564,36302,2024-09-07,12.0
27565,36302,2024-10-07,12.0
27566,36302,2024-11-06,12.0
27567,36302,2024-12-06,12.0
27568,36305,2024-02-23,24.0
27569,36305,2024-03-24,24.0
27570,36305,2024-04-23,24.0
27571,36305,2024-05-23,24.0
27572,36305,2024-06-22,24.0
27573,36305,2024-07-22,24.0
27574,36305,2024-08-21,24.0
27575,36305,2024-09-20,24.0
27576,36305,2024-10-20,24.0
27577,36305,2024-11-19,24.0
27578,36305,2024-12-19,24.0
27579,36306,2024-02-18,24.0
27580,36308,2024-12-16,12.0
27581,36310,2024-06-15,12.0
27582,36310,2024-07-15,12.0
27583,36310,2024-08-14,12.0
27584,36310,2024-09-13,12.0
27585,36310,2024-10-13,12.0
27586,36310,2024-11-12,12.0
27587,36310,2024-12-12,12.0
27588,36315,2024-03-18,12.0
27589,36315,2024-04-17,12.0
27590,36315,2024-05-17,12.0
27591,36315,2024-06-16,12.0
27592,36315,2024-07-16,12.0
27593,36315,2024-08-15,12.0
27594,36315,2024-09-14,12.0
27595,36315,2024-10-14,12.0
27596,36315,2024-11-13,12.0
27597,36315,2024-12-13,12.0
27598,36332,2025-01-08,12.0
27599,36334,2024-01-28,12.0
27600,36334,2024-02-27,12.0
27601,36334,2024-03-28,12.0
27602,36334,2024-04-27,12.0
27603,36334,2024-05-27,12.0
27604,36334,2024-06-26,12.0
27605,36334,2024-07-26,12.0
27606,36334,2024-08-25,12.0
27607,36334,2024-09-24,12.0
27608,36334,2024-10-24,12.0
27609,36334,2024-11-23,12.0
27610,36334,2024-12-23,12.0
27611,36336,2024-05-07,12.0
27612,36336,2024-06-06,12.0
27613,36336,2024-07-06,12.0
27614,36336,2024-08-05,12.0
27615,36336,2024-09-04,12.0
27616,36336,2024-10-04,12.0
27617,36336,2024-11-03,12.0
27618,36336,2024-12-03,12.0
27619,36338,2024-12-06,24.0
27620,36340,2024-09-06,24.0
27621,36340,2024-10-06,24.0
27622,36340,2024-11-05,24.0
27623,36340,2024-12-05,24.0
27624,36347,2024-01-26,12.0
27625,36347,2024-02-25,12.0
27626,36347,2024-03-26,12.0
27627,36347,2024-04-25,12.0
27628,36347,2024-05-25,12.0
27629,36347,2024-06-24,12.0
27630,36347,2024-07-24,12.0
27631,36347,2024-08-23,12.0
27632,36347,2024-09-22,12.0
27633,36347,2024-10-22,12.0
27634,36347,2024-11-21,12.0
27635,36347,2024-12-21,12.0
27636,36348,2024-11-12,12.0
27637,36361,2024-10-21,24.0
27638,36361,2024-11-20,24.0
27639,36361,2024-12-20,24.0
27640,36367,2024-10-18,12.0
27641,36367,2024-11-17,12.0
27642,36367,2024-12-17,12.0
27643,36374,2024-03-08,24.0
27644,36374,2024-04-07,24.0
27645,36374,2024-05-07,24.0
27646,36374,2024-06-06,24.0
27647,36374,2024-07-06,24.0
27648,36374,2024-08-05,24.0
27649,36374,2024-09-04,24.0
27650,36374,2024-10-04,24.0
27651,36374,2024-11-03,24.0
27652,36374,2024-12-03,24.0
27653,36383,2024-06-14,12.0
27654,36387,2024-07-10,24.0
27655,36388,2024-07-17,12.0
27656,36393,2024-10-08,12.0
27657,36409,2024-12-25,12.0
27658,36417,2024-10-18,12.0
27659,36428,2024-03-31,24.0
27660,36437,2024-05-26,24.0
27661,36439,2024-04-01,12.0
27662,36443,2024-09-27,12.0
27663,36443,2024-10-27,12.0
27664,36443,2024-11-26,12.0
27665,36443,2024-12-26,12.0
27666,36450,2024-11-23,12.0
27667,36450,2024-12-23,12.0
27668,36470,2024-12-25,24.0
27669,36471,2024-04-01,24.0
27670,36471,2024-05-01,24.0
27671,36471,2024-05-31,24.0
27672,36471,2024-06-30,24.0
27673,36471,2024-07-30,24.0
27674,36471,2024-08-29,24.0
27675,36471,2024-09-28,24.0
27676,36471,2024-10-28,24.0
27677,36471,2024-11-27,24.0
27678,36471,2024-12-27,24.0
27679,36473,2024-03-23,12.0
27680,36476,2024-01-29,12.0
27681,36480,2024-02-18,24.0
27682,36480,2024-03-19,24.0
27683,36480,2024-04-18,24.0
27684,36480,2024-05-18,24.0
27685,36480,2024-06-17,24.0
27686,36480,2024-07-17,24.0
27687,36480,2024-08-16,24.0
27688,36480,2024-09-15,24.0
27689,36480,2024-10-15,24.0
27690,36480,2024-11-14,24.0
27691,36480,2024-12-14,24.0
27692,36483,2024-08-19,12.0
27693,36483,2024-09-18,12.0
27694,36483,2024-10-18,12.0
27695,36483,2024-11-17,12.0
27696,36483,2024-12-17,12.0
27697,36486,2025-01-10,24.0
27698,36487,2024-04-21,12.0
27699,36487,2024-05-21,12.0
27700,36487,2024-06-20,12.0
27701,36487,2024-07-20,12.0
27702,36487,2024-08-19,12.0
27703,36487,2024-09-18,12.0
27704,36487,2024-10-18,12.0
27705,36487,2024-11-17,12.0
27706,36487,2024-12-17,12.0
27707,36491,2024-07-25,12.0
27708,36491,2024-08-24,12.0
27709,36491,2024-09-23,12.0
27710,36491,2024-10-23,12.0
27711,36491,2024-11-22,12.0
27712,36491,2024-12-22,12.0
27713,36494,2024-09-18,12.0
27714,36501,2024-07-27,24.0
27715,36501,2024-08-26,24.0
27716,36501,2024-09-25,24.0
27717,36501,2024-10-25,24.0
27718,36501,2024-11-24,24.0
27719,36501,2024-12-24,24.0
27720,36506,2025-01-14,12.0
27721,36508,2024-05-23,12.0
27722,36509,2024-07-31,12.0
27723,36509,2024-08-30,12.0
27724,36509,2024-09-29,12.0
27725,36509,2024-10-29,12.0
27726,36509,2024-11-28,12.0
27727,36509,2024-12-28,12.0
27728,36510,2024-11-26,24.0
27729,36510,2024-12-26,24.0
27730,36514,2024-05-17,12.0
27731,36514,2024-06-16,12.0
27732,36514,2024-07-16,12.0
27733,36514,2024-08-15,12.0
27734,36514,2024-09-14,12.0
27735,36514,2024-10-14,12.0
27736,36514,2024-11-13,12.0
27737,36514,2024-12-13,12.0
27738,36515,2024-08-18,12.0
27739,36515,2024-09-17,12.0
27740,36515,2024-10-17,12.0
27741,36515,2024-11-16,12.0
27742,36515,2024-12-16,12.0
27743,36517,2024-08-10,12.0
27744,36517,2024-09-09,12.0
27745,36517,2024-10-09,12.0
27746,36517,2024-11-08,12.0
27747,36517,2024-12-08,12.0
27748,36531,2024-08-16,24.0
27749,36534,2024-03-27,12.0
27750,36534,2024-04-26,12.0
27751,36534,2024-05-26,12.0
27752,36534,2024-06-25,12.0
27753,36534,2024-07-25,12.0
27754,36534,2024-08-24,12.0
27755,36534,2024-09-23,12.0
27756,36534,2024-10-23,12.0
27757,36534,2024-11-22,12.0
27758,36534,2024-12-22,12.0
27759,36535,2024-09-22,12.0
27760,36535,2024-10-22,12.0
27761,36535,2024-11-21,12.0
27762,36535,2024-12-21,12.0
27763,36536,2024-03-24,12.0
27764,36536,2024-04-23,12.0
27765,36536,2024-05-23,12.0
27766,36536,2024-06-22,12.0
27767,36536,2024-07-22,12.0
27768,36536,2024-08-21,12.0
27769,36536,2024-09-20,12.0
27770,36536,2024-10-20,12.0
27771,36536,2024-11-19,12.0
27772,36536,2024-12-19,12.0
27773,36540,2024-06-11,24.0
27774,36540,2024-07-11,24.0
27775,36540,2024-08-10,24.0
27776,36540,2024-09-09,24.0
27777,36540,2024-10-09,24.0
27778,36540,2024-11-08,24.0
27779,36540,2024-12-08,24.0
27780,36552,2024-12-30,12.0
27781,36555,2024-06-28,12.0
27782,36555,2024-07-28,12.0
27783,36555,2024-08-27,12.0
27784,36555,2024-09-26,12.0
27785,36555,2024-10-26,12.0
27786,36555,2024-11-25,12.0
27787,36555,2024-12-25,12.0
27788,36560,2024-11-28,12.0
27789,36560,2024-12-28,12.0
27790,36562,2024-06-02,12.0
27791,36562,2024-07-02,12.0
27792,36562,2024-08-01,12.0
27793,36562,2024-08-31,12.0
27794,36562,2024-09-30,12.0
27795,36562,2024-10-30,12.0
27796,36562,2024-11-29,12.0
27797,36562,2024-12-29,12.0
27798,36569,2024-07-16,12.0
27799,36569,2024-08-15,12.0
27800,36569,2024-09-14,12.0
27801,36569,2024-10-14,12.0
27802,36569,2024-11-13,12.0
27803,36569,2024-12-13,12.0
27804,36575,2024-07-25,12.0
27805,36575,2024-08-24,12.0
27806,36575,2024-09-23,12.0
27807,36575,2024-10-23,12.0
27808,36575,2024-11-22,12.0
27809,36575,2024-12-22,12.0
27810,36591,2024-11-12,12.0
27811,36591,2024-12-12,12.0
27812,36592,2024-04-25,24.0
27813,36592,2024-05-25,24.0
27814,36592,2024-06-24,24.0
27815,36592,2024-07-24,24.0
27816,36592,2024-08-23,24.0
27817,36592,2024-09-22,24.0
27818,36592,2024-10-22,24.0
27819,36592,2024-11-21,24.0
27820,36592,2024-12-21,24.0
27821,36611,2024-07-26,24.0
27822,36611,2024-08-25,24.0
27823,36611,2024-09-24,24.0
27824,36611,2024-10-24,24.0
27825,36611,2024-11-23,24.0
27826,36611,2024-12-23,24.0
27827,36615,2025-01-08,12.0
27828,36625,2024-08-15,24.0
27829,36625,2024-09-14,24.0
27830,36625,2024-10-14,24.0
27831,36625,2024-11-13,24.0
27832,36625,2024-12-13,24.0
27833,36626,2024-01-31,12.0
27834,36635,2024-02-25,12.0
27835,36636,2024-01-30,24.0
27836,36636,2024-02-29,24.0
27837,36636,2024-03-30,24.0
27838,36636,2024-04-29,24.0
27839,36636,2024-05-29,24.0
27840,36636,2024-06-28,24.0
27841,36636,2024-07-28,24.0
27842,36636,2024-08-27,24.0
27843,36636,2024-09-26,24.0
27844,36636,2024-10-26,24.0
27845,36636,2024-11-25,24.0
27846,36636,2024-12-25,24.0
27847,36647,2024-02-04,12.0
27848,36647,2024-03-05,12.0
27849,36647,2024-04-04,12.0
27850,36647,2024-05-04,12.0
27851,36647,2024-06-03,12.0
27852,36647,2024-07-03,12.0
27853,36647,2024-08-02,12.0
27854,36647,2024-09-01,12.0
27855,36647,2024-10-01,12.0
27856,36647,2024-10-31,12.0
27857,36647,2024-11-30,12.0
27858,36647,2024-12-30,12.0
27859,36648,2024-05-04,12.0
27860,36650,2024-08-30,24.0
27861,36663,2024-08-09,12.0
27862,36664,2024-11-27,12.0
27863,36673,2024-05-08,24.0
27864,36675,2024-07-14,12.0
27865,36675,2024-08-13,12.0
27866,36675,2024-09-12,12.0
27867,36675,2024-10-12,12.0
27868,36675,2024-11-11,12.0
27869,36675,2024-12-11,12.0
27870,36677,2024-04-16,12.0
27871,36678,2024-04-21,24.0
27872,36678,2024-05-21,24.0
27873,36678,2024-06-20,24.0
27874,36678,2024-07-20,24.0
27875,36678,2024-08-19,24.0
27876,36678,2024-09-18,24.0
27877,36678,2024-10-18,24.0
27878,36678,2024-11-17,24.0
27879,36678,2024-12-17,24.0
27880,36682,2024-09-26,12.0
27881,36682,2024-10-26,12.0
27882,36682,2024-11-25,12.0
27883,36682,2024-12-25,12.0
27884,36683,2024-09-28,12.0
27885,36684,2024-06-17,12.0
27886,36684,2024-07-17,12.0
27887,36684,2024-08-16,12.0
27888,36684,2024-09-15,12.0
27889,36684,2024-10-15,12.0
27890,36684,2024-11-14,12.0
27891,36684,2024-12-14,12.0
27892,36692,2024-12-31,12.0
27893,36697,2024-07-14,12.0
27894,36699,2024-12-18,24.0
27895,36700,2024-10-07,12.0
27896,36700,2024-11-06,12.0
27897,36700,2024-12-06,12.0
27898,36710,2025-01-03,12.0
27899,36729,2024-02-27,12.0
27900,36737,2024-03-08,12.0
27901,36737,2024-04-07,12.0
27902,36737,2024-05-07,12.0
27903,36737,2024-06-06,12.0
27904,36737,2024-07-06,12.0
27905,36737,2024-08-05,12.0
27906,36737,2024-09-04,12.0
27907,36737,2024-10-04,12.0
27908,36737,2024-11-03,12.0
27909,36737,2024-12-03,12.0
27910,36740,2025-01-11,12.0
27911,36741,2024-10-06,24.0
27912,36741,2024-11-05,24.0
27913,36741,2024-12-05,24.0
27914,36743,2024-10-22,12.0
27915,36744,2024-09-19,12.0
27916,36744,2024-10-19,12.0
27917,36744,2024-11-18,12.0
27918,36744,2024-12-18,12.0
27919,36745,2024-06-28,12.0
27920,36745,2024-07-28,12.0
27921,36745,2024-08-27,12.0
27922,36745,2024-09-26,12.0
27923,36745,2024-10-26,12.0
27924,36745,2024-11-25,12.0
27925,36745,2024-12-25,12.0
27926,36750,2024-05-31,24.0
27927,36771,2024-07-18,12.0
27928,36771,2024-08-17,12.0
27929,36771,2024-09-16,12.0
27930,36771,2024-10-16,12.0
27931,36771,2024-11-15,12.0
27932,36771,2024-12-15,12.0
27933,36778,2024-12-21,12.0
27934,36786,2024-05-02,24.0
27935,36786,2024-06-01,24.0
27936,36786,2024-07-01,24.0
27937,36786,2024-07-31,24.0
27938,36786,2024-08-30,24.0
27939,36786,2024-09-29,24.0
27940,36786,2024-10-29,24.0
27941,36786,2024-11-28,24.0
27942,36786,2024-12-28,24.0
27943,36790,2024-09-30,24.0
27944,36790,2024-10-30,24.0
27945,36790,2024-11-29,24.0
27946,36790,2024-12-29,24.0
27947,36793,2024-11-20,24.0
27948,36793,2024-12-20,24.0
27949,36799,2024-05-08,12.0
27950,36801,2024-12-18,12.0
27951,36802,2024-02-03,12.0
27952,36802,2024-03-04,12.0
27953,36802,2024-04-03,12.0
27954,36802,2024-05-03,12.0
27955,36802,2024-06-02,12.0
27956,36802,2024-07-02,12.0
27957,36802,2024-08-01,12.0
27958,36802,2024-08-31,12.0
27959,36802,2024-09-30,12.0
27960,36802,2024-10-30,12.0
27961,36802,2024-11-29,12.0
27962,36802,2024-12-29,12.0
27963,36814,2024-03-14,24.0
27964,36820,2024-05-26,12.0
27965,36820,2024-06-25,12.0
27966,36820,2024-07-25,12.0
27967,36820,2024-08-24,12.0
27968,36820,2024-09-23,12.0
27969,36820,2024-10-23,12.0
27970,36820,2024-11-22,12.0
27971,36820,2024-12-22,12.0
27972,36825,2024-03-12,24.0
27973,36825,2024-04-11,24.0
27974,36825,2024-05-11,24.0
27975,36825,2024-06-10,24.0
27976,36825,2024-07-10,24.0
27977,36825,2024-08-09,24.0
27978,36825,2024-09-08,24.0
27979,36825,2024-10-08,24.0
27980,36825,2024-11-07,24.0
27981,36825,2024-12-07,24.0
27982,36834,2024-02-18,12.0
27983,36834,2024-03-19,12.0
27984,36834,2024-04-18,12.0
27985,36834,2024-05-18,12.0
27986,36834,2024-06-17,12.0
27987,36834,2024-07-17,12.0
27988,36834,2024-08-16,12.0
27989,36834,2024-09-15,12.0
27990,36834,2024-10-15,12.0
27991,36834,2024-11-14,12.0
27992,36834,2024-12-14,12.0
27993,36837,2024-04-20,24.0
27994,36837,2024-05-20,24.0
27995,36837,2024-06-19,24.0
27996,36837,2024-07-19,24.0
27997,36837,2024-08-18,24.0
27998,36837,2024-09-17,24.0
27999,36837,2024-10-17,24.0
28000,36837,2024-11-16,24.0
28001,36837,2024-12-16,24.0
28002,36841,2024-03-03,24.0
28003,36841,2024-04-02,24.0
28004,36841,2024-05-02,24.0
28005,36841,2024-06-01,24.0
28006,36841,2024-07-01,24.0
28007,36841,2024-07-31,24.0
28008,36841,2024-08-30,24.0
28009,36841,2024-09-29,24.0
28010,36841,2024-10-29,24.0
28011,36841,2024-11-28,24.0
28012,36841,2024-12-28,24.0
28013,36846,2024-01-23,12.0
28014,36846,2024-02-22,12.0
28015,36846,2024-03-23,12.0
28016,36846,2024-04-22,12.0
28017,36846,2024-05-22,12.0
28018,36846,2024-06-21,12.0
28019,36846,2024-07-21,12.0
28020,36846,2024-08-20,12.0
28021,36846,2024-09-19,12.0
28022,36846,2024-10-19,12.0
28023,36846,2024-11-18,12.0
28024,36846,2024-12-18,12.0
28025,36859,2024-02-05,12.0
28026,36862,2024-08-10,12.0
28027,36862,2024-09-09,12.0
28028,36862,2024-10-09,12.0
28029,36862,2024-11-08,12.0
28030,36862,2024-12-08,12.0
28031,36874,2024-07-02,12.0
28032,36878,2024-04-03,12.0
28033,36878,2024-05-03,12.0
28034,36878,2024-06-02,12.0
28035,36878,2024-07-02,12.0
28036,36878,2024-08-01,12.0
28037,36878,2024-08-31,12.0
28038,36878,2024-09-30,12.0
28039,36878,2024-10-30,12.0
28040,36878,2024-11-29,12.0
28041,36878,2024-12-29,12.0
28042,36885,2024-12-12,12.0
28043,36887,2024-11-27,24.0
28044,36887,2024-12-27,24.0
28045,36895,2024-09-23,12.0
28046,36901,2024-10-06,12.0
28047,36905,2024-02-06,12.0
28048,36913,2024-08-07,24.0
28049,36913,2024-09-06,24.0
28050,36913,2024-10-06,24.0
28051,36913,2024-11-05,24.0
28052,36913,2024-12-05,24.0
28053,36919,2024-10-11,12.0
28054,36920,2024-11-05,12.0
28055,36920,2024-12-05,12.0
28056,36934,2024-11-28,12.0
28057,36934,2024-12-28,12.0
28058,36935,2024-12-29,12.0
28059,36944,2024-05-15,24.0
28060,36944,2024-06-14,24.0
28061,36944,2024-07-14,24.0
28062,36944,2024-08-13,24.0
28063,36944,2024-09-12,24.0
28064,36944,2024-10-12,24.0
28065,36944,2024-11-11,24.0
28066,36944,2024-12-11,24.0
28067,36952,2024-12-12,12.0
28068,36956,2024-09-14,12.0
28069,36956,2024-10-14,12.0
28070,36956,2024-11-13,12.0
28071,36956,2024-12-13,12.0
28072,36957,2024-02-19,12.0
28073,36957,2024-03-20,12.0
28074,36957,2024-04-19,12.0
28075,36957,2024-05-19,12.0
28076,36957,2024-06-18,12.0
28077,36957,2024-07-18,12.0
28078,36957,2024-08-17,12.0
28079,36957,2024-09-16,12.0
28080,36957,2024-10-16,12.0
28081,36957,2024-11-15,12.0
28082,36957,2024-12-15,12.0
28083,36960,2024-06-20,24.0
28084,36961,2024-06-08,12.0
28085,36961,2024-07-08,12.0
28086,36961,2024-08-07,12.0
28087,36961,2024-09-06,12.0
28088,36961,2024-10-06,12.0
28089,36961,2024-11-05,12.0
28090,36961,2024-12-05,12.0
28091,36966,2024-03-21,12.0
28092,36977,2024-04-15,24.0
28093,36977,2024-05-15,24.0
28094,36977,2024-06-14,24.0
28095,36977,2024-07-14,24.0
28096,36977,2024-08-13,24.0
28097,36977,2024-09-12,24.0
28098,36977,2024-10-12,24.0
28099,36977,2024-11-11,24.0
28100,36977,2024-12-11,24.0
28101,36982,2024-09-27,12.0
28102,36982,2024-10-27,12.0
28103,36982,2024-11-26,12.0
28104,36982,2024-12-26,12.0
28105,37006,2024-03-06,12.0
28106,37006,2024-04-05,12.0
28107,37006,2024-05-05,12.0
28108,37006,2024-06-04,12.0
28109,37006,2024-07-04,12.0
28110,37006,2024-08-03,12.0
28111,37006,2024-09-02,12.0
28112,37006,2024-10-02,12.0
28113,37006,2024-11-01,12.0
28114,37006,2024-12-01,12.0
28115,37006,2024-12-31,12.0
28116,37010,2024-09-02,24.0
28117,37010,2024-10-02,24.0
28118,37010,2024-11-01,24.0
28119,37010,2024-12-01,24.0
28120,37010,2024-12-31,24.0
28121,37021,2024-01-30,12.0
28122,37021,2024-02-29,12.0
28123,37021,2024-03-30,12.0
28124,37021,2024-04-29,12.0
28125,37021,2024-05-29,12.0
28126,37021,2024-06-28,12.0
28127,37021,2024-07-28,12.0
28128,37021,2024-08-27,12.0
28129,37021,2024-09-26,12.0
28130,37021,2024-10-26,12.0
28131,37021,2024-11-25,12.0
28132,37021,2024-12-25,12.0
28133,37023,2024-04-07,12.0
28134,37023,2024-05-07,12.0
28135,37023,2024-06-06,12.0
28136,37023,2024-07-06,12.0
28137,37023,2024-08-05,12.0
28138,37023,2024-09-04,12.0
28139,37023,2024-10-04,12.0
28140,37023,2024-11-03,12.0
28141,37023,2024-12-03,12.0
28142,37026,2024-11-04,24.0
28143,37026,2024-12-04,24.0
28144,37027,2024-10-25,12.0
28145,37027,2024-11-24,12.0
28146,37027,2024-12-24,12.0
28147,37032,2025-01-09,24.0
28148,37046,2024-06-17,12.0
28149,37046,2024-07-17,12.0
28150,37046,2024-08-16,12.0
28151,37046,2024-09-15,12.0
28152,37046,2024-10-15,12.0
28153,37046,2024-11-14,12.0
28154,37046,2024-12-14,12.0
28155,37050,2024-01-18,24.0
28156,37050,2024-02-17,24.0
28157,37050,2024-03-18,24.0
28158,37050,2024-04-17,24.0
28159,37050,2024-05-17,24.0
28160,37050,2024-06-16,24.0
28161,37050,2024-07-16,24.0
28162,37050,2024-08-15,24.0
28163,37050,2024-09-14,24.0
28164,37050,2024-10-14,24.0
28165,37050,2024-11-13,24.0
28166,37050,2024-12-13,24.0
28167,37053,2024-08-22,12.0
28168,37053,2024-09-21,12.0
28169,37053,2024-10-21,12.0
28170,37053,2024-11-20,12.0
28171,37053,2024-12-20,12.0
28172,37057,2024-01-17,12.0
28173,37059,2024-08-05,12.0
28174,37064,2024-05-16,24.0
28175,37064,2024-06-15,24.0
28176,37064,2024-07-15,24.0
28177,37064,2024-08-14,24.0
28178,37064,2024-09-13,24.0
28179,37064,2024-10-13,24.0
28180,37064,2024-11-12,24.0
28181,37064,2024-12-12,24.0
28182,37085,2024-09-14,12.0
28183,37087,2024-10-18,24.0
28184,37087,2024-11-17,24.0
28185,37087,2024-12-17,24.0
28186,37090,2024-11-23,24.0
28187,37090,2024-12-23,24.0
28188,37096,2024-02-28,12.0
28189,37105,2024-10-08,24.0
28190,37105,2024-11-07,24.0
28191,37105,2024-12-07,24.0
28192,37108,2024-05-16,12.0
28193,37108,2024-06-15,12.0
28194,37108,2024-07-15,12.0
28195,37108,2024-08-14,12.0
28196,37108,2024-09-13,12.0
28197,37108,2024-10-13,12.0
28198,37108,2024-11-12,12.0
28199,37108,2024-12-12,12.0
28200,37117,2024-09-10,24.0
28201,37119,2024-02-19,12.0
28202,37121,2024-11-18,12.0
28203,37121,2024-12-18,12.0
28204,37122,2024-09-08,12.0
28205,37123,2024-05-09,12.0
28206,37123,2024-06-08,12.0
28207,37123,2024-07-08,12.0
28208,37123,2024-08-07,12.0
28209,37123,2024-09-06,12.0
28210,37123,2024-10-06,12.0
28211,37123,2024-11-05,12.0
28212,37123,2024-12-05,12.0
28213,37128,2024-12-18,12.0
28214,37145,2024-10-07,12.0
28215,37145,2024-11-06,12.0
28216,37145,2024-12-06,12.0
28217,37148,2024-07-24,24.0
28218,37158,2024-08-02,24.0
28219,37161,2024-07-15,12.0
28220,37161,2024-08-14,12.0
28221,37161,2024-09-13,12.0
28222,37161,2024-10-13,12.0
28223,37161,2024-11-12,12.0
28224,37161,2024-12-12,12.0
28225,37165,2024-02-05,12.0
28226,37165,2024-03-06,12.0
28227,37165,2024-04-05,12.0
28228,37165,2024-05-05,12.0
28229,37165,2024-06-04,12.0
28230,37165,2024-07-04,12.0
28231,37165,2024-08-03,12.0
28232,37165,2024-09-02,12.0
28233,37165,2024-10-02,12.0
28234,37165,2024-11-01,12.0
28235,37165,2024-12-01,12.0
28236,37165,2024-12-31,12.0
28237,37168,2024-11-19,12.0
28238,37168,2024-12-19,12.0
28239,37177,2024-03-26,12.0
28240,37177,2024-04-25,12.0
28241,37177,2024-05-25,12.0
28242,37177,2024-06-24,12.0
28243,37177,2024-07-24,12.0
28244,37177,2024-08-23,12.0
28245,37177,2024-09-22,12.0
28246,37177,2024-10-22,12.0
28247,37177,2024-11-21,12.0
28248,37177,2024-12-21,12.0
28249,37178,2024-08-30,12.0
28250,37178,2024-09-29,12.0
28251,37178,2024-10-29,12.0
28252,37178,2024-11-28,12.0
28253,37178,2024-12-28,12.0
28254,37180,2024-05-05,24.0
28255,37180,2024-06-04,24.0
28256,37180,2024-07-04,24.0
28257,37180,2024-08-03,24.0
28258,37180,2024-09-02,24.0
28259,37180,2024-10-02,24.0
28260,37180,2024-11-01,24.0
28261,37180,2024-12-01,24.0
28262,37180,2024-12-31,24.0
28263,37183,2024-05-25,12.0
28264,37183,2024-06-24,12.0
28265,37183,2024-07-24,12.0
28266,37183,2024-08-23,12.0
28267,37183,2024-09-22,12.0
28268,37183,2024-10-22,12.0
28269,37183,2024-11-21,12.0
28270,37183,2024-12-21,12.0
28271,37184,2024-05-12,12.0
28272,37184,2024-06-11,12.0
28273,37184,2024-07-11,12.0
28274,37184,2024-08-10,12.0
28275,37184,2024-09-09,12.0
28276,37184,2024-10-09,12.0
28277,37184,2024-11-08,12.0
28278,37184,2024-12-08,12.0
28279,37187,2024-05-21,24.0
28280,37187,2024-06-20,24.0
28281,37187,2024-07-20,24.0
28282,37187,2024-08-19,24.0
28283,37187,2024-09-18,24.0
28284,37187,2024-10-18,24.0
28285,37187,2024-11-17,24.0
28286,37187,2024-12-17,24.0
28287,37191,2024-12-19,24.0
28288,37196,2024-11-05,12.0
28289,37199,2024-11-30,24.0
28290,37199,2024-12-30,24.0
28291,37214,2024-05-24,12.0
28292,37223,2024-09-28,12.0
28293,37223,2024-10-28,12.0
28294,37223,2024-11-27,12.0
28295,37223,2024-12-27,12.0
28296,37225,2024-12-10,24.0
28297,37232,2024-08-07,12.0
28298,37232,2024-09-06,12.0
28299,37232,2024-10-06,12.0
28300,37232,2024-11-05,12.0
28301,37232,2024-12-05,12.0
28302,37233,2024-04-25,12.0
28303,37233,2024-05-25,12.0
28304,37233,2024-06-24,12.0
28305,37233,2024-07-24,12.0
28306,37233,2024-08-23,12.0
28307,37233,2024-09-22,12.0
28308,37233,2024-10-22,12.0
28309,37233,2024-11-21,12.0
28310,37233,2024-12-21,12.0
28311,37240,2024-08-16,12.0
28312,37240,2024-09-15,12.0
28313,37240,2024-10-15,12.0
28314,37240,2024-11-14,12.0
28315,37240,2024-12-14,12.0
28316,37249,2024-05-01,12.0
28317,37249,2024-05-31,12.0
28318,37249,2024-06-30,12.0
28319,37249,2024-07-30,12.0
28320,37249,2024-08-29,12.0
28321,37249,2024-09-28,12.0
28322,37249,2024-10-28,12.0
28323,37249,2024-11-27,12.0
28324,37249,2024-12-27,12.0
28325,37252,2024-03-04,24.0
28326,37262,2024-07-09,12.0
28327,37264,2024-04-07,12.0
28328,37265,2024-06-01,12.0
28329,37265,2024-07-01,12.0
28330,37265,2024-07-31,12.0
28331,37265,2024-08-30,12.0
28332,37265,2024-09-29,12.0
28333,37265,2024-10-29,12.0
28334,37265,2024-11-28,12.0
28335,37265,2024-12-28,12.0
28336,37271,2024-03-27,12.0
28337,37271,2024-04-26,12.0
28338,37271,2024-05-26,12.0
28339,37271,2024-06-25,12.0
28340,37271,2024-07-25,12.0
28341,37271,2024-08-24,12.0
28342,37271,2024-09-23,12.0
28343,37271,2024-10-23,12.0
28344,37271,2024-11-22,12.0
28345,37271,2024-12-22,12.0
28346,37284,2024-12-29,12.0
28347,37286,2024-11-25,12.0
28348,37286,2024-12-25,12.0
28349,37296,2024-10-24,12.0
28350,37301,2024-10-15,24.0
28351,37301,2024-11-14,24.0
28352,37301,2024-12-14,24.0
28353,37302,2024-08-22,12.0
28354,37304,2024-04-10,12.0
28355,37305,2024-08-09,12.0
28356,37305,2024-09-08,12.0
28357,37305,2024-10-08,12.0
28358,37305,2024-11-07,12.0
28359,37305,2024-12-07,12.0
28360,37306,2024-03-10,12.0
28361,37306,2024-04-09,12.0
28362,37306,2024-05-09,12.0
28363,37306,2024-06-08,12.0
28364,37306,2024-07-08,12.0
28365,37306,2024-08-07,12.0
28366,37306,2024-09-06,12.0
28367,37306,2024-10-06,12.0
28368,37306,2024-11-05,12.0
28369,37306,2024-12-05,12.0
28370,37307,2024-09-25,12.0
28371,37307,2024-10-25,12.0
28372,37307,2024-11-24,12.0
28373,37307,2024-12-24,12.0
28374,37315,2024-01-24,12.0
28375,37317,2024-10-22,24.0
28376,37326,2024-05-03,24.0
28377,37326,2024-06-02,24.0
28378,37326,2024-07-02,24.0
28379,37326,2024-08-01,24.0
28380,37326,2024-08-31,24.0
28381,37326,2024-09-30,24.0
28382,37326,2024-10-30,24.0
28383,37326,2024-11-29,24.0
28384,37326,2024-12-29,24.0
28385,37327,2024-03-15,12.0
28386,37327,2024-04-14,12.0
28387,37327,2024-05-14,12.0
28388,37327,2024-06-13,12.0
28389,37327,2024-07-13,12.0
28390,37327,2024-08-12,12.0
28391,37327,2024-09-11,12.0
28392,37327,2024-10-11,12.0
28393,37327,2024-11-10,12.0
28394,37327,2024-12-10,12.0
28395,37330,2024-05-02,12.0
28396,37330,2024-06-01,12.0
28397,37330,2024-07-01,12.0
28398,37330,2024-07-31,12.0
28399,37330,2024-08-30,12.0
28400,37330,2024-09-29,12.0
28401,37330,2024-10-29,12.0
28402,37330,2024-11-28,12.0
28403,37330,2024-12-28,12.0
28404,37336,2024-03-06,12.0
28405,37336,2024-04-05,12.0
28406,37336,2024-05-05,12.0
28407,37336,2024-06-04,12.0
28408,37336,2024-07-04,12.0
28409,37336,2024-08-03,12.0
28410,37336,2024-09-02,12.0
28411,37336,2024-10-02,12.0
28412,37336,2024-11-01,12.0
28413,37336,2024-12-01,12.0
28414,37336,2024-12-31,12.0
28415,37350,2024-04-09,12.0
28416,37350,2024-05-09,12.0
28417,37350,2024-06-08,12.0
28418,37350,2024-07-08,12.0
28419,37350,2024-08-07,12.0
28420,37350,2024-09-06,12.0
28421,37350,2024-10-06,12.0
28422,37350,2024-11-05,12.0
28423,37350,2024-12-05,12.0
28424,37353,2024-08-18,12.0
28425,37353,2024-09-17,12.0
28426,37353,2024-10-17,12.0
28427,37353,2024-11-16,12.0
28428,37353,2024-12-16,12.0
28429,37358,2024-09-02,12.0
28430,37358,2024-10-02,12.0
28431,37358,2024-11-01,12.0
28432,37358,2024-12-01,12.0
28433,37358,2024-12-31,12.0
28434,37360,2024-09-03,12.0
28435,37360,2024-10-03,12.0
28436,37360,2024-11-02,12.0
28437,37360,2024-12-02,12.0
28438,37361,2024-02-28,12.0
28439,37361,2024-03-29,12.0
28440,37361,2024-04-28,12.0
28441,37361,2024-05-28,12.0
28442,37361,2024-06-27,12.0
28443,37361,2024-07-27,12.0
28444,37361,2024-08-26,12.0
28445,37361,2024-09-25,12.0
28446,37361,2024-10-25,12.0
28447,37361,2024-11-24,12.0
28448,37361,2024-12-24,12.0
28449,37368,2024-06-01,12.0
28450,37368,2024-07-01,12.0
28451,37368,2024-07-31,12.0
28452,37368,2024-08-30,12.0
28453,37368,2024-09-29,12.0
28454,37368,2024-10-29,12.0
28455,37368,2024-11-28,12.0
28456,37368,2024-12-28,12.0
28457,37376,2024-05-27,12.0
28458,37376,2024-06-26,12.0
28459,37376,2024-07-26,12.0
28460,37376,2024-08-25,12.0
28461,37376,2024-09-24,12.0
28462,37376,2024-10-24,12.0
28463,37376,2024-11-23,12.0
28464,37376,2024-12-23,12.0
28465,37382,2024-11-21,24.0
28466,37385,2024-07-14,12.0
28467,37393,2024-06-09,12.0
28468,37393,2024-07-09,12.0
28469,37393,2024-08-08,12.0
28470,37393,2024-09-07,12.0
28471,37393,2024-10-07,12.0
28472,37393,2024-11-06,12.0
28473,37393,2024-12-06,12.0
28474,37398,2024-09-10,12.0
28475,37398,2024-10-10,12.0
28476,37398,2024-11-09,12.0
28477,37398,2024-12-09,12.0
28478,37401,2024-01-27,12.0
28479,37404,2024-05-27,12.0
28480,37404,2024-06-26,12.0
28481,37404,2024-07-26,12.0
28482,37404,2024-08-25,12.0
28483,37404,2024-09-24,12.0
28484,37404,2024-10-24,12.0
28485,37404,2024-11-23,12.0
28486,37404,2024-12-23,12.0
28487,37406,2024-07-25,12.0
28488,37407,2024-03-07,12.0
28489,37407,2024-04-06,12.0
28490,37407,2024-05-06,12.0
28491,37407,2024-06-05,12.0
28492,37407,2024-07-05,12.0
28493,37407,2024-08-04,12.0
28494,37407,2024-09-03,12.0
28495,37407,2024-10-03,12.0
28496,37407,2024-11-02,12.0
28497,37407,2024-12-02,12.0
28498,37414,2024-09-27,12.0
28499,37416,2024-10-12,24.0
28500,37423,2024-05-13,12.0
28501,37436,2024-08-06,12.0
28502,37438,2024-03-05,12.0
28503,37441,2024-08-27,12.0
28504,37449,2025-01-03,12.0
28505,37452,2024-11-28,12.0
28506,37452,2024-12-28,12.0
28507,37453,2024-08-18,24.0
28508,37454,2024-08-08,12.0
28509,37454,2024-09-07,12.0
28510,37454,2024-10-07,12.0
28511,37454,2024-11-06,12.0
28512,37454,2024-12-06,12.0
28513,37470,2024-05-16,12.0
28514,37470,2024-06-15,12.0
28515,37470,2024-07-15,12.0
28516,37470,2024-08-14,12.0
28517,37470,2024-09-13,12.0
28518,37470,2024-10-13,12.0
28519,37470,2024-11-12,12.0
28520,37470,2024-12-12,12.0
28521,37471,2024-04-23,12.0
28522,37471,2024-05-23,12.0
28523,37471,2024-06-22,12.0
28524,37471,2024-07-22,12.0
28525,37471,2024-08-21,12.0
28526,37471,2024-09-20,12.0
28527,37471,2024-10-20,12.0
28528,37471,2024-11-19,12.0
28529,37471,2024-12-19,12.0
28530,37477,2024-12-30,12.0
28531,37492,2024-08-12,12.0
28532,37492,2024-09-11,12.0
28533,37492,2024-10-11,12.0
28534,37492,2024-11-10,12.0
28535,37492,2024-12-10,12.0
28536,37499,2024-05-07,12.0
28537,37499,2024-06-06,12.0
28538,37499,2024-07-06,12.0
28539,37499,2024-08-05,12.0
28540,37499,2024-09-04,12.0
28541,37499,2024-10-04,12.0
28542,37499,2024-11-03,12.0
28543,37499,2024-12-03,12.0
28544,37501,2024-05-06,12.0
28545,37503,2024-06-02,12.0
28546,37504,2024-09-25,12.0
28547,37504,2024-10-25,12.0
28548,37504,2024-11-24,12.0
28549,37504,2024-12-24,12.0
28550,37506,2025-01-14,12.0
28551,37512,2024-04-11,12.0
28552,37512,2024-05-11,12.0
28553,37512,2024-06-10,12.0
28554,37512,2024-07-10,12.0
28555,37512,2024-08-09,12.0
28556,37512,2024-09-08,12.0
28557,37512,2024-10-08,12.0
28558,37512,2024-11-07,12.0
28559,37512,2024-12-07,12.0
28560,37520,2024-02-06,12.0
28561,37521,2024-06-23,12.0
28562,37521,2024-07-23,12.0
28563,37521,2024-08-22,12.0
28564,37521,2024-09-21,12.0
28565,37521,2024-10-21,12.0
28566,37521,2024-11-20,12.0
28567,37521,2024-12-20,12.0
28568,37522,2024-11-01,12.0
28569,37522,2024-12-01,12.0
28570,37522,2024-12-31,12.0
28571,37527,2024-09-22,24.0
28572,37537,2024-06-13,12.0
28573,37538,2024-03-18,12.0
28574,37538,2024-04-17,12.0
28575,37538,2024-05-17,12.0
28576,37538,2024-06-16,12.0
28577,37538,2024-07-16,12.0
28578,37538,2024-08-15,12.0
28579,37538,2024-09-14,12.0
28580,37538,2024-10-14,12.0
28581,37538,2024-11-13,12.0
28582,37538,2024-12-13,12.0
28583,37540,2024-05-26,24.0
28584,37542,2024-12-14,12.0
28585,37546,2024-12-02,12.0
28586,37547,2024-12-02,24.0
28587,37549,2024-06-24,12.0
28588,37549,2024-07-24,12.0
28589,37549,2024-08-23,12.0
28590,37549,2024-09-22,12.0
28591,37549,2024-10-22,12.0
28592,37549,2024-11-21,12.0
28593,37549,2024-12-21,12.0
28594,37552,2024-04-20,12.0
28595,37565,2024-07-29,24.0
28596,37565,2024-08-28,24.0
28597,37565,2024-09-27,24.0
28598,37565,2024-10-27,24.0
28599,37565,2024-11-26,24.0
28600,37565,2024-12-26,24.0
28601,37567,2024-11-20,12.0
28602,37569,2024-03-24,12.0
28603,37569,2024-04-23,12.0
28604,37569,2024-05-23,12.0
28605,37569,2024-06-22,12.0
28606,37569,2024-07-22,12.0
28607,37569,2024-08-21,12.0
28608,37569,2024-09-20,12.0
28609,37569,2024-10-20,12.0
28610,37569,2024-11-19,12.0
28611,37569,2024-12-19,12.0
28612,37588,2024-12-23,24.0
28613,37593,2024-07-10,12.0
28614,37593,2024-08-09,12.0
28615,37593,2024-09-08,12.0
28616,37593,2024-10-08,12.0
28617,37593,2024-11-07,12.0
28618,37593,2024-12-07,12.0
28619,37594,2024-12-14,12.0
28620,37605,2024-09-27,12.0
28621,37605,2024-10-27,12.0
28622,37605,2024-11-26,12.0
28623,37605,2024-12-26,12.0
28624,37614,2024-03-08,24.0
28625,37619,2024-09-23,12.0
28626,37633,2024-10-03,12.0
28627,37636,2024-06-25,12.0
28628,37644,2024-02-22,24.0
28629,37648,2024-11-29,12.0
28630,37648,2024-12-29,12.0
28631,37649,2024-08-01,12.0
28632,37649,2024-08-31,12.0
28633,37649,2024-09-30,12.0
28634,37649,2024-10-30,12.0
28635,37649,2024-11-29,12.0
28636,37649,2024-12-29,12.0
28637,37659,2024-10-25,24.0
28638,37667,2024-02-22,24.0
28639,37686,2024-02-18,12.0
28640,37686,2024-03-19,12.0
28641,37686,2024-04-18,12.0
28642,37686,2024-05-18,12.0
28643,37686,2024-06-17,12.0
28644,37686,2024-07-17,12.0
28645,37686,2024-08-16,12.0
28646,37686,2024-09-15,12.0
28647,37686,2024-10-15,12.0
28648,37686,2024-11-14,12.0
28649,37686,2024-12-14,12.0
28650,37688,2024-09-12,24.0
28651,37688,2024-10-12,24.0
28652,37688,2024-11-11,24.0
28653,37688,2024-12-11,24.0
28654,37697,2024-07-18,24.0
28655,37697,2024-08-17,24.0
28656,37697,2024-09-16,24.0
28657,37697,2024-10-16,24.0
28658,37697,2024-11-15,24.0
28659,37697,2024-12-15,24.0
28660,37706,2024-02-10,12.0
28661,37706,2024-03-11,12.0
28662,37706,2024-04-10,12.0
28663,37706,2024-05-10,12.0
28664,37706,2024-06-09,12.0
28665,37706,2024-07-09,12.0
28666,37706,2024-08-08,12.0
28667,37706,2024-09-07,12.0
28668,37706,2024-10-07,12.0
28669,37706,2024-11-06,12.0
28670,37706,2024-12-06,12.0
28671,37709,2024-12-14,12.0
28672,37712,2024-02-02,12.0
28673,37712,2024-03-03,12.0
28674,37712,2024-04-02,12.0
28675,37712,2024-05-02,12.0
28676,37712,2024-06-01,12.0
28677,37712,2024-07-01,12.0
28678,37712,2024-07-31,12.0
28679,37712,2024-08-30,12.0
28680,37712,2024-09-29,12.0
28681,37712,2024-10-29,12.0
28682,37712,2024-11-28,12.0
28683,37712,2024-12-28,12.0
28684,37713,2024-02-06,12.0
28685,37713,2024-03-07,12.0
28686,37713,2024-04-06,12.0
28687,37713,2024-05-06,12.0
28688,37713,2024-06-05,12.0
28689,37713,2024-07-05,12.0
28690,37713,2024-08-04,12.0
28691,37713,2024-09-03,12.0
28692,37713,2024-10-03,12.0
28693,37713,2024-11-02,12.0
28694,37713,2024-12-02,12.0
28695,37717,2024-05-03,12.0
28696,37717,2024-06-02,12.0
28697,37717,2024-07-02,12.0
28698,37717,2024-08-01,12.0
28699,37717,2024-08-31,12.0
28700,37717,2024-09-30,12.0
28701,37717,2024-10-30,12.0
28702,37717,2024-11-29,12.0
28703,37717,2024-12-29,12.0
28704,37724,2024-05-24,24.0
28705,37724,2024-06-23,24.0
28706,37724,2024-07-23,24.0
28707,37724,2024-08-22,24.0
28708,37724,2024-09-21,24.0
28709,37724,2024-10-21,24.0
28710,37724,2024-11-20,24.0
28711,37724,2024-12-20,24.0
28712,37726,2024-11-11,24.0
28713,37728,2024-11-14,12.0
28714,37733,2024-08-30,12.0
28715,37733,2024-09-29,12.0
28716,37733,2024-10-29,12.0
28717,37733,2024-11-28,12.0
28718,37733,2024-12-28,12.0
28719,37743,2024-07-03,12.0
28720,37743,2024-08-02,12.0
28721,37743,2024-09-01,12.0
28722,37743,2024-10-01,12.0
28723,37743,2024-10-31,12.0
28724,37743,2024-11-30,12.0
28725,37743,2024-12-30,12.0
28726,37749,2024-11-20,12.0
28727,37749,2024-12-20,12.0
28728,37760,2024-10-11,12.0
28729,37760,2024-11-10,12.0
28730,37760,2024-12-10,12.0
28731,37771,2025-01-01,12.0
28732,37776,2024-04-12,12.0
28733,37776,2024-05-12,12.0
28734,37776,2024-06-11,12.0
28735,37776,2024-07-11,12.0
28736,37776,2024-08-10,12.0
28737,37776,2024-09-09,12.0
28738,37776,2024-10-09,12.0
28739,37776,2024-11-08,12.0
28740,37776,2024-12-08,12.0
28741,37779,2024-12-30,24.0
28742,37782,2024-03-12,12.0
28743,37788,2024-10-03,12.0
28744,37793,2024-06-26,24.0
28745,37797,2024-12-22,24.0
28746,37798,2024-05-22,24.0
28747,37798,2024-06-21,24.0
28748,37798,2024-07-21,24.0
28749,37798,2024-08-20,24.0
28750,37798,2024-09-19,24.0
28751,37798,2024-10-19,24.0
28752,37798,2024-11-18,24.0
28753,37798,2024-12-18,24.0
28754,37805,2024-06-05,12.0
28755,37809,2024-11-03,12.0
28756,37810,2024-02-21,12.0
28757,37810,2024-03-22,12.0
28758,37810,2024-04-21,12.0
28759,37810,2024-05-21,12.0
28760,37810,2024-06-20,12.0
28761,37810,2024-07-20,12.0
28762,37810,2024-08-19,12.0
28763,37810,2024-09-18,12.0
28764,37810,2024-10-18,12.0
28765,37810,2024-11-17,12.0
28766,37810,2024-12-17,12.0
28767,37811,2024-05-27,12.0
28768,37811,2024-06-26,12.0
28769,37811,2024-07-26,12.0
28770,37811,2024-08-25,12.0
28771,37811,2024-09-24,12.0
28772,37811,2024-10-24,12.0
28773,37811,2024-11-23,12.0
28774,37811,2024-12-23,12.0
28775,37814,2024-09-28,12.0
28776,37814,2024-10-28,12.0
28777,37814,2024-11-27,12.0
28778,37814,2024-12-27,12.0
28779,37817,2024-03-15,24.0
28780,37818,2024-03-13,24.0
28781,37818,2024-04-12,24.0
28782,37818,2024-05-12,24.0
28783,37818,2024-06-11,24.0
28784,37818,2024-07-11,24.0
28785,37818,2024-08-10,24.0
28786,37818,2024-09-09,24.0
28787,37818,2024-10-09,24.0
28788,37818,2024-11-08,24.0
28789,37818,2024-12-08,24.0
28790,37828,2024-04-22,12.0
28791,37828,2024-05-22,12.0
28792,37828,2024-06-21,12.0
28793,37828,2024-07-21,12.0
28794,37828,2024-08-20,12.0
28795,37828,2024-09-19,12.0
28796,37828,2024-10-19,12.0
28797,37828,2024-11-18,12.0
28798,37828,2024-12-18,12.0
28799,37832,2024-11-28,24.0
28800,37832,2024-12-28,24.0
28801,37834,2024-02-13,12.0
28802,37837,2024-04-19,24.0
28803,37852,2024-08-18,12.0
28804,37852,2024-09-17,12.0
28805,37852,2024-10-17,12.0
28806,37852,2024-11-16,12.0
28807,37852,2024-12-16,12.0
28808,37857,2024-12-16,12.0
28809,37862,2024-11-19,24.0
28810,37868,2024-10-30,12.0
28811,37868,2024-11-29,12.0
28812,37868,2024-12-29,12.0
28813,37872,2024-10-10,12.0
28814,37872,2024-11-09,12.0
28815,37872,2024-12-09,12.0
28816,37878,2024-05-25,12.0
28817,37879,2024-10-21,12.0
28818,37879,2024-11-20,12.0
28819,37879,2024-12-20,12.0
28820,37880,2024-04-24,12.0
28821,37880,2024-05-24,12.0
28822,37880,2024-06-23,12.0
28823,37880,2024-07-23,12.0
28824,37880,2024-08-22,12.0
28825,37880,2024-09-21,12.0
28826,37880,2024-10-21,12.0
28827,37880,2024-11-20,12.0
28828,37880,2024-12-20,12.0
28829,37886,2024-06-18,12.0
28830,37886,2024-07-18,12.0
28831,37886,2024-08-17,12.0
28832,37886,2024-09-16,12.0
28833,37886,2024-10-16,12.0
28834,37886,2024-11-15,12.0
28835,37886,2024-12-15,12.0
28836,37890,2024-10-07,12.0
28837,37890,2024-11-06,12.0
28838,37890,2024-12-06,12.0
28839,37892,2024-06-13,12.0
28840,37892,2024-07-13,12.0
28841,37892,2024-08-12,12.0
28842,37892,2024-09-11,12.0
28843,37892,2024-10-11,12.0
28844,37892,2024-11-10,12.0
28845,37892,2024-12-10,12.0
28846,37893,2024-02-18,24.0
28847,37899,2024-04-23,12.0
28848,37905,2024-04-19,12.0
28849,37905,2024-05-19,12.0
28850,37905,2024-06-18,12.0
28851,37905,2024-07-18,12.0
28852,37905,2024-08-17,12.0
28853,37905,2024-09-16,12.0
28854,37905,2024-10-16,12.0
28855,37905,2024-11-15,12.0
28856,37905,2024-12-15,12.0
28857,37906,2024-05-25,12.0
28858,37906,2024-06-24,12.0
28859,37906,2024-07-24,12.0
28860,37906,2024-08-23,12.0
28861,37906,2024-09-22,12.0
28862,37906,2024-10-22,12.0
28863,37906,2024-11-21,12.0
28864,37906,2024-12-21,12.0
28865,37911,2025-01-14,24.0
28866,37914,2024-11-01,12.0
28867,37914,2024-12-01,12.0
28868,37914,2024-12-31,12.0
28869,37937,2024-09-18,12.0
28870,37937,2024-10-18,12.0
28871,37937,2024-11-17,12.0
28872,37937,2024-12-17,12.0
28873,37939,2024-11-26,24.0
28874,37939,2024-12-26,24.0
28875,37944,2024-04-13,24.0
28876,37956,2024-07-20,24.0
28877,37956,2024-08-19,24.0
28878,37956,2024-09-18,24.0
28879,37956,2024-10-18,24.0
28880,37956,2024-11-17,24.0
28881,37956,2024-12-17,24.0
28882,37964,2024-06-20,12.0
28883,37964,2024-07-20,12.0
28884,37964,2024-08-19,12.0
28885,37964,2024-09-18,12.0
28886,37964,2024-10-18,12.0
28887,37964,2024-11-17,12.0
28888,37964,2024-12-17,12.0
28889,37971,2025-01-10,12.0
28890,37974,2024-03-07,24.0
28891,37974,2024-04-06,24.0
28892,37974,2024-05-06,24.0
28893,37974,2024-06-05,24.0
28894,37974,2024-07-05,24.0
28895,37974,2024-08-04,24.0
28896,37974,2024-09-03,24.0
28897,37974,2024-10-03,24.0
28898,37974,2024-11-02,24.0
28899,37974,2024-12-02,24.0
28900,37985,2024-03-13,12.0
28901,37985,2024-04-12,12.0
28902,37985,2024-05-12,12.0
28903,37985,2024-06-11,12.0
28904,37985,2024-07-11,12.0
28905,37985,2024-08-10,12.0
28906,37985,2024-09-09,12.0
28907,37985,2024-10-09,12.0
28908,37985,2024-11-08,12.0
28909,37985,2024-12-08,12.0
28910,37990,2024-11-24,12.0
28911,37990,2024-12-24,12.0
28912,37991,2024-12-19,12.0
28913,37997,2024-01-23,24.0
28914,38005,2024-08-31,24.0
28915,38008,2025-01-09,24.0
28916,38011,2024-12-06,24.0
28917,38013,2024-08-24,24.0
28918,38013,2024-09-23,24.0
28919,38013,2024-10-23,24.0
28920,38013,2024-11-22,24.0
28921,38013,2024-12-22,24.0
28922,38026,2024-03-23,24.0
28923,38026,2024-04-22,24.0
28924,38026,2024-05-22,24.0
28925,38026,2024-06-21,24.0
28926,38026,2024-07-21,24.0
28927,38026,2024-08-20,24.0
28928,38026,2024-09-19,24.0
28929,38026,2024-10-19,24.0
28930,38026,2024-11-18,24.0
28931,38026,2024-12-18,24.0
28932,38038,2024-07-31,12.0
28933,38038,2024-08-30,12.0
28934,38038,2024-09-29,12.0
28935,38038,2024-10-29,12.0
28936,38038,2024-11-28,12.0
28937,38038,2024-12-28,12.0
28938,38041,2024-12-06,12.0
28939,38043,2024-03-02,24.0
28940,38043,2024-04-01,24.0
28941,38043,2024-05-01,24.0
28942,38043,2024-05-31,24.0
28943,38043,2024-06-30,24.0
28944,38043,2024-07-30,24.0
28945,38043,2024-08-29,24.0
28946,38043,2024-09-28,24.0
28947,38043,2024-10-28,24.0
28948,38043,2024-11-27,24.0
28949,38043,2024-12-27,24.0
28950,38044,2025-01-12,12.0
28951,38045,2024-03-29,12.0
28952,38045,2024-04-28,12.0
28953,38045,2024-05-28,12.0
28954,38045,2024-06-27,12.0
28955,38045,2024-07-27,12.0
28956,38045,2024-08-26,12.0
28957,38045,2024-09-25,12.0
28958,38045,2024-10-25,12.0
28959,38045,2024-11-24,12.0
28960,38045,2024-12-24,12.0
28961,38049,2024-03-01,12.0
28962,38049,2024-03-31,12.0
28963,38049,2024-04-30,12.0
28964,38049,2024-05-30,12.0
28965,38049,2024-06-29,12.0
28966,38049,2024-07-29,12.0
28967,38049,2024-08-28,12.0
28968,38049,2024-09-27,12.0
28969,38049,2024-10-27,12.0
28970,38049,2024-11-26,12.0
28971,38049,2024-12-26,12.0
28972,38052,2024-06-17,12.0
28973,38052,2024-07-17,12.0
28974,38052,2024-08-16,12.0
28975,38052,2024-09-15,12.0
28976,38052,2024-10-15,12.0
28977,38052,2024-11-14,12.0
28978,38052,2024-12-14,12.0
28979,38054,2025-01-05,12.0
28980,38060,2024-07-13,12.0
28981,38066,2024-11-29,12.0
28982,38066,2024-12-29,12.0
28983,38069,2024-03-28,12.0
28984,38069,2024-04-27,12.0
28985,38069,2024-05-27,12.0
28986,38069,2024-06-26,12.0
28987,38069,2024-07-26,12.0
28988,38069,2024-08-25,12.0
28989,38069,2024-09-24,12.0
28990,38069,2024-10-24,12.0
28991,38069,2024-11-23,12.0
28992,38069,2024-12-23,12.0
28993,38073,2024-06-22,12.0
28994,38073,2024-07-22,12.0
28995,38073,2024-08-21,12.0
28996,38073,2024-09-20,12.0
28997,38073,2024-10-20,12.0
28998,38073,2024-11-19,12.0
28999,38073,2024-12-19,12.0
29000,38087,2024-05-11,12.0
29001,38091,2024-02-15,12.0
29002,38094,2024-04-21,12.0
29003,38094,2024-05-21,12.0
29004,38094,2024-06-20,12.0
29005,38094,2024-07-20,12.0
29006,38094,2024-08-19,12.0
29007,38094,2024-09-18,12.0
29008,38094,2024-10-18,12.0
29009,38094,2024-11-17,12.0
29010,38094,2024-12-17,12.0
29011,38098,2024-11-26,12.0
29012,38099,2024-03-12,24.0
29013,38099,2024-04-11,24.0
29014,38099,2024-05-11,24.0
29015,38099,2024-06-10,24.0
29016,38099,2024-07-10,24.0
29017,38099,2024-08-09,24.0
29018,38099,2024-09-08,24.0
29019,38099,2024-10-08,24.0
29020,38099,2024-11-07,24.0
29021,38099,2024-12-07,24.0
29022,38107,2024-03-04,12.0
29023,38107,2024-04-03,12.0
29024,38107,2024-05-03,12.0
29025,38107,2024-06-02,12.0
29026,38107,2024-07-02,12.0
29027,38107,2024-08-01,12.0
29028,38107,2024-08-31,12.0
29029,38107,2024-09-30,12.0
29030,38107,2024-10-30,12.0
29031,38107,2024-11-29,12.0
29032,38107,2024-12-29,12.0
29033,38111,2024-05-03,12.0
29034,38111,2024-06-02,12.0
29035,38111,2024-07-02,12.0
29036,38111,2024-08-01,12.0
29037,38111,2024-08-31,12.0
29038,38111,2024-09-30,12.0
29039,38111,2024-10-30,12.0
29040,38111,2024-11-29,12.0
29041,38111,2024-12-29,12.0
29042,38120,2024-10-26,12.0
29043,38120,2024-11-25,12.0
29044,38120,2024-12-25,12.0
29045,38130,2024-12-20,12.0
29046,38138,2025-01-05,24.0
29047,38146,2024-11-17,24.0
29048,38146,2024-12-17,24.0
29049,38149,2024-05-18,12.0
29050,38149,2024-06-17,12.0
29051,38149,2024-07-17,12.0
29052,38149,2024-08-16,12.0
29053,38149,2024-09-15,12.0
29054,38149,2024-10-15,12.0
29055,38149,2024-11-14,12.0
29056,38149,2024-12-14,12.0
29057,38150,2024-09-17,12.0
29058,38156,2024-04-20,12.0
29059,38156,2024-05-20,12.0
29060,38156,2024-06-19,12.0
29061,38156,2024-07-19,12.0
29062,38156,2024-08-18,12.0
29063,38156,2024-09-17,12.0
29064,38156,2024-10-17,12.0
29065,38156,2024-11-16,12.0
29066,38156,2024-12-16,12.0
29067,38157,2024-09-26,24.0
29068,38157,2024-10-26,24.0
29069,38157,2024-11-25,24.0
29070,38157,2024-12-25,24.0
29071,38158,2024-05-06,12.0
29072,38164,2024-12-04,24.0
29073,38168,2024-05-25,12.0
29074,38169,2024-04-09,12.0
29075,38170,2024-02-20,12.0
29076,38170,2024-03-21,12.0
29077,38170,2024-04-20,12.0
29078,38170,2024-05-20,12.0
29079,38170,2024-06-19,12.0
29080,38170,2024-07-19,12.0
29081,38170,2024-08-18,12.0
29082,38170,2024-09-17,12.0
29083,38170,2024-10-17,12.0
29084,38170,2024-11-16,12.0
29085,38170,2024-12-16,12.0
29086,38173,2024-07-28,12.0
29087,38173,2024-08-27,12.0
29088,38173,2024-09-26,12.0
29089,38173,2024-10-26,12.0
29090,38173,2024-11-25,12.0
29091,38173,2024-12-25,12.0
29092,38185,2024-04-15,12.0
29093,38194,2024-12-12,12.0
29094,38197,2024-09-11,12.0
29095,38201,2024-09-18,12.0
29096,38201,2024-10-18,12.0
29097,38201,2024-11-17,12.0
29098,38201,2024-12-17,12.0
29099,38204,2024-07-23,12.0
29100,38219,2024-06-17,12.0
29101,38231,2024-03-01,24.0
29102,38233,2024-11-11,24.0
29103,38233,2024-12-11,24.0
29104,38239,2024-08-09,24.0
29105,38248,2024-11-26,12.0
29106,38248,2024-12-26,12.0
29107,38249,2024-03-18,24.0
29108,38249,2024-04-17,24.0
29109,38249,2024-05-17,24.0
29110,38249,2024-06-16,24.0
29111,38249,2024-07-16,24.0
29112,38249,2024-08-15,24.0
29113,38249,2024-09-14,24.0
29114,38249,2024-10-14,24.0
29115,38249,2024-11-13,24.0
29116,38249,2024-12-13,24.0
29117,38266,2024-01-26,12.0
29118,38266,2024-02-25,12.0
29119,38266,2024-03-26,12.0
29120,38266,2024-04-25,12.0
29121,38266,2024-05-25,12.0
29122,38266,2024-06-24,12.0
29123,38266,2024-07-24,12.0
29124,38266,2024-08-23,12.0
29125,38266,2024-09-22,12.0
29126,38266,2024-10-22,12.0
29127,38266,2024-11-21,12.0
29128,38266,2024-12-21,12.0
29129,38279,2024-10-13,12.0
29130,38279,2024-11-12,12.0
29131,38279,2024-12-12,12.0
29132,38280,2024-04-28,12.0
29133,38280,2024-05-28,12.0
29134,38280,2024-06-27,12.0
29135,38280,2024-07-27,12.0
29136,38280,2024-08-26,12.0
29137,38280,2024-09-25,12.0
29138,38280,2024-10-25,12.0
29139,38280,2024-11-24,12.0
29140,38280,2024-12-24,12.0
29141,38288,2024-08-02,24.0
29142,38288,2024-09-01,24.0
29143,38288,2024-10-01,24.0
29144,38288,2024-10-31,24.0
29145,38288,2024-11-30,24.0
29146,38288,2024-12-30,24.0
29147,38293,2024-05-25,12.0
29148,38293,2024-06-24,12.0
29149,38293,2024-07-24,12.0
29150,38293,2024-08-23,12.0
29151,38293,2024-09-22,12.0
29152,38293,2024-10-22,12.0
29153,38293,2024-11-21,12.0
29154,38293,2024-12-21,12.0
29155,38297,2024-09-07,24.0
29156,38297,2024-10-07,24.0
29157,38297,2024-11-06,24.0
29158,38297,2024-12-06,24.0
29159,38301,2024-05-14,24.0
29160,38301,2024-06-13,24.0
29161,38301,2024-07-13,24.0
29162,38301,2024-08-12,24.0
29163,38301,2024-09-11,24.0
29164,38301,2024-10-11,24.0
29165,38301,2024-11-10,24.0
29166,38301,2024-12-10,24.0
29167,38311,2024-05-16,12.0
29168,38313,2024-10-09,12.0
29169,38328,2024-02-11,24.0
29170,38331,2024-05-05,12.0
29171,38331,2024-06-04,12.0
29172,38331,2024-07-04,12.0
29173,38331,2024-08-03,12.0
29174,38331,2024-09-02,12.0
29175,38331,2024-10-02,12.0
29176,38331,2024-11-01,12.0
29177,38331,2024-12-01,12.0
29178,38331,2024-12-31,12.0
29179,38335,2025-01-12,12.0
29180,38341,2024-07-07,12.0
29181,38344,2024-06-14,12.0
29182,38344,2024-07-14,12.0
29183,38344,2024-08-13,12.0
29184,38344,2024-09-12,12.0
29185,38344,2024-10-12,12.0
29186,38344,2024-11-11,12.0
29187,38344,2024-12-11,12.0
29188,38351,2024-09-17,12.0
29189,38355,2024-12-04,12.0
29190,38356,2024-09-29,12.0
29191,38357,2024-01-26,12.0
29192,38357,2024-02-25,12.0
29193,38357,2024-03-26,12.0
29194,38357,2024-04-25,12.0
29195,38357,2024-05-25,12.0
29196,38357,2024-06-24,12.0
29197,38357,2024-07-24,12.0
29198,38357,2024-08-23,12.0
29199,38357,2024-09-22,12.0
29200,38357,2024-10-22,12.0
29201,38357,2024-11-21,12.0
29202,38357,2024-12-21,12.0
29203,38380,2024-07-18,12.0
29204,38380,2024-08-17,12.0
29205,38380,2024-09-16,12.0
29206,38380,2024-10-16,12.0
29207,38380,2024-11-15,12.0
29208,38380,2024-12-15,12.0
29209,38384,2024-05-15,12.0
29210,38384,2024-06-14,12.0
29211,38384,2024-07-14,12.0
29212,38384,2024-08-13,12.0
29213,38384,2024-09-12,12.0
29214,38384,2024-10-12,12.0
29215,38384,2024-11-11,12.0
29216,38384,2024-12-11,12.0
29217,38389,2024-08-14,12.0
29218,38389,2024-09-13,12.0
29219,38389,2024-10-13,12.0
29220,38389,2024-11-12,12.0
29221,38389,2024-12-12,12.0
29222,38399,2024-11-29,24.0
29223,38425,2024-05-22,24.0
29224,38425,2024-06-21,24.0
29225,38425,2024-07-21,24.0
29226,38425,2024-08-20,24.0
29227,38425,2024-09-19,24.0
29228,38425,2024-10-19,24.0
29229,38425,2024-11-18,24.0
29230,38425,2024-12-18,24.0
29231,38426,2024-01-28,12.0
29232,38428,2024-11-27,12.0
29233,38428,2024-12-27,12.0
29234,38436,2024-09-28,12.0
29235,38442,2024-08-19,12.0
29236,38442,2024-09-18,12.0
29237,38442,2024-10-18,12.0
29238,38442,2024-11-17,12.0
29239,38442,2024-12-17,12.0
29240,38444,2024-02-28,24.0
29241,38444,2024-03-29,24.0
29242,38444,2024-04-28,24.0
29243,38444,2024-05-28,24.0
29244,38444,2024-06-27,24.0
29245,38444,2024-07-27,24.0
29246,38444,2024-08-26,24.0
29247,38444,2024-09-25,24.0
29248,38444,2024-10-25,24.0
29249,38444,2024-11-24,24.0
29250,38444,2024-12-24,24.0
29251,38445,2024-08-15,24.0
29252,38445,2024-09-14,24.0
29253,38445,2024-10-14,24.0
29254,38445,2024-11-13,24.0
29255,38445,2024-12-13,24.0
29256,38455,2024-01-26,12.0
29257,38455,2024-02-25,12.0
29258,38455,2024-03-26,12.0
29259,38455,2024-04-25,12.0
29260,38455,2024-05-25,12.0
29261,38455,2024-06-24,12.0
29262,38455,2024-07-24,12.0
29263,38455,2024-08-23,12.0
29264,38455,2024-09-22,12.0
29265,38455,2024-10-22,12.0
29266,38455,2024-11-21,12.0
29267,38455,2024-12-21,12.0
29268,38461,2024-08-05,12.0
29269,38461,2024-09-04,12.0
29270,38461,2024-10-04,12.0
29271,38461,2024-11-03,12.0
29272,38461,2024-12-03,12.0
29273,38467,2024-02-15,12.0
29274,38488,2024-02-10,24.0
29275,38493,2024-11-20,24.0
29276,38493,2024-12-20,24.0
29277,38494,2024-08-24,12.0
29278,38496,2024-06-25,12.0
29279,38496,2024-07-25,12.0
29280,38496,2024-08-24,12.0
29281,38496,2024-09-23,12.0
29282,38496,2024-10-23,12.0
29283,38496,2024-11-22,12.0
29284,38496,2024-12-22,12.0
29285,38498,2024-10-25,12.0
29286,38498,2024-11-24,12.0
29287,38498,2024-12-24,12.0
29288,38499,2024-05-17,12.0
29289,38514,2024-03-12,12.0
29290,38514,2024-04-11,12.0
29291,38514,2024-05-11,12.0
29292,38514,2024-06-10,12.0
29293,38514,2024-07-10,12.0
29294,38514,2024-08-09,12.0
29295,38514,2024-09-08,12.0
29296,38514,2024-10-08,12.0
29297,38514,2024-11-07,12.0
29298,38514,2024-12-07,12.0
29299,38515,2024-07-02,12.0
29300,38515,2024-08-01,12.0
29301,38515,2024-08-31,12.0
29302,38515,2024-09-30,12.0
29303,38515,2024-10-30,12.0
29304,38515,2024-11-29,12.0
29305,38515,2024-12-29,12.0
29306,38517,2024-03-20,12.0
29307,38525,2024-12-16,24.0
29308,38529,2024-06-09,12.0
29309,38529,2024-07-09,12.0
29310,38529,2024-08-08,12.0
29311,38529,2024-09-07,12.0
29312,38529,2024-10-07,12.0
29313,38529,2024-11-06,12.0
29314,38529,2024-12-06,12.0
29315,38530,2024-03-02,12.0
29316,38541,2024-12-07,12.0
29317,38545,2024-06-16,12.0
29318,38548,2025-01-03,12.0
29319,38552,2024-06-29,24.0
29320,38552,2024-07-29,24.0
29321,38552,2024-08-28,24.0
29322,38552,2024-09-27,24.0
29323,38552,2024-10-27,24.0
29324,38552,2024-11-26,24.0
29325,38552,2024-12-26,24.0
29326,38560,2024-05-10,12.0
29327,38564,2024-08-31,12.0
29328,38564,2024-09-30,12.0
29329,38564,2024-10-30,12.0
29330,38564,2024-11-29,12.0
29331,38564,2024-12-29,12.0
29332,38572,2024-10-18,12.0
29333,38573,2024-11-13,24.0
29334,38575,2024-12-16,12.0
29335,38581,2025-01-05,12.0
29336,38591,2024-12-29,12.0
29337,38592,2024-05-03,12.0
29338,38592,2024-06-02,12.0
29339,38592,2024-07-02,12.0
29340,38592,2024-08-01,12.0
29341,38592,2024-08-31,12.0
29342,38592,2024-09-30,12.0
29343,38592,2024-10-30,12.0
29344,38592,2024-11-29,12.0
29345,38592,2024-12-29,12.0
29346,38598,2024-09-10,12.0
29347,38598,2024-10-10,12.0
29348,38598,2024-11-09,12.0
29349,38598,2024-12-09,12.0
29350,38599,2024-04-27,24.0
29351,38609,2024-06-13,24.0
29352,38609,2024-07-13,24.0
29353,38609,2024-08-12,24.0
29354,38609,2024-09-11,24.0
29355,38609,2024-10-11,24.0
29356,38609,2024-11-10,24.0
29357,38609,2024-12-10,24.0
29358,38626,2024-08-05,12.0
29359,38626,2024-09-04,12.0
29360,38626,2024-10-04,12.0
29361,38626,2024-11-03,12.0
29362,38626,2024-12-03,12.0
29363,38628,2024-12-19,24.0
29364,38630,2024-08-27,12.0
29365,38634,2024-02-03,12.0
29366,38651,2024-03-20,12.0
29367,38651,2024-04-19,12.0
29368,38651,2024-05-19,12.0
29369,38651,2024-06-18,12.0
29370,38651,2024-07-18,12.0
29371,38651,2024-08-17,12.0
29372,38651,2024-09-16,12.0
29373,38651,2024-10-16,12.0
29374,38651,2024-11-15,12.0
29375,38651,2024-12-15,12.0
29376,38653,2024-03-29,24.0
29377,38658,2024-03-03,12.0
29378,38658,2024-04-02,12.0
29379,38658,2024-05-02,12.0
29380,38658,2024-06-01,12.0
29381,38658,2024-07-01,12.0
29382,38658,2024-07-31,12.0
29383,38658,2024-08-30,12.0
29384,38658,2024-09-29,12.0
29385,38658,2024-10-29,12.0
29386,38658,2024-11-28,12.0
29387,38658,2024-12-28,12.0
29388,38662,2024-08-15,12.0
29389,38673,2024-11-30,12.0
29390,38673,2024-12-30,12.0
29391,38675,2024-11-04,24.0
29392,38675,2024-12-04,24.0
29393,38694,2024-07-19,12.0
29394,38695,2024-11-21,12.0
29395,38695,2024-12-21,12.0
29396,38702,2024-10-25,24.0
29397,38702,2024-11-24,24.0
29398,38702,2024-12-24,24.0
29399,38716,2024-07-10,24.0
29400,38720,2024-12-09,12.0
29401,38726,2024-10-26,24.0
29402,38729,2024-05-04,12.0
29403,38729,2024-06-03,12.0
29404,38729,2024-07-03,12.0
29405,38729,2024-08-02,12.0
29406,38729,2024-09-01,12.0
29407,38729,2024-10-01,12.0
29408,38729,2024-10-31,12.0
29409,38729,2024-11-30,12.0
29410,38729,2024-12-30,12.0
29411,38741,2024-01-21,12.0
29412,38754,2024-08-27,12.0
29413,38766,2024-07-30,12.0
29414,38766,2024-08-29,12.0
29415,38766,2024-09-28,12.0
29416,38766,2024-10-28,12.0
29417,38766,2024-11-27,12.0
29418,38766,2024-12-27,12.0
29419,38774,2024-08-18,12.0
29420,38774,2024-09-17,12.0
29421,38774,2024-10-17,12.0
29422,38774,2024-11-16,12.0
29423,38774,2024-12-16,12.0
29424,38778,2025-01-02,12.0
29425,38782,2024-10-22,24.0
29426,38782,2024-11-21,24.0
29427,38782,2024-12-21,24.0
29428,38786,2024-03-03,12.0
29429,38786,2024-04-02,12.0
29430,38786,2024-05-02,12.0
29431,38786,2024-06-01,12.0
29432,38786,2024-07-01,12.0
29433,38786,2024-07-31,12.0
29434,38786,2024-08-30,12.0
29435,38786,2024-09-29,12.0
29436,38786,2024-10-29,12.0
29437,38786,2024-11-28,12.0
29438,38786,2024-12-28,12.0
29439,38789,2025-01-13,12.0
29440,38791,2024-08-21,12.0
29441,38796,2024-09-18,12.0
29442,38796,2024-10-18,12.0
29443,38796,2024-11-17,12.0
29444,38796,2024-12-17,12.0
29445,38802,2024-07-26,12.0
29446,38802,2024-08-25,12.0
29447,38802,2024-09-24,12.0
29448,38802,2024-10-24,12.0
29449,38802,2024-11-23,12.0
29450,38802,2024-12-23,12.0
29451,38803,2024-10-24,12.0
29452,38813,2024-02-11,12.0
29453,38813,2024-03-12,12.0
29454,38813,2024-04-11,12.0
29455,38813,2024-05-11,12.0
29456,38813,2024-06-10,12.0
29457,38813,2024-07-10,12.0
29458,38813,2024-08-09,12.0
29459,38813,2024-09-08,12.0
29460,38813,2024-10-08,12.0
29461,38813,2024-11-07,12.0
29462,38813,2024-12-07,12.0
29463,38815,2024-12-27,12.0
29464,38821,2024-09-16,24.0
29465,38828,2024-04-27,12.0
29466,38830,2024-11-05,12.0
29467,38830,2024-12-05,12.0
29468,38831,2024-12-31,24.0
29469,38833,2024-09-25,12.0
29470,38833,2024-10-25,12.0
29471,38833,2024-11-24,12.0
29472,38833,2024-12-24,12.0
29473,38842,2024-09-22,24.0
29474,38847,2024-12-30,12.0
29475,38848,2024-06-24,24.0
29476,38849,2024-10-29,12.0
29477,38849,2024-11-28,12.0
29478,38849,2024-12-28,12.0
29479,38854,2024-04-06,24.0
29480,38854,2024-05-06,24.0
29481,38854,2024-06-05,24.0
29482,38854,2024-07-05,24.0
29483,38854,2024-08-04,24.0
29484,38854,2024-09-03,24.0
29485,38854,2024-10-03,24.0
29486,38854,2024-11-02,24.0
29487,38854,2024-12-02,24.0
29488,38858,2024-04-05,24.0
29489,38858,2024-05-05,24.0
29490,38858,2024-06-04,24.0
29491,38858,2024-07-04,24.0
29492,38858,2024-08-03,24.0
29493,38858,2024-09-02,24.0
29494,38858,2024-10-02,24.0
29495,38858,2024-11-01,24.0
29496,38858,2024-12-01,24.0
29497,38858,2024-12-31,24.0
29498,38860,2024-03-03,12.0
29499,38860,2024-04-02,12.0
29500,38860,2024-05-02,12.0
29501,38860,2024-06-01,12.0
29502,38860,2024-07-01,12.0
29503,38860,2024-07-31,12.0
29504,38860,2024-08-30,12.0
29505,38860,2024-09-29,12.0
29506,38860,2024-10-29,12.0
29507,38860,2024-11-28,12.0
29508,38860,2024-12-28,12.0
29509,38872,2024-07-02,12.0
29510,38880,2024-01-21,12.0
29511,38887,2024-07-16,24.0
29512,38890,2024-11-16,24.0
29513,38890,2024-12-16,24.0
29514,38891,2024-05-11,12.0
29515,38891,2024-06-10,12.0
29516,38891,2024-07-10,12.0
29517,38891,2024-08-09,12.0
29518,38891,2024-09-08,12.0
29519,38891,2024-10-08,12.0
29520,38891,2024-11-07,12.0
29521,38891,2024-12-07,12.0
29522,38892,2024-03-29,24.0
29523,38892,2024-04-28,24.0
29524,38892,2024-05-28,24.0
29525,38892,2024-06-27,24.0
29526,38892,2024-07-27,24.0
29527,38892,2024-08-26,24.0
29528,38892,2024-09-25,24.0
29529,38892,2024-10-25,24.0
29530,38892,2024-11-24,24.0
29531,38892,2024-12-24,24.0
29532,38894,2024-10-31,24.0
29533,38894,2024-11-30,24.0
29534,38894,2024-12-30,24.0
29535,38898,2024-12-29,12.0
29536,38901,2024-10-01,12.0
29537,38901,2024-10-31,12.0
29538,38901,2024-11-30,12.0
29539,38901,2024-12-30,12.0
29540,38903,2024-06-06,12.0
29541,38903,2024-07-06,12.0
29542,38903,2024-08-05,12.0
29543,38903,2024-09-04,12.0
29544,38903,2024-10-04,12.0
29545,38903,2024-11-03,12.0
29546,38903,2024-12-03,12.0
29547,38910,2024-07-15,24.0
29548,38914,2024-11-18,12.0
29549,38914,2024-12-18,12.0
29550,38925,2024-12-02,12.0
29551,38926,2024-09-30,12.0
29552,38926,2024-10-30,12.0
29553,38926,2024-11-29,12.0
29554,38926,2024-12-29,12.0
29555,38929,2024-03-02,24.0
29556,38929,2024-04-01,24.0
29557,38929,2024-05-01,24.0
29558,38929,2024-05-31,24.0
29559,38929,2024-06-30,24.0
29560,38929,2024-07-30,24.0
29561,38929,2024-08-29,24.0
29562,38929,2024-09-28,24.0
29563,38929,2024-10-28,24.0
29564,38929,2024-11-27,24.0
29565,38929,2024-12-27,24.0
29566,38931,2024-08-19,12.0
29567,38937,2024-08-19,12.0
29568,38941,2024-12-27,12.0
29569,38942,2024-05-02,12.0
29570,38943,2024-07-06,12.0
29571,38943,2024-08-05,12.0
29572,38943,2024-09-04,12.0
29573,38943,2024-10-04,12.0
29574,38943,2024-11-03,12.0
29575,38943,2024-12-03,12.0
29576,38949,2024-09-05,12.0
29577,38949,2024-10-05,12.0
29578,38949,2024-11-04,12.0
29579,38949,2024-12-04,12.0
29580,38960,2024-01-28,12.0
29581,38961,2024-03-07,24.0
29582,38965,2024-08-02,12.0
29583,38965,2024-09-01,12.0
29584,38965,2024-10-01,12.0
29585,38965,2024-10-31,12.0
29586,38965,2024-11-30,12.0
29587,38965,2024-12-30,12.0
29588,38966,2024-09-20,12.0
29589,38966,2024-10-20,12.0
29590,38966,2024-11-19,12.0
29591,38966,2024-12-19,12.0
29592,38971,2024-10-30,12.0
29593,38985,2024-02-08,24.0
29594,38985,2024-03-09,24.0
29595,38985,2024-04-08,24.0
29596,38985,2024-05-08,24.0
29597,38985,2024-06-07,24.0
29598,38985,2024-07-07,24.0
29599,38985,2024-08-06,24.0
29600,38985,2024-09-05,24.0
29601,38985,2024-10-05,24.0
29602,38985,2024-11-04,24.0
29603,38985,2024-12-04,24.0
29604,39006,2024-02-21,24.0
29605,39006,2024-03-22,24.0
29606,39006,2024-04-21,24.0
29607,39006,2024-05-21,24.0
29608,39006,2024-06-20,24.0
29609,39006,2024-07-20,24.0
29610,39006,2024-08-19,24.0
29611,39006,2024-09-18,24.0
29612,39006,2024-10-18,24.0
29613,39006,2024-11-17,24.0
29614,39006,2024-12-17,24.0
29615,39009,2024-09-01,24.0
29616,39009,2024-10-01,24.0
29617,39009,2024-10-31,24.0
29618,39009,2024-11-30,24.0
29619,39009,2024-12-30,24.0
29620,39011,2024-07-24,24.0
29621,39015,2024-02-17,24.0
29622,39015,2024-03-18,24.0
29623,39015,2024-04-17,24.0
29624,39015,2024-05-17,24.0
29625,39015,2024-06-16,24.0
29626,39015,2024-07-16,24.0
29627,39015,2024-08-15,24.0
29628,39015,2024-09-14,24.0
29629,39015,2024-10-14,24.0
29630,39015,2024-11-13,24.0
29631,39015,2024-12-13,24.0
29632,39020,2024-10-07,24.0
29633,39020,2024-11-06,24.0
29634,39020,2024-12-06,24.0
29635,39038,2024-11-22,12.0
29636,39038,2024-12-22,12.0
29637,39046,2024-05-22,24.0
29638,39055,2024-10-15,24.0
29639,39056,2024-10-06,12.0
29640,39057,2024-01-18,12.0
29641,39057,2024-02-17,12.0
29642,39057,2024-03-18,12.0
29643,39057,2024-04-17,12.0
29644,39057,2024-05-17,12.0
29645,39057,2024-06-16,12.0
29646,39057,2024-07-16,12.0
29647,39057,2024-08-15,12.0
29648,39057,2024-09-14,12.0
29649,39057,2024-10-14,12.0
29650,39057,2024-11-13,12.0
29651,39057,2024-12-13,12.0
29652,39066,2024-02-25,12.0
29653,39072,2024-06-27,12.0
29654,39083,2024-03-24,24.0
29655,39083,2024-04-23,24.0
29656,39083,2024-05-23,24.0
29657,39083,2024-06-22,24.0
29658,39083,2024-07-22,24.0
29659,39083,2024-08-21,24.0
29660,39083,2024-09-20,24.0
29661,39083,2024-10-20,24.0
29662,39083,2024-11-19,24.0
29663,39083,2024-12-19,24.0
29664,39094,2024-12-06,12.0
29665,39095,2024-06-05,12.0
29666,39099,2025-01-13,12.0
29667,39106,2024-03-20,24.0
29668,39106,2024-04-19,24.0
29669,39106,2024-05-19,24.0
29670,39106,2024-06-18,24.0
29671,39106,2024-07-18,24.0
29672,39106,2024-08-17,24.0
29673,39106,2024-09-16,24.0
29674,39106,2024-10-16,24.0
29675,39106,2024-11-15,24.0
29676,39106,2024-12-15,24.0
29677,39107,2024-05-05,12.0
29678,39107,2024-06-04,12.0
29679,39107,2024-07-04,12.0
29680,39107,2024-08-03,12.0
29681,39107,2024-09-02,12.0
29682,39107,2024-10-02,12.0
29683,39107,2024-11-01,12.0
29684,39107,2024-12-01,12.0
29685,39107,2024-12-31,12.0
29686,39109,2024-09-13,24.0
29687,39109,2024-10-13,24.0
29688,39109,2024-11-12,24.0
29689,39109,2024-12-12,24.0
29690,39111,2024-06-03,12.0
29691,39111,2024-07-03,12.0
29692,39111,2024-08-02,12.0
29693,39111,2024-09-01,12.0
29694,39111,2024-10-01,12.0
29695,39111,2024-10-31,12.0
29696,39111,2024-11-30,12.0
29697,39111,2024-12-30,12.0
29698,39112,2024-11-25,12.0
29699,39112,2024-12-25,12.0
29700,39114,2024-06-14,12.0
29701,39114,2024-07-14,12.0
29702,39114,2024-08-13,12.0
29703,39114,2024-09-12,12.0
29704,39114,2024-10-12,12.0
29705,39114,2024-11-11,12.0
29706,39114,2024-12-11,12.0
29707,39128,2024-06-17,12.0
29708,39133,2024-02-10,12.0
29709,39133,2024-03-11,12.0
29710,39133,2024-04-10,12.0
29711,39133,2024-05-10,12.0
29712,39133,2024-06-09,12.0
29713,39133,2024-07-09,12.0
29714,39133,2024-08-08,12.0
29715,39133,2024-09-07,12.0
29716,39133,2024-10-07,12.0
29717,39133,2024-11-06,12.0
29718,39133,2024-12-06,12.0
29719,39141,2024-11-20,12.0
29720,39143,2024-11-04,12.0
29721,39143,2024-12-04,12.0
29722,39144,2025-01-09,12.0
29723,39146,2024-05-26,12.0
29724,39156,2024-08-09,12.0
29725,39156,2024-09-08,12.0
29726,39156,2024-10-08,12.0
29727,39156,2024-11-07,12.0
29728,39156,2024-12-07,12.0
29729,39162,2024-11-15,24.0
29730,39178,2024-09-07,12.0
29731,39178,2024-10-07,12.0
29732,39178,2024-11-06,12.0
29733,39178,2024-12-06,12.0
29734,39179,2024-10-14,12.0
29735,39179,2024-11-13,12.0
29736,39179,2024-12-13,12.0
29737,39183,2024-11-10,12.0
29738,39183,2024-12-10,12.0
29739,39184,2024-06-10,24.0
29740,39187,2024-06-11,12.0
29741,39187,2024-07-11,12.0
29742,39187,2024-08-10,12.0
29743,39187,2024-09-09,12.0
29744,39187,2024-10-09,12.0
29745,39187,2024-11-08,12.0
29746,39187,2024-12-08,12.0
29747,39190,2024-07-15,24.0
29748,39190,2024-08-14,24.0
29749,39190,2024-09-13,24.0
29750,39190,2024-10-13,24.0
29751,39190,2024-11-12,24.0
29752,39190,2024-12-12,24.0
29753,39198,2024-09-03,12.0
29754,39206,2024-04-24,12.0
29755,39206,2024-05-24,12.0
29756,39206,2024-06-23,12.0
29757,39206,2024-07-23,12.0
29758,39206,2024-08-22,12.0
29759,39206,2024-09-21,12.0
29760,39206,2024-10-21,12.0
29761,39206,2024-11-20,12.0
29762,39206,2024-12-20,12.0
29763,39207,2024-04-08,12.0
29764,39207,2024-05-08,12.0
29765,39207,2024-06-07,12.0
29766,39207,2024-07-07,12.0
29767,39207,2024-08-06,12.0
29768,39207,2024-09-05,12.0
29769,39207,2024-10-05,12.0
29770,39207,2024-11-04,12.0
29771,39207,2024-12-04,12.0
29772,39208,2024-07-25,12.0
29773,39208,2024-08-24,12.0
29774,39208,2024-09-23,12.0
29775,39208,2024-10-23,12.0
29776,39208,2024-11-22,12.0
29777,39208,2024-12-22,12.0
29778,39215,2024-11-28,24.0
29779,39215,2024-12-28,24.0
29780,39227,2024-07-11,24.0
29781,39227,2024-08-10,24.0
29782,39227,2024-09-09,24.0
29783,39227,2024-10-09,24.0
29784,39227,2024-11-08,24.0
29785,39227,2024-12-08,24.0
29786,39232,2024-12-08,24.0
29787,39237,2024-08-10,12.0
29788,39237,2024-09-09,12.0
29789,39237,2024-10-09,12.0
29790,39237,2024-11-08,12.0
29791,39237,2024-12-08,12.0
29792,39242,2024-04-02,12.0
29793,39252,2024-11-26,12.0
29794,39252,2024-12-26,12.0
29795,39253,2024-11-21,12.0
29796,39253,2024-12-21,12.0
29797,39259,2024-08-22,12.0
29798,39259,2024-09-21,12.0
29799,39259,2024-10-21,12.0
29800,39259,2024-11-20,12.0
29801,39259,2024-12-20,12.0
29802,39260,2025-01-02,12.0
29803,39261,2024-09-27,12.0
29804,39262,2024-02-21,12.0
29805,39262,2024-03-22,12.0
29806,39262,2024-04-21,12.0
29807,39262,2024-05-21,12.0
29808,39262,2024-06-20,12.0
29809,39262,2024-07-20,12.0
29810,39262,2024-08-19,12.0
29811,39262,2024-09-18,12.0
29812,39262,2024-10-18,12.0
29813,39262,2024-11-17,12.0
29814,39262,2024-12-17,12.0
29815,39263,2024-12-22,12.0
29816,39266,2024-10-24,24.0
29817,39266,2024-11-23,24.0
29818,39266,2024-12-23,24.0
29819,39271,2024-09-18,12.0
29820,39273,2024-02-26,12.0
29821,39273,2024-03-27,12.0
29822,39273,2024-04-26,12.0
29823,39273,2024-05-26,12.0
29824,39273,2024-06-25,12.0
29825,39273,2024-07-25,12.0
29826,39273,2024-08-24,12.0
29827,39273,2024-09-23,12.0
29828,39273,2024-10-23,12.0
29829,39273,2024-11-22,12.0
29830,39273,2024-12-22,12.0
29831,39276,2024-06-30,12.0
29832,39276,2024-07-30,12.0
29833,39276,2024-08-29,12.0
29834,39276,2024-09-28,12.0
29835,39276,2024-10-28,12.0
29836,39276,2024-11-27,12.0
29837,39276,2024-12-27,12.0
29838,39277,2024-07-30,12.0
29839,39277,2024-08-29,12.0
29840,39277,2024-09-28,12.0
29841,39277,2024-10-28,12.0
29842,39277,2024-11-27,12.0
29843,39277,2024-12-27,12.0
29844,39283,2024-01-31,24.0
29845,39283,2024-03-01,24.0
29846,39283,2024-03-31,24.0
29847,39283,2024-04-30,24.0
29848,39283,2024-05-30,24.0
29849,39283,2024-06-29,24.0
29850,39283,2024-07-29,24.0
29851,39283,2024-08-28,24.0
29852,39283,2024-09-27,24.0
29853,39283,2024-10-27,24.0
29854,39283,2024-11-26,24.0
29855,39283,2024-12-26,24.0
29856,39287,2024-02-25,12.0
29857,39291,2024-12-12,12.0
29858,39298,2025-01-13,12.0
29859,39302,2024-12-09,12.0
29860,39304,2024-05-02,24.0
29861,39304,2024-06-01,24.0
29862,39304,2024-07-01,24.0
29863,39304,2024-07-31,24.0
29864,39304,2024-08-30,24.0
29865,39304,2024-09-29,24.0
29866,39304,2024-10-29,24.0
29867,39304,2024-11-28,24.0
29868,39304,2024-12-28,24.0
29869,39305,2024-04-03,12.0
29870,39305,2024-05-03,12.0
29871,39305,2024-06-02,12.0
29872,39305,2024-07-02,12.0
29873,39305,2024-08-01,12.0
29874,39305,2024-08-31,12.0
29875,39305,2024-09-30,12.0
29876,39305,2024-10-30,12.0
29877,39305,2024-11-29,12.0
29878,39305,2024-12-29,12.0
29879,39311,2024-09-09,12.0
29880,39328,2024-10-16,12.0
29881,39328,2024-11-15,12.0
29882,39328,2024-12-15,12.0
29883,39329,2024-07-07,12.0
29884,39329,2024-08-06,12.0
29885,39329,2024-09-05,12.0
29886,39329,2024-10-05,12.0
29887,39329,2024-11-04,12.0
29888,39329,2024-12-04,12.0
29889,39335,2024-05-02,12.0
29890,39335,2024-06-01,12.0
29891,39335,2024-07-01,12.0
29892,39335,2024-07-31,12.0
29893,39335,2024-08-30,12.0
29894,39335,2024-09-29,12.0
29895,39335,2024-10-29,12.0
29896,39335,2024-11-28,12.0
29897,39335,2024-12-28,12.0
29898,39338,2024-10-21,24.0
29899,39338,2024-11-20,24.0
29900,39338,2024-12-20,24.0
29901,39341,2024-03-26,12.0
29902,39341,2024-04-25,12.0
29903,39341,2024-05-25,12.0
29904,39341,2024-06-24,12.0
29905,39341,2024-07-24,12.0
29906,39341,2024-08-23,12.0
29907,39341,2024-09-22,12.0
29908,39341,2024-10-22,12.0
29909,39341,2024-11-21,12.0
29910,39341,2024-12-21,12.0
29911,39346,2024-01-27,12.0
29912,39346,2024-02-26,12.0
29913,39346,2024-03-27,12.0
29914,39346,2024-04-26,12.0
29915,39346,2024-05-26,12.0
29916,39346,2024-06-25,12.0
29917,39346,2024-07-25,12.0
29918,39346,2024-08-24,12.0
29919,39346,2024-09-23,12.0
29920,39346,2024-10-23,12.0
29921,39346,2024-11-22,12.0
29922,39346,2024-12-22,12.0
29923,39347,2024-09-20,24.0
29924,39347,2024-10-20,24.0
29925,39347,2024-11-19,24.0
29926,39347,2024-12-19,24.0
29927,39355,2024-12-21,12.0
29928,39356,2024-10-31,12.0
29929,39356,2024-11-30,12.0
29930,39356,2024-12-30,12.0
29931,39358,2025-01-08,24.0
29932,39381,2024-10-31,12.0
29933,39381,2024-11-30,12.0
29934,39381,2024-12-30,12.0
29935,39387,2024-03-19,24.0
29936,39387,2024-04-18,24.0
29937,39387,2024-05-18,24.0
29938,39387,2024-06-17,24.0
29939,39387,2024-07-17,24.0
29940,39387,2024-08-16,24.0
29941,39387,2024-09-15,24.0
29942,39387,2024-10-15,24.0
29943,39387,2024-11-14,24.0
29944,39387,2024-12-14,24.0
29945,39392,2024-03-07,12.0
29946,39395,2024-06-27,12.0
29947,39402,2024-12-31,12.0
29948,39407,2024-05-03,12.0
29949,39407,2024-06-02,12.0
29950,39407,2024-07-02,12.0
29951,39407,2024-08-01,12.0
29952,39407,2024-08-31,12.0
29953,39407,2024-09-30,12.0
29954,39407,2024-10-30,12.0
29955,39407,2024-11-29,12.0
29956,39407,2024-12-29,12.0
29957,39410,2024-09-24,24.0
29958,39410,2024-10-24,24.0
29959,39410,2024-11-23,24.0
29960,39410,2024-12-23,24.0
29961,39418,2024-11-19,12.0
29962,39422,2024-04-25,12.0
29963,39422,2024-05-25,12.0
29964,39422,2024-06-24,12.0
29965,39422,2024-07-24,12.0
29966,39422,2024-08-23,12.0
29967,39422,2024-09-22,12.0
29968,39422,2024-10-22,12.0
29969,39422,2024-11-21,12.0
29970,39422,2024-12-21,12.0
29971,39423,2024-12-03,12.0
29972,39424,2024-11-22,12.0
29973,39433,2024-01-17,12.0
29974,39433,2024-02-16,12.0
29975,39433,2024-03-17,12.0
29976,39433,2024-04-16,12.0
29977,39433,2024-05-16,12.0
29978,39433,2024-06-15,12.0
29979,39433,2024-07-15,12.0
29980,39433,2024-08-14,12.0
29981,39433,2024-09-13,12.0
29982,39433,2024-10-13,12.0
29983,39433,2024-11-12,12.0
29984,39433,2024-12-12,12.0
29985,39435,2024-06-11,12.0
29986,39435,2024-07-11,12.0
29987,39435,2024-08-10,12.0
29988,39435,2024-09-09,12.0
29989,39435,2024-10-09,12.0
29990,39435,2024-11-08,12.0
29991,39435,2024-12-08,12.0
29992,39436,2024-07-05,12.0
29993,39436,2024-08-04,12.0
29994,39436,2024-09-03,12.0
29995,39436,2024-10-03,12.0
29996,39436,2024-11-02,12.0
29997,39436,2024-12-02,12.0
29998,39456,2024-08-02,24.0
29999,39456,2024-09-01,24.0
30000,39456,2024-10-01,24.0
30001,39456,2024-10-31,24.0
30002,39456,2024-11-30,24.0
30003,39456,2024-12-30,24.0
30004,39457,2024-07-20,12.0
30005,39457,2024-08-19,12.0
30006,39457,2024-09-18,12.0
30007,39457,2024-10-18,12.0
30008,39457,2024-11-17,12.0
30009,39457,2024-12-17,12.0
30010,39471,2024-06-10,12.0
30011,39471,2024-07-10,12.0
30012,39471,2024-08-09,12.0
30013,39471,2024-09-08,12.0
30014,39471,2024-10-08,12.0
30015,39471,2024-11-07,12.0
30016,39471,2024-12-07,12.0
30017,39472,2024-04-10,12.0
30018,39480,2024-05-26,12.0
30019,39480,2024-06-25,12.0
30020,39480,2024-07-25,12.0
30021,39480,2024-08-24,12.0
30022,39480,2024-09-23,12.0
30023,39480,2024-10-23,12.0
30024,39480,2024-11-22,12.0
30025,39480,2024-12-22,12.0
30026,39483,2024-11-06,12.0
30027,39483,2024-12-06,12.0
30028,39489,2024-11-21,12.0
30029,39501,2024-10-10,24.0
30030,39503,2024-09-13,12.0
30031,39503,2024-10-13,12.0
30032,39503,2024-11-12,12.0
30033,39503,2024-12-12,12.0
30034,39507,2024-10-11,12.0
30035,39507,2024-11-10,12.0
30036,39507,2024-12-10,12.0
30037,39508,2024-03-12,12.0
30038,39508,2024-04-11,12.0
30039,39508,2024-05-11,12.0
30040,39508,2024-06-10,12.0
30041,39508,2024-07-10,12.0
30042,39508,2024-08-09,12.0
30043,39508,2024-09-08,12.0
30044,39508,2024-10-08,12.0
30045,39508,2024-11-07,12.0
30046,39508,2024-12-07,12.0
30047,39509,2024-11-18,24.0
30048,39511,2025-01-04,12.0
30049,39513,2024-12-04,24.0
30050,39515,2024-03-02,24.0
30051,39515,2024-04-01,24.0
30052,39515,2024-05-01,24.0
30053,39515,2024-05-31,24.0
30054,39515,2024-06-30,24.0
30055,39515,2024-07-30,24.0
30056,39515,2024-08-29,24.0
30057,39515,2024-09-28,24.0
30058,39515,2024-10-28,24.0
30059,39515,2024-11-27,24.0
30060,39515,2024-12-27,24.0
30061,39519,2024-06-01,12.0
30062,39519,2024-07-01,12.0
30063,39519,2024-07-31,12.0
30064,39519,2024-08-30,12.0
30065,39519,2024-09-29,12.0
30066,39519,2024-10-29,12.0
30067,39519,2024-11-28,12.0
30068,39519,2024-12-28,12.0
30069,39520,2024-10-29,12.0
30070,39524,2024-09-26,24.0
30071,39524,2024-10-26,24.0
30072,39524,2024-11-25,24.0
30073,39524,2024-12-25,24.0
30074,39530,2024-03-31,24.0
30075,39530,2024-04-30,24.0
30076,39530,2024-05-30,24.0
30077,39530,2024-06-29,24.0
30078,39530,2024-07-29,24.0
30079,39530,2024-08-28,24.0
30080,39530,2024-09-27,24.0
30081,39530,2024-10-27,24.0
30082,39530,2024-11-26,24.0
30083,39530,2024-12-26,24.0
30084,39533,2024-12-13,12.0
30085,39534,2025-01-03,12.0
30086,39539,2024-01-23,12.0
30087,39542,2024-01-18,24.0
30088,39543,2024-12-02,12.0
30089,39545,2024-05-24,12.0
30090,39545,2024-06-23,12.0
30091,39545,2024-07-23,12.0
30092,39545,2024-08-22,12.0
30093,39545,2024-09-21,12.0
30094,39545,2024-10-21,12.0
30095,39545,2024-11-20,12.0
30096,39545,2024-12-20,12.0
30097,39546,2024-01-24,12.0
30098,39546,2024-02-23,12.0
30099,39546,2024-03-24,12.0
30100,39546,2024-04-23,12.0
30101,39546,2024-05-23,12.0
30102,39546,2024-06-22,12.0
30103,39546,2024-07-22,12.0
30104,39546,2024-08-21,12.0
30105,39546,2024-09-20,12.0
30106,39546,2024-10-20,12.0
30107,39546,2024-11-19,12.0
30108,39546,2024-12-19,12.0
30109,39549,2024-04-22,24.0
30110,39559,2024-07-13,24.0
30111,39559,2024-08-12,24.0
30112,39559,2024-09-11,24.0
30113,39559,2024-10-11,24.0
30114,39559,2024-11-10,24.0
30115,39559,2024-12-10,24.0
30116,39562,2024-04-18,12.0
30117,39562,2024-05-18,12.0
30118,39562,2024-06-17,12.0
30119,39562,2024-07-17,12.0
30120,39562,2024-08-16,12.0
30121,39562,2024-09-15,12.0
30122,39562,2024-10-15,12.0
30123,39562,2024-11-14,12.0
30124,39562,2024-12-14,12.0
30125,39586,2024-10-26,12.0
30126,39586,2024-11-25,12.0
30127,39586,2024-12-25,12.0
30128,39587,2024-10-20,12.0
30129,39591,2024-10-26,24.0
30130,39591,2024-11-25,24.0
30131,39591,2024-12-25,24.0
30132,39592,2024-03-10,24.0
30133,39600,2024-08-13,12.0
30134,39602,2024-08-06,12.0
30135,39605,2024-05-20,24.0
30136,39605,2024-06-19,24.0
30137,39605,2024-07-19,24.0
30138,39605,2024-08-18,24.0
30139,39605,2024-09-17,24.0
30140,39605,2024-10-17,24.0
30141,39605,2024-11-16,24.0
30142,39605,2024-12-16,24.0
30143,39608,2025-01-07,24.0
30144,39610,2024-01-17,12.0
30145,39610,2024-02-16,12.0
30146,39610,2024-03-17,12.0
30147,39610,2024-04-16,12.0
30148,39610,2024-05-16,12.0
30149,39610,2024-06-15,12.0
30150,39610,2024-07-15,12.0
30151,39610,2024-08-14,12.0
30152,39610,2024-09-13,12.0
30153,39610,2024-10-13,12.0
30154,39610,2024-11-12,12.0
30155,39610,2024-12-12,12.0
30156,39612,2024-04-22,12.0
30157,39612,2024-05-22,12.0
30158,39612,2024-06-21,12.0
30159,39612,2024-07-21,12.0
30160,39612,2024-08-20,12.0
30161,39612,2024-09-19,12.0
30162,39612,2024-10-19,12.0
30163,39612,2024-11-18,12.0
30164,39612,2024-12-18,12.0
30165,39614,2024-02-05,24.0
30166,39615,2024-10-25,12.0
30167,39615,2024-11-24,12.0
30168,39615,2024-12-24,12.0
30169,39621,2024-10-13,24.0
30170,39631,2024-05-12,12.0
30171,39631,2024-06-11,12.0
30172,39631,2024-07-11,12.0
30173,39631,2024-08-10,12.0
30174,39631,2024-09-09,12.0
30175,39631,2024-10-09,12.0
30176,39631,2024-11-08,12.0
30177,39631,2024-12-08,12.0
30178,39642,2024-02-22,12.0
30179,39644,2024-11-14,24.0
30180,39646,2025-01-12,12.0
30181,39647,2024-09-17,12.0
30182,39655,2024-08-24,12.0
30183,39655,2024-09-23,12.0
30184,39655,2024-10-23,12.0
30185,39655,2024-11-22,12.0
30186,39655,2024-12-22,12.0
30187,39660,2024-04-26,12.0
30188,39663,2024-06-19,12.0
30189,39666,2024-03-01,12.0
30190,39666,2024-03-31,12.0
30191,39666,2024-04-30,12.0
30192,39666,2024-05-30,12.0
30193,39666,2024-06-29,12.0
30194,39666,2024-07-29,12.0
30195,39666,2024-08-28,12.0
30196,39666,2024-09-27,12.0
30197,39666,2024-10-27,12.0
30198,39666,2024-11-26,12.0
30199,39666,2024-12-26,12.0
30200,39668,2024-03-05,24.0
30201,39668,2024-04-04,24.0
30202,39668,2024-05-04,24.0
30203,39668,2024-06-03,24.0
30204,39668,2024-07-03,24.0
30205,39668,2024-08-02,24.0
30206,39668,2024-09-01,24.0
30207,39668,2024-10-01,24.0
30208,39668,2024-10-31,24.0
30209,39668,2024-11-30,24.0
30210,39668,2024-12-30,24.0
30211,39673,2024-04-23,24.0
30212,39673,2024-05-23,24.0
30213,39673,2024-06-22,24.0
30214,39673,2024-07-22,24.0
30215,39673,2024-08-21,24.0
30216,39673,2024-09-20,24.0
30217,39673,2024-10-20,24.0
30218,39673,2024-11-19,24.0
30219,39673,2024-12-19,24.0
30220,39674,2024-08-09,24.0
30221,39674,2024-09-08,24.0
30222,39674,2024-10-08,24.0
30223,39674,2024-11-07,24.0
30224,39674,2024-12-07,24.0
30225,39675,2024-12-19,12.0
30226,39678,2024-12-24,12.0
30227,39683,2024-11-06,24.0
30228,39683,2024-12-06,24.0
30229,39693,2024-02-17,12.0
30230,39693,2024-03-18,12.0
30231,39693,2024-04-17,12.0
30232,39693,2024-05-17,12.0
30233,39693,2024-06-16,12.0
30234,39693,2024-07-16,12.0
30235,39693,2024-08-15,12.0
30236,39693,2024-09-14,12.0
30237,39693,2024-10-14,12.0
30238,39693,2024-11-13,12.0
30239,39693,2024-12-13,12.0
30240,39709,2024-06-16,24.0
30241,39713,2024-05-12,24.0
30242,39714,2024-12-03,12.0
30243,39716,2024-12-31,12.0
30244,39718,2024-08-14,12.0
30245,39720,2024-03-13,24.0
30246,39724,2024-10-11,12.0
30247,39724,2024-11-10,12.0
30248,39724,2024-12-10,12.0
30249,39727,2024-10-30,24.0
30250,39727,2024-11-29,24.0
30251,39727,2024-12-29,24.0
30252,39733,2024-11-14,12.0
30253,39734,2025-01-12,12.0
30254,39735,2024-03-24,12.0
30255,39735,2024-04-23,12.0
30256,39735,2024-05-23,12.0
30257,39735,2024-06-22,12.0
30258,39735,2024-07-22,12.0
30259,39735,2024-08-21,12.0
30260,39735,2024-09-20,12.0
30261,39735,2024-10-20,12.0
30262,39735,2024-11-19,12.0
30263,39735,2024-12-19,12.0
30264,39737,2024-12-03,12.0
30265,39748,2024-11-27,12.0
30266,39750,2024-12-31,12.0
30267,39751,2025-01-14,12.0
30268,39759,2024-08-13,24.0
30269,39759,2024-09-12,24.0
30270,39759,2024-10-12,24.0
30271,39759,2024-11-11,24.0
30272,39759,2024-12-11,24.0
30273,39764,2025-01-03,12.0
30274,39769,2024-09-05,24.0
30275,39775,2025-01-14,12.0
30276,39784,2024-03-12,12.0
30277,39815,2024-07-25,12.0
30278,39815,2024-08-24,12.0
30279,39815,2024-09-23,12.0
30280,39815,2024-10-23,12.0
30281,39815,2024-11-22,12.0
30282,39815,2024-12-22,12.0
30283,39818,2024-03-09,12.0
30284,39818,2024-04-08,12.0
30285,39818,2024-05-08,12.0
30286,39818,2024-06-07,12.0
30287,39818,2024-07-07,12.0
30288,39818,2024-08-06,12.0
30289,39818,2024-09-05,12.0
30290,39818,2024-10-05,12.0
30291,39818,2024-11-04,12.0
30292,39818,2024-12-04,12.0
30293,39822,2024-09-04,12.0
30294,39822,2024-10-04,12.0
30295,39822,2024-11-03,12.0
30296,39822,2024-12-03,12.0
30297,39827,2024-11-04,12.0
30298,39837,2024-03-17,24.0
30299,39837,2024-04-16,24.0
30300,39837,2024-05-16,24.0
30301,39837,2024-06-15,24.0
30302,39837,2024-07-15,24.0
30303,39837,2024-08-14,24.0
30304,39837,2024-09-13,24.0
30305,39837,2024-10-13,24.0
30306,39837,2024-11-12,24.0
30307,39837,2024-12-12,24.0
30308,39841,2024-08-15,24.0
30309,39841,2024-09-14,24.0
30310,39841,2024-10-14,24.0
30311,39841,2024-11-13,24.0
30312,39841,2024-12-13,24.0
30313,39848,2024-03-20,12.0
30314,39850,2024-04-29,24.0
30315,39860,2025-01-06,12.0
30316,39867,2024-12-11,12.0
30317,39873,2024-08-27,12.0
30318,39873,2024-09-26,12.0
30319,39873,2024-10-26,12.0
30320,39873,2024-11-25,12.0
30321,39873,2024-12-25,12.0
30322,39876,2024-09-20,12.0
30323,39876,2024-10-20,12.0
30324,39876,2024-11-19,12.0
30325,39876,2024-12-19,12.0
30326,39877,2024-08-25,12.0
30327,39877,2024-09-24,12.0
30328,39877,2024-10-24,12.0
30329,39877,2024-11-23,12.0
30330,39877,2024-12-23,12.0
30331,39881,2024-09-02,24.0
30332,39881,2024-10-02,24.0
30333,39881,2024-11-01,24.0
30334,39881,2024-12-01,24.0
30335,39881,2024-12-31,24.0
30336,39886,2024-09-19,12.0
30337,39888,2024-05-30,24.0
30338,39890,2024-03-13,12.0
30339,39890,2024-04-12,12.0
30340,39890,2024-05-12,12.0
30341,39890,2024-06-11,12.0
30342,39890,2024-07-11,12.0
30343,39890,2024-08-10,12.0
30344,39890,2024-09-09,12.0
30345,39890,2024-10-09,12.0
30346,39890,2024-11-08,12.0
30347,39890,2024-12-08,12.0
30348,39892,2024-12-12,12.0
30349,39897,2024-10-11,12.0
30350,39897,2024-11-10,12.0
30351,39897,2024-12-10,12.0
30352,39901,2024-06-04,12.0
30353,39901,2024-07-04,12.0
30354,39901,2024-08-03,12.0
30355,39901,2024-09-02,12.0
30356,39901,2024-10-02,12.0
30357,39901,2024-11-01,12.0
30358,39901,2024-12-01,12.0
30359,39901,2024-12-31,12.0
30360,39916,2024-06-15,12.0
30361,39921,2024-11-23,24.0
30362,39921,2024-12-23,24.0
30363,39927,2024-11-14,12.0
30364,39927,2024-12-14,12.0
30365,39931,2024-06-21,24.0
30366,39931,2024-07-21,24.0
30367,39931,2024-08-20,24.0
30368,39931,2024-09-19,24.0
30369,39931,2024-10-19,24.0
30370,39931,2024-11-18,24.0
30371,39931,2024-12-18,24.0
30372,39934,2024-04-23,12.0
30373,39934,2024-05-23,12.0
30374,39934,2024-06-22,12.0
30375,39934,2024-07-22,12.0
30376,39934,2024-08-21,12.0
30377,39934,2024-09-20,12.0
30378,39934,2024-10-20,12.0
30379,39934,2024-11-19,12.0
30380,39934,2024-12-19,12.0
30381,39940,2024-03-11,24.0
30382,39946,2024-03-20,12.0
30383,39947,2024-10-17,24.0
30384,39947,2024-11-16,24.0
30385,39947,2024-12-16,24.0
30386,39950,2024-07-11,12.0
30387,39950,2024-08-10,12.0
30388,39950,2024-09-09,12.0
30389,39950,2024-10-09,12.0
30390,39950,2024-11-08,12.0
30391,39950,2024-12-08,12.0
30392,39953,2024-10-23,12.0
30393,39955,2025-01-09,12.0
30394,39961,2024-10-21,24.0
30395,39961,2024-11-20,24.0
30396,39961,2024-12-20,24.0
30397,39965,2024-04-26,24.0
30398,39965,2024-05-26,24.0
30399,39965,2024-06-25,24.0
30400,39965,2024-07-25,24.0
30401,39965,2024-08-24,24.0
30402,39965,2024-09-23,24.0
30403,39965,2024-10-23,24.0
30404,39965,2024-11-22,24.0
30405,39965,2024-12-22,24.0
30406,39973,2024-07-11,12.0
30407,39977,2024-07-26,12.0
30408,39977,2024-08-25,12.0
30409,39977,2024-09-24,12.0
30410,39977,2024-10-24,12.0
30411,39977,2024-11-23,12.0
30412,39977,2024-12-23,12.0
30413,39978,2024-05-05,12.0
30414,39978,2024-06-04,12.0
30415,39978,2024-07-04,12.0
30416,39978,2024-08-03,12.0
30417,39978,2024-09-02,12.0
30418,39978,2024-10-02,12.0
30419,39978,2024-11-01,12.0
30420,39978,2024-12-01,12.0
30421,39978,2024-12-31,12.0
30422,39979,2024-10-25,12.0
30423,39983,2024-08-19,12.0
30424,39983,2024-09-18,12.0
30425,39983,2024-10-18,12.0
30426,39983,2024-11-17,12.0
30427,39983,2024-12-17,12.0
30428,39998,2024-11-11,24.0
30429,39998,2024-12-11,24.0
